Employee_ID,First_Name,Last_Name,Gender,Age,Marital_Status,Department,Job_Role,Employment_Type,Work_Mode,Education_Level,Years_of_Experience,Hire_Date,Salary_INR,Bonus_Percentage,Performance_Rating,Training_Hours,Projects_Handled,Overtime_Hours,Leaves_Taken,Employee_Satisfaction_Score,Manager_Name,City,State,Country,Attrition_Status,Last_Promotion_Year,Work_Life_Balance,Monthly_Working_Hours,Attendance_Percentage
EMP00001,Himmat,Korpal,Female,39,Married,Operations,Operations Executive,Part-Time,Remote,Master's,17,2015-04-13,454248,24.14,4,5,5,28,18,3.0,Devansh Kalita,Delhi,West Bengal,India,Active,2023,3,217,81.61
EMP00002,Divit,Varghese,Male,56,Single,Human Resources,Talent Acquisition Specialist,Contract,Onsite,Master's,30,2020-02-25,441313,8.27,3,39,6,23,5,3.1,Oorja Sahni,Kolkata,Telangana,India,Resigned,2018,2,144,95.13
EMP00003,Lagan,Zacharia,Male,35,Single,Marketing,SEO Specialist,Contract,Hybrid,Bachelor's,14,2015-09-29,423206,12.7,2,11,8,8,16,3.8,Trisha Lalla,Guwahati,Tamil Nadu,India,Resigned,2018,1,227,97.12
EMP00004,Kabir,Chana,Female,43,Married,Customer Support,Team Lead,Full-Time,Remote,MBA,18,2023-08-15,696038,22.57,4,5,15,34,24,4.5,Eshani Lala,Chennai,Delhi,India,Active,2021,5,150,77.14
EMP00005,Bhavin,Saraf,Male,56,Single,Marketing,Marketing Analyst,Full-Time,Remote,Bachelor's,35,2023-07-13,718029,9.58,3,48,4,28,3,4.7,Lavanya Raman,Hyderabad,Maharashtra,India,Active,2022,4,167,88.48
EMP00006,Inaaya ,Batra,Male,52,Married,Operations,Operations Manager,Part-Time,Remote,Bachelor's,28,2017-09-22,1563587,13.86,4,22,4,15,6,4.6,Nishith Tata,Delhi,Maharashtra,India,Active,2019,2,161,85.16
EMP00007,Bhavin,Dixit,Male,47,Single,Marketing,Marketing Analyst,Full-Time,Remote,Bachelor's,25,2024-09-11,765214,18.5,3,72,10,3,1,2.7,Alisha Chakraborty,Delhi,Tamil Nadu,India,Active,2018,5,150,85.48
EMP00008,Ryan,Chaudhry,Male,38,Married,IT,Data Engineer,Part-Time,Remote,Diploma,17,2025-06-25,919535,21.67,2,49,5,13,16,4.1,Saanvi Gandhi,Mumbai,Telangana,India,Resigned,2019,2,173,77.89
EMP00009,Hrishita,Brar,Male,31,Single,Human Resources,Talent Acquisition Specialist,Full-Time,Onsite,Master's,6,2021-03-16,717105,15.91,4,59,8,10,23,4.5,Rasha Kapur,Bangalore,West Bengal,India,Active,2018,3,186,97.47
EMP00010,Kaira,Sahota,Male,44,Married,Customer Support,Customer Support Executive,Full-Time,Remote,Diploma,20,2025-01-29,424160,11.99,4,18,3,15,8,4.5,Ela Verma,Kolkata,Delhi,India,Active,2021,4,182,81.97
EMP00011,Jhanvi,Bansal,Male,54,Married,Human Resources,HR Manager,Part-Time,Remote,MBA,33,2018-12-09,1412526,17.46,1,60,5,36,6,4.0,Tara Balan,Delhi,Telangana,India,Resigned,2022,4,181,85.06
EMP00012,Vanya,Batra,Male,34,Married,Sales,Business Development Associate,Contract,Onsite,MBA,8,2016-06-05,637276,6.87,4,26,4,28,21,4.9,Pari Kata,Kolkata,Telangana,India,Resigned,2021,2,158,75.61
EMP00013,Darshit,Jayaraman,Female,26,Married,Finance,Accountant,Part-Time,Onsite,Diploma,4,2021-11-08,451940,21.61,4,63,15,35,7,3.6,Yuvraj  Sami,Bangalore,Telangana,India,Resigned,2025,3,236,81.18
EMP00014,Inaaya ,Karnik,Male,55,Single,Operations,Operations Manager,Part-Time,Hybrid,Bachelor's,31,2023-08-03,1527659,22.13,3,64,7,4,13,4.3,Divyansh Srinivasan,Pune,West Bengal,India,Active,2023,3,236,84.75
EMP00015,Trisha,Walia,Male,56,Married,Customer Support,Team Lead,Part-Time,Hybrid,Master's,34,2021-01-13,810322,14.09,3,64,11,1,2,3.0,Anahita Kashyap,Pune,Karnataka,India,Resigned,2022,1,200,75.48
EMP00016,Sara,Lalla,Male,44,Single,IT,Data Analyst,Part-Time,Remote,Bachelor's,19,2025-09-04,659784,23.58,4,26,5,29,22,3.7,Miraan Wali,Pune,West Bengal,India,Active,2019,5,228,95.76
EMP00017,Hridaan,Kannan,Female,41,Married,Finance,Financial Analyst,Part-Time,Onsite,MBA,16,2022-10-26,864069,11.45,4,39,12,27,5,2.7,Nitya Amble,Delhi,Karnataka,India,Resigned,2021,4,212,90.26
EMP00018,Anaya,Rastogi,Female,53,Married,Marketing,SEO Specialist,Full-Time,Remote,MBA,27,2015-04-28,662556,9.43,3,65,13,31,17,4.1,Nirvaan Salvi,Chennai,Telangana,India,Resigned,2025,5,207,83.59
EMP00019,Faiyaz,Vyas,Male,51,Single,Operations,Operations Manager,Part-Time,Remote,Bachelor's,28,2018-12-12,1559782,16.07,3,27,5,6,6,4.1,Anahita Khanna,Bangalore,Telangana,India,Resigned,2019,1,213,82.11
EMP00020,Ira,Bahl,Female,33,Married,Marketing,SEO Specialist,Part-Time,Onsite,Diploma,9,2018-10-27,378106,11.11,4,71,13,38,19,3.9,Baiju Shukla,Delhi,Assam,India,Active,2021,3,224,77.03
EMP00021,Mahika,Bahl,Male,26,Single,Finance,Financial Analyst,Full-Time,Hybrid,MBA,4,2021-03-10,972387,13.78,2,39,11,34,7,3.4,Sahil Grover,Chennai,Telangana,India,Resigned,2022,5,209,87.34
EMP00022,Mohanlal,Chaudhry,Male,49,Single,Human Resources,Talent Acquisition Specialist,Part-Time,Hybrid,Diploma,23,2015-06-13,531264,10.76,3,46,6,5,15,4.8,Samiha Rajan,Mumbai,West Bengal,India,Active,2023,3,181,77.9
EMP00023,Aarush,Virk,Male,54,Married,Customer Support,Team Lead,Contract,Remote,Diploma,28,2024-09-12,729699,6.86,4,35,11,7,0,5.0,Yuvraj  Jayaraman,Delhi,West Bengal,India,Active,2020,4,231,82.3
EMP00024,Myra,Tella,Female,52,Married,Operations,Operations Manager,Part-Time,Onsite,Diploma,28,2019-08-29,1660408,14.11,3,24,11,37,18,3.0,Prisha Dubey,Kolkata,Telangana,India,Active,2024,2,239,85.27
EMP00025,Shalv,Kakar,Female,46,Single,Sales,Business Development Associate,Part-Time,Onsite,Diploma,23,2020-04-21,659424,24.08,4,38,8,9,2,3.9,Jayant Bakshi,Guwahati,Assam,India,Active,2019,2,220,92.11
EMP00026,Jayant,Choudhary,Female,27,Single,Sales,Sales Executive,Part-Time,Onsite,Master's,6,2023-05-17,474446,9.64,3,27,13,36,21,3.9,Rati Sathe,Guwahati,Karnataka,India,Active,2025,3,226,88.66
EMP00027,Jhanvi,Divan,Female,44,Married,Human Resources,HR Manager,Full-Time,Onsite,MBA,19,2025-08-07,1369975,9.38,4,11,1,25,8,2.6,Kartik Sunder,Chennai,Telangana,India,Active,2019,1,179,94.72
EMP00028,Vaibhav,Swaminathan,Female,30,Married,Human Resources,Talent Acquisition Specialist,Full-Time,Hybrid,Bachelor's,4,2019-02-03,571294,10.29,4,33,3,29,2,2.4,Saksham Ben,Hyderabad,Telangana,India,Resigned,2024,3,153,91.87
EMP00029,Neysa,Sarin,Male,57,Married,Marketing,Marketing Analyst,Contract,Remote,Diploma,33,2021-12-12,614064,17.31,3,74,8,8,12,4.8,Baiju Shroff,Chennai,Maharashtra,India,Resigned,2021,4,196,98.76
EMP00030,Rania,Dash,Male,45,Single,Customer Support,Team Lead,Full-Time,Hybrid,Master's,20,2016-02-11,912506,20.77,4,13,13,15,4,3.8,Hridaan Bhagat,Chennai,Assam,India,Active,2020,5,172,94.96
EMP00031,Saanvi,Gokhale,Female,23,Married,Human Resources,Talent Acquisition Specialist,Contract,Remote,Bachelor's,0,2024-09-18,587822,24.97,3,10,9,6,14,4.5,Dhanuk Mahal,Pune,Telangana,India,Active,2025,4,149,97.48
EMP00032,Gatik,Manne,Female,26,Married,Sales,Business Development Associate,Part-Time,Hybrid,Diploma,4,2016-08-30,663205,19.59,3,62,14,35,23,2.9,Kiara Ahuja,Hyderabad,Telangana,India,Resigned,2023,2,227,98.07
EMP00033,Rasha,Jhaveri,Female,27,Single,Human Resources,HR Executive,Full-Time,Hybrid,MBA,1,2024-04-29,398879,7.3,4,24,10,22,3,2.8,Abram Loke,Kolkata,Assam,India,Resigned,2018,5,224,95.74
EMP00034,Ivan,Varughese,Male,39,Single,Sales,Sales Executive,Full-Time,Remote,Bachelor's,14,2017-01-08,893830,18.48,4,77,6,19,23,2.8,Samar Sahota,Pune,West Bengal,India,Resigned,2024,3,167,93.87
EMP00035,Gatik,Kant,Female,29,Single,Human Resources,HR Manager,Contract,Onsite,MBA,7,2019-10-27,1411163,6.44,4,27,8,7,0,4.6,Manjari Shroff,Mumbai,West Bengal,India,Active,2025,1,180,89.39
EMP00036,Ritvik,Sathe,Male,48,Single,IT,IT Support,Part-Time,Hybrid,Master's,22,2022-12-16,574707,9.73,3,70,13,14,10,2.4,Azad Gopal,Kolkata,Delhi,India,Active,2019,2,238,90.7
EMP00037,Ahana ,Karnik,Male,50,Married,Marketing,Marketing Manager,Part-Time,Onsite,Bachelor's,29,2023-07-10,1363688,13.99,2,41,1,29,14,4.4,Ishaan Gulati,Kolkata,Karnataka,India,Resigned,2020,1,197,77.59
EMP00038,Kimaya,Bhalla,Male,27,Married,Customer Support,Team Lead,Part-Time,Hybrid,Master's,4,2023-01-04,855937,11.67,4,13,11,3,25,3.7,Jayan Buch,Bangalore,Karnataka,India,Resigned,2024,2,216,92.72
EMP00039,Mahika,Sinha,Male,46,Married,Human Resources,HR Manager,Contract,Remote,Diploma,20,2021-04-08,834001,8.09,4,74,2,18,25,2.5,Samaira Ranganathan,Bangalore,Telangana,India,Resigned,2018,4,186,91.91
EMP00040,Ritvik,Sandal,Male,40,Single,Finance,Accountant,Part-Time,Remote,Master's,17,2021-11-05,512250,10.46,3,66,14,38,4,4.7,Manikya Chandra,Bangalore,Assam,India,Resigned,2019,2,197,97.12
EMP00041,Manikya,Gera,Female,47,Single,Human Resources,HR Manager,Full-Time,Onsite,Diploma,26,2015-08-07,1092127,7.22,1,15,10,30,14,2.9,Farhan Mall,Chennai,Maharashtra,India,Active,2021,4,221,94.85
EMP00042,Mannat,Koshy,Male,53,Married,Marketing,Marketing Analyst,Part-Time,Remote,Diploma,28,2016-03-30,400820,24.62,4,69,9,4,16,2.8,Divij Sidhu,Mumbai,Karnataka,India,Active,2023,2,233,91.43
EMP00043,Dhruv,Mani,Female,43,Married,Human Resources,Talent Acquisition Specialist,Full-Time,Onsite,Master's,18,2023-03-31,584706,10.72,3,55,15,2,10,4.6,Keya Savant,Mumbai,Assam,India,Resigned,2022,1,187,85.92
EMP00044,Seher,Sha,Female,46,Married,Marketing,Marketing Manager,Part-Time,Remote,MBA,24,2019-12-07,982760,17.3,4,59,8,18,9,3.3,Rhea Kurian,Mumbai,Maharashtra,India,Resigned,2023,5,235,91.99
EMP00045,Ryan,Varughese,Male,50,Single,Human Resources,HR Executive,Contract,Remote,Diploma,28,2024-07-08,368244,15.35,3,40,7,33,11,4.7,Anvi Handa,Delhi,Karnataka,India,Resigned,2025,2,218,82.14
EMP00046,Hridaan,Kadakia,Female,30,Married,Marketing,Marketing Analyst,Part-Time,Onsite,Master's,9,2016-05-17,434046,17.24,2,68,13,7,6,2.3,Kashvi Bora,Chennai,West Bengal,India,Resigned,2024,4,213,76.84
EMP00047,Kimaya,Mani,Male,50,Married,Sales,Business Development Associate,Full-Time,Onsite,MBA,27,2015-10-31,752538,17.29,3,15,15,22,16,2.3,Adah Tripathi,Bangalore,Tamil Nadu,India,Active,2020,5,232,97.55
EMP00048,Sumer,Atwal,Female,23,Married,Sales,Business Development Associate,Part-Time,Remote,MBA,0,2015-06-18,568411,17.13,4,25,2,19,14,2.9,Arhaan Singh,Hyderabad,Telangana,India,Resigned,2024,2,237,84.26
EMP00049,Keya,Shroff,Male,37,Single,IT,Data Analyst,Part-Time,Onsite,Diploma,13,2018-07-31,938446,24.33,3,44,8,31,16,2.6,Mamooty Ranganathan,Hyderabad,Maharashtra,India,Active,2022,4,216,97.06
EMP00050,Seher,Krish,Male,56,Married,Operations,Operations Manager,Part-Time,Hybrid,MBA,34,2018-03-16,1102620,20.1,3,20,9,28,24,2.6,Pihu Mangat,Pune,Tamil Nadu,India,Active,2018,1,157,92.84
EMP00051,Amira,Chahal,Female,51,Single,Customer Support,Team Lead,Contract,Hybrid,MBA,26,2020-10-28,657176,24.34,4,58,6,1,11,4.3,Zara Kibe,Kolkata,Telangana,India,Active,2025,2,207,90.73
EMP00052,Hunar,Thaker,Female,37,Married,IT,IT Support,Full-Time,Hybrid,MBA,12,2016-08-28,620590,15.93,3,66,9,33,6,4.0,Anay Walia,Chennai,Tamil Nadu,India,Resigned,2021,2,175,88.95
EMP00053,Madhup,Suresh,Female,40,Married,Finance,Accountant,Contract,Hybrid,Master's,17,2023-08-25,516220,9.04,3,15,1,9,9,3.6,Krish Varma,Chennai,Delhi,India,Active,2021,2,146,91.75
EMP00054,Samiha,Varughese,Male,36,Single,IT,Software Engineer,Part-Time,Remote,Bachelor's,11,2022-02-26,1697614,24.94,4,34,2,3,24,3.2,Jayant Uppal,Guwahati,Delhi,India,Resigned,2018,1,178,89.2
EMP00055,Sumer,Rastogi,Female,51,Single,Human Resources,HR Manager,Part-Time,Onsite,Bachelor's,27,2018-03-11,1249787,8.7,3,56,13,36,21,2.4,Ritvik Sheth,Hyderabad,Delhi,India,Active,2022,4,170,86.17
EMP00056,Siya,Keer,Female,58,Married,Sales,Sales Manager,Contract,Onsite,Diploma,32,2018-05-21,1776004,20.15,3,63,3,14,7,4.4,Sumer Dora,Kolkata,Assam,India,Active,2019,5,197,88.2
EMP00057,Elakshi,Dhar,Female,58,Married,Sales,Sales Executive,Contract,Remote,Diploma,37,2025-04-15,862728,10.09,3,77,9,29,4,2.0,Ishita Ravel,Kolkata,Tamil Nadu,India,Active,2018,4,184,92.51
EMP00058,Jayant,Manne,Male,26,Married,IT,Data Analyst,Part-Time,Onsite,Diploma,5,2025-06-25,895833,15.64,2,33,9,34,12,4.5,Anvi Varughese,Kolkata,West Bengal,India,Resigned,2020,3,164,98.44
EMP00059,Zain,Chad,Female,48,Single,Operations,Operations Executive,Part-Time,Remote,Master's,25,2015-05-12,632989,13.27,5,78,14,18,7,2.8,Ishita Kari,Bangalore,Telangana,India,Resigned,2025,1,184,98.54
EMP00060,Anay,Ganguly,Male,55,Married,Operations,Operations Manager,Contract,Remote,Diploma,32,2023-10-24,1285517,21.94,2,36,9,26,17,2.3,Farhan Sridhar,Kolkata,Maharashtra,India,Resigned,2024,5,217,75.99
EMP00061,Saanvi,Batra,Female,57,Married,Human Resources,HR Executive,Part-Time,Remote,Diploma,34,2024-01-09,463779,20.23,4,44,9,24,14,3.0,Raunak Srinivas,Kolkata,Karnataka,India,Resigned,2024,1,212,96.6
EMP00062,Hridaan,Shetty,Male,38,Married,Operations,Operations Executive,Full-Time,Onsite,Bachelor's,16,2015-03-08,709056,15.48,4,50,3,31,14,4.5,Riya Sankar,Delhi,Assam,India,Active,2018,4,157,96.06
EMP00063,Hrishita,Soman,Male,31,Single,Finance,Financial Analyst,Full-Time,Remote,MBA,10,2022-12-06,978160,21.3,3,27,11,32,22,2.8,Myra Roy,Pune,Maharashtra,India,Resigned,2024,4,212,81.08
EMP00064,Vihaan,Chanda,Female,27,Single,Operations,Operations Executive,Full-Time,Onsite,MBA,3,2018-05-13,646671,22.99,5,77,4,2,7,3.7,Adira Raj,Mumbai,Delhi,India,Resigned,2018,2,215,78.6
EMP00065,Emir,Sangha,Male,26,Married,Customer Support,Team Lead,Part-Time,Hybrid,Master's,3,2025-06-01,621710,12.12,4,55,13,21,19,4.8,Aradhya Bansal,Pune,Delhi,India,Resigned,2019,5,177,94.95
EMP00066,Ela,Dhawan,Male,39,Married,Operations,Operations Executive,Contract,Remote,MBA,18,2015-12-03,403598,22.27,4,18,9,28,17,2.0,Baiju Choudhary,Pune,West Bengal,India,Active,2021,5,206,79.24
EMP00067,Taran,Saxena,Female,39,Married,Marketing,Marketing Analyst,Part-Time,Hybrid,MBA,15,2016-07-22,557156,13.61,2,5,2,12,14,4.5,Zeeshan Barad,Bangalore,Karnataka,India,Resigned,2021,4,180,79.44
EMP00068,Ishita,Mani,Female,53,Single,Marketing,SEO Specialist,Part-Time,Onsite,Master's,31,2018-04-08,636066,19.3,3,68,13,4,25,4.4,Abram Choudhary,Delhi,West Bengal,India,Resigned,2024,5,204,98.09
EMP00069,Ishita,Deep,Male,24,Married,Customer Support,Team Lead,Part-Time,Hybrid,Diploma,0,2021-02-04,894622,20.45,2,33,1,27,3,3.8,Riaan Konda,Bangalore,Karnataka,India,Active,2025,1,177,85.4
EMP00070,Aaryahi,Kar,Male,31,Single,Human Resources,HR Executive,Part-Time,Onsite,Diploma,6,2024-04-28,532624,24.17,3,36,13,6,21,2.7,Manikya Rattan,Pune,Telangana,India,Active,2020,4,190,75.73
EMP00071,Pranay,Loke,Female,49,Married,IT,Software Engineer,Part-Time,Onsite,Master's,28,2020-01-16,1383639,21.27,4,80,7,20,19,4.1,Jivin Goyal,Chennai,Tamil Nadu,India,Active,2020,3,155,80.96
EMP00072,Neelofar,Kashyap,Male,31,Single,Human Resources,HR Executive,Part-Time,Onsite,Diploma,7,2019-03-10,617819,13.18,5,6,1,28,19,3.5,Kashvi Iyengar,Guwahati,West Bengal,India,Active,2019,5,143,94.9
EMP00073,Aarav,Atwal,Male,39,Married,Finance,Accountant,Part-Time,Hybrid,Bachelor's,16,2015-05-14,589768,13.78,2,36,7,34,6,5.0,Zaina Chaudhary,Kolkata,Delhi,India,Resigned,2024,2,218,78.48
EMP00074,Dhanuk,Bhalla,Male,25,Married,Finance,Financial Analyst,Full-Time,Onsite,Diploma,3,2024-01-13,794739,14.79,4,21,3,17,20,3.7,Purab Kumar,Chennai,Telangana,India,Resigned,2024,4,149,90.84
EMP00075,Devansh,Dora,Female,54,Married,Customer Support,Customer Support Executive,Contract,Remote,Bachelor's,29,2019-07-09,361071,6.99,4,21,6,20,9,4.4,Alia Rajagopalan,Guwahati,Maharashtra,India,Active,2020,4,198,75.02
EMP00076,Tejas,Gade,Male,30,Single,Marketing,Marketing Analyst,Contract,Onsite,Diploma,9,2022-09-21,748393,5.19,1,66,2,5,22,4.1,Aradhya Wadhwa,Delhi,Assam,India,Resigned,2020,4,149,80.72
EMP00077,Dhruv,Tak,Male,28,Single,Human Resources,Talent Acquisition Specialist,Full-Time,Onsite,Diploma,7,2024-01-15,592708,12.03,3,32,11,26,19,3.3,Manjari Shetty,Bangalore,Delhi,India,Resigned,2019,2,210,90.02
EMP00078,Ryan,Chaudhry,Female,23,Single,Operations,Operations Manager,Part-Time,Remote,Bachelor's,0,2023-09-26,1422780,16.75,3,77,3,23,10,2.0,Armaan Gandhi,Kolkata,Maharashtra,India,Active,2024,5,176,90.71
EMP00079,Inaaya ,Chauhan,Female,47,Single,IT,IT Support,Part-Time,Onsite,Master's,26,2019-10-01,504855,7.39,2,60,4,15,1,4.1,Suhana Hegde,Mumbai,Delhi,India,Resigned,2023,5,206,94.57
EMP00080,Kimaya,Sankar,Male,45,Single,Operations,Operations Manager,Contract,Onsite,Bachelor's,20,2016-11-14,1335593,5.88,3,18,6,36,5,4.6,Ahana  Batra,Kolkata,Maharashtra,India,Resigned,2023,4,159,79.47
EMP00081,Armaan,Shukla,Female,48,Single,Customer Support,Customer Support Executive,Part-Time,Remote,MBA,23,2021-03-14,286137,16.28,3,16,14,18,24,2.9,Anay Cherian,Kolkata,West Bengal,India,Resigned,2025,2,233,97.51
EMP00082,Hridaan,Chokshi,Female,22,Married,Customer Support,Customer Support Executive,Contract,Remote,Bachelor's,0,2016-09-08,507964,15.11,5,71,1,17,2,3.9,Vaibhav Barman,Pune,Maharashtra,India,Active,2024,2,170,82.29
EMP00083,Parinaaz,Kothari,Male,47,Single,Customer Support,Team Lead,Full-Time,Onsite,MBA,24,2025-05-21,563300,21.53,3,64,4,22,24,4.1,Vritika Raju,Mumbai,Delhi,India,Resigned,2020,1,231,81.21
EMP00084,Inaaya ,Goda,Female,25,Single,Sales,Sales Manager,Full-Time,Remote,Master's,0,2020-10-04,1965919,23.05,4,15,11,25,11,3.3,Vanya Khatri,Bangalore,Maharashtra,India,Resigned,2019,1,199,76.27
EMP00085,Gokul,Rout,Female,47,Single,IT,IT Support,Contract,Onsite,Master's,25,2024-03-19,623473,17.62,2,54,1,35,15,4.4,Krish Mallick,Mumbai,West Bengal,India,Resigned,2025,5,240,87.12
EMP00086,Kiaan,Guha,Male,39,Single,IT,Data Engineer,Full-Time,Onsite,MBA,16,2019-05-10,1234757,21.12,4,54,4,3,24,4.1,Priyansh Dixit,Mumbai,Telangana,India,Resigned,2020,5,164,95.92
EMP00087,Nirvi,Bajwa,Female,41,Single,Customer Support,Team Lead,Part-Time,Onsite,Diploma,16,2021-01-29,531224,16.72,5,19,12,9,18,3.0,Yuvraj  Kothari,Hyderabad,Delhi,India,Active,2024,4,223,82.93
EMP00088,Emir,Deshmukh,Male,33,Single,Operations,Operations Manager,Contract,Onsite,MBA,10,2017-07-03,1470718,13.93,2,49,12,9,10,2.8,Gokul Sandal,Kolkata,Telangana,India,Active,2023,3,240,77.7
EMP00089,Raghav,Keer,Female,50,Single,Human Resources,HR Executive,Part-Time,Remote,Bachelor's,29,2019-04-30,570019,15.94,3,18,6,18,0,4.7,Sana Yogi,Delhi,Karnataka,India,Resigned,2018,4,223,79.12
EMP00090,Lakshit,Bhalla,Male,28,Single,Marketing,Marketing Analyst,Full-Time,Remote,MBA,6,2015-08-08,547599,24.54,2,66,7,23,0,3.4,Lagan Soman,Delhi,Karnataka,India,Resigned,2025,4,224,81.63
EMP00091,Kismat,Raj,Female,45,Married,Operations,Operations Manager,Contract,Remote,Diploma,21,2017-01-27,889870,10.98,3,12,10,26,24,3.2,Rati Gala,Mumbai,Tamil Nadu,India,Active,2019,4,162,98.73
EMP00092,Ehsaan,Kar,Male,34,Married,Finance,Financial Analyst,Full-Time,Remote,Bachelor's,10,2024-01-25,582175,23.5,4,71,12,0,25,3.7,Taran Das,Delhi,Assam,India,Resigned,2023,4,173,84.58
EMP00093,Jhanvi,Swamy,Male,52,Married,Marketing,Marketing Manager,Contract,Hybrid,MBA,30,2021-10-30,1624056,10.39,4,17,5,19,9,3.3,Madhav Vyas,Delhi,Delhi,India,Resigned,2021,4,234,87.11
EMP00094,Krish,Shetty,Male,25,Single,IT,Data Engineer,Full-Time,Hybrid,Diploma,1,2024-03-16,1020853,16.88,4,69,6,12,8,2.5,Trisha Chaudhuri,Guwahati,Tamil Nadu,India,Resigned,2023,2,173,93.72
EMP00095,Mehul,Gala,Female,23,Married,Operations,Operations Executive,Part-Time,Hybrid,Diploma,0,2018-03-13,598563,10.04,3,44,1,38,25,3.4,Khushi Kapur,Pune,Tamil Nadu,India,Active,2018,5,224,99.16
EMP00096,Samarth,Gala,Male,40,Married,Customer Support,Team Lead,Part-Time,Hybrid,Diploma,14,2021-04-18,971695,13.09,3,22,11,38,12,4.2,Drishya Aggarwal,Kolkata,Karnataka,India,Active,2025,3,204,82.5
EMP00097,Urvi,Sen,Male,57,Single,Finance,Finance Manager,Part-Time,Remote,Bachelor's,33,2024-10-30,1676909,22.35,3,20,10,23,8,3.1,Dharmajan Khatri,Chennai,West Bengal,India,Active,2020,2,165,83.57
EMP00098,Aarush,Agarwal,Male,42,Single,IT,IT Support,Contract,Remote,MBA,18,2016-08-09,556679,24.0,3,66,7,27,20,4.7,Veer Thakkar,Kolkata,Maharashtra,India,Active,2021,2,228,96.92
EMP00099,Himmat,Rao,Male,46,Single,Sales,Sales Executive,Contract,Remote,Master's,25,2016-02-25,347939,19.68,3,56,4,22,24,3.8,Ranbir Goel,Bangalore,Maharashtra,India,Resigned,2018,4,221,81.39
EMP00100,Saksham,Bawa,Male,25,Single,IT,Data Analyst,Part-Time,Remote,Bachelor's,1,2021-08-29,660565,14.95,4,22,10,33,8,3.8,Farhan Sandhu,Chennai,Assam,India,Active,2023,4,177,79.01
EMP00101,Eshani,Chahal,Female,35,Married,IT,IT Support,Contract,Hybrid,Diploma,14,2025-03-17,353105,19.77,2,27,1,16,14,2.3,Armaan Tata,Mumbai,Maharashtra,India,Active,2020,3,185,97.36
EMP00102,Samaira,Tank,Female,27,Single,IT,Data Engineer,Contract,Hybrid,MBA,1,2024-11-07,1249760,17.23,4,77,15,6,13,4.6,Gokul Ram,Bangalore,West Bengal,India,Resigned,2019,4,196,76.15
EMP00103,Vedika,Uppal,Female,22,Married,Sales,Business Development Associate,Full-Time,Remote,Diploma,0,2018-07-11,624256,11.41,4,25,1,39,1,3.0,Kismat Arya,Chennai,Maharashtra,India,Active,2024,4,170,76.97
EMP00104,Divyansh,Dara,Male,27,Single,Marketing,Marketing Manager,Part-Time,Hybrid,Diploma,4,2020-01-10,1484194,19.33,4,48,11,35,6,3.1,Dhanuk Rana,Guwahati,Maharashtra,India,Active,2021,1,183,83.88
EMP00105,Mehul,Bhardwaj,Female,55,Married,Operations,Operations Manager,Contract,Onsite,Master's,34,2021-02-21,1664607,24.28,1,80,7,6,24,2.0,Hazel Krishnan,Mumbai,Tamil Nadu,India,Resigned,2025,5,239,98.03
EMP00106,Ivan,Krishna,Female,33,Single,Finance,Finance Manager,Full-Time,Remote,MBA,7,2021-06-27,1535605,18.73,4,43,15,38,22,4.8,Veer Sule,Bangalore,Telangana,India,Active,2023,1,237,83.81
EMP00107,Madhav,Reddy,Male,48,Married,Marketing,Marketing Manager,Full-Time,Onsite,MBA,27,2021-05-26,1109612,18.86,1,62,9,13,24,2.1,Adah Dugar,Pune,West Bengal,India,Resigned,2023,5,146,75.32
EMP00108,Tara,Dua,Female,50,Single,Sales,Sales Executive,Part-Time,Hybrid,Master's,28,2021-12-16,873167,5.8,4,21,5,2,13,4.8,Yakshit Behl,Mumbai,Assam,India,Resigned,2025,5,210,83.95
EMP00109,Samaira,Brahmbhatt,Female,36,Married,Customer Support,Team Lead,Full-Time,Onsite,Master's,15,2020-11-22,998235,24.18,4,6,9,33,15,4.0,Manjari Sethi,Hyderabad,West Bengal,India,Active,2024,3,209,93.1
EMP00110,Nitara,Khanna,Male,45,Single,Human Resources,Talent Acquisition Specialist,Full-Time,Hybrid,MBA,19,2024-03-21,633600,5.76,4,60,9,6,6,2.2,Saira Mannan,Bangalore,Assam,India,Resigned,2019,5,169,97.77
EMP00111,Advika,Saxena,Male,47,Married,Marketing,SEO Specialist,Full-Time,Onsite,Master's,21,2020-01-22,657027,7.73,3,55,15,18,24,3.2,Parinaaz Dash,Chennai,Telangana,India,Active,2022,3,141,88.84
EMP00112,Aayush,Korpal,Female,24,Single,IT,Software Engineer,Part-Time,Onsite,Bachelor's,3,2016-05-19,2054616,10.01,4,77,3,12,3,2.6,Indrans Korpal,Guwahati,Karnataka,India,Resigned,2020,2,152,82.13
EMP00113,Vedika,Bakshi,Female,53,Married,Human Resources,HR Executive,Part-Time,Hybrid,Bachelor's,29,2018-07-25,586268,8.52,3,66,12,8,21,3.8,Kabir Sridhar,Chennai,Assam,India,Active,2021,3,233,97.16
EMP00114,Saira,De,Male,23,Single,Human Resources,Talent Acquisition Specialist,Contract,Remote,Diploma,2,2015-11-05,416354,8.18,3,69,2,32,16,3.7,Rohan Grewal,Bangalore,Telangana,India,Resigned,2023,1,168,94.04
EMP00115,Advik,Sinha,Male,45,Married,Finance,Financial Analyst,Part-Time,Remote,Diploma,22,2017-12-18,716818,12.06,3,53,10,37,17,4.6,Lakshay Dhawan,Guwahati,Assam,India,Resigned,2018,5,157,86.0
EMP00116,Ira,Lata,Male,39,Single,Finance,Financial Analyst,Contract,Remote,Bachelor's,17,2020-10-08,665001,8.33,2,80,1,1,7,4.8,Aarav Dhaliwal,Pune,Tamil Nadu,India,Active,2022,1,167,86.23
EMP00117,Lavanya,Raman,Male,36,Single,Marketing,SEO Specialist,Part-Time,Onsite,Bachelor's,14,2016-11-29,529658,22.56,5,58,14,12,16,3.6,Adah Sampath,Delhi,Maharashtra,India,Resigned,2020,5,209,95.69
EMP00118,Renee,Chakraborty,Male,48,Single,Customer Support,Team Lead,Part-Time,Onsite,Master's,23,2020-11-08,648513,18.76,3,5,5,34,13,2.9,Nayantara Dubey,Hyderabad,Maharashtra,India,Active,2024,5,172,81.53
EMP00119,Ahana ,Tella,Male,45,Married,IT,IT Support,Part-Time,Onsite,Bachelor's,24,2021-05-01,602855,8.21,3,25,4,7,23,4.9,Misha Madan,Mumbai,Assam,India,Active,2020,4,216,85.88
EMP00120,Zain,Bhavsar,Male,45,Single,Human Resources,HR Manager,Part-Time,Remote,Bachelor's,20,2017-06-27,1338613,24.51,4,34,10,2,25,2.3,Anvi Sathe,Chennai,Assam,India,Resigned,2023,4,191,89.65
EMP00121,Saira,Sarraf,Female,26,Married,IT,Data Analyst,Contract,Hybrid,Diploma,1,2023-04-07,923579,16.26,3,19,5,4,16,4.3,Aradhya Ben,Hyderabad,Assam,India,Resigned,2025,5,143,87.05
EMP00122,Hunar,Ramachandran,Male,36,Single,Sales,Sales Executive,Contract,Remote,MBA,12,2019-04-17,310195,9.14,4,29,12,17,5,2.6,Emir Acharya,Kolkata,Assam,India,Resigned,2020,1,155,98.0
EMP00123,Yuvraj ,Basak,Male,22,Married,Operations,Operations Manager,Full-Time,Onsite,Diploma,0,2021-11-19,856778,11.31,4,55,1,30,17,2.0,Yuvraj  Bava,Kolkata,West Bengal,India,Active,2023,3,218,96.55
EMP00124,Shray,Rajan,Male,37,Single,Finance,Finance Manager,Part-Time,Remote,Master's,15,2017-12-12,1092847,13.43,4,53,4,17,25,2.4,Lavanya Lall,Hyderabad,Assam,India,Resigned,2022,3,211,96.46
EMP00125,Charvi,Suri,Female,32,Married,Human Resources,HR Manager,Part-Time,Onsite,Diploma,10,2016-02-10,925933,20.49,4,73,10,12,18,3.3,Heer Kapadia,Delhi,West Bengal,India,Resigned,2025,2,161,91.01
EMP00126,Indrajit,Kadakia,Male,58,Married,Sales,Sales Manager,Contract,Onsite,Bachelor's,36,2022-01-29,1464541,9.21,3,7,7,33,14,3.2,Jayant Shetty,Delhi,Maharashtra,India,Resigned,2018,1,238,84.93
EMP00127,Aayush,Borra,Male,38,Married,Customer Support,Customer Support Executive,Contract,Onsite,Diploma,16,2016-03-01,420499,15.47,3,61,15,29,17,3.9,Nishith Sankaran,Chennai,Karnataka,India,Resigned,2021,1,196,82.7
EMP00128,Madhav,Atwal,Female,41,Single,Marketing,SEO Specialist,Full-Time,Onsite,Diploma,17,2016-09-29,607913,21.57,3,76,4,35,11,2.7,Arnav Sibal,Delhi,West Bengal,India,Active,2022,3,223,93.57
EMP00129,Elakshi,Sharma,Male,34,Single,Customer Support,Team Lead,Full-Time,Hybrid,Master's,12,2019-08-19,597484,11.84,4,6,3,18,8,2.9,Oorja Rege,Guwahati,Karnataka,India,Resigned,2018,3,150,96.09
EMP00130,Kartik,Dara,Male,47,Single,Finance,Financial Analyst,Contract,Onsite,Bachelor's,24,2017-12-27,690425,10.07,3,44,4,33,21,3.9,Tejas Sethi,Kolkata,Karnataka,India,Active,2021,1,170,90.82
EMP00131,Adah,Khalsa,Male,39,Married,Sales,Sales Executive,Contract,Onsite,MBA,15,2016-11-16,798357,21.11,4,21,9,9,22,3.3,Krish Roy,Kolkata,Maharashtra,India,Resigned,2023,2,172,97.47
EMP00132,Arnav,Dewan,Male,57,Single,Marketing,Marketing Manager,Contract,Hybrid,Master's,33,2019-11-28,1188698,11.41,1,69,8,34,11,2.2,Ryan Banik,Pune,Delhi,India,Resigned,2020,5,176,83.07
EMP00133,Nehmat,Chahal,Male,28,Married,Operations,Operations Manager,Full-Time,Hybrid,Bachelor's,7,2016-03-28,1313707,12.22,3,14,6,16,1,4.2,Jayesh Shanker,Pune,Assam,India,Resigned,2018,5,174,88.23
EMP00134,Purab,Keer,Male,41,Single,Operations,Operations Executive,Contract,Hybrid,MBA,20,2024-05-10,443794,18.15,4,59,6,40,18,3.6,Pihu Handa,Guwahati,Karnataka,India,Resigned,2023,3,192,94.1
EMP00135,Ela,Tara,Male,37,Single,Marketing,Marketing Manager,Full-Time,Hybrid,MBA,12,2018-08-17,900205,8.12,3,40,14,14,6,2.8,Jayan Sachdev,Kolkata,Delhi,India,Resigned,2022,1,213,84.99
EMP00136,Saksham,Vohra,Female,42,Single,Finance,Finance Manager,Part-Time,Onsite,Bachelor's,16,2015-11-13,1524145,11.39,4,6,11,14,23,3.7,Nitara Sabharwal,Hyderabad,Tamil Nadu,India,Active,2020,1,226,93.29
EMP00137,Nitya,Yogi,Female,58,Single,Marketing,SEO Specialist,Contract,Onsite,Master's,34,2023-06-11,393277,9.85,3,30,3,8,24,2.8,Neysa Deshmukh,Pune,Karnataka,India,Active,2019,4,194,84.13
EMP00138,Taimur,Ram,Female,23,Married,Finance,Accountant,Full-Time,Hybrid,Master's,0,2018-11-12,581845,19.8,3,19,1,9,9,2.6,Darshit Tella,Chennai,Tamil Nadu,India,Resigned,2020,1,188,89.58
EMP00139,Aarna,Bhavsar,Male,32,Single,Operations,Operations Executive,Full-Time,Onsite,Diploma,7,2017-11-12,360002,16.21,5,67,2,32,22,4.1,Parinaaz Mander,Mumbai,Delhi,India,Resigned,2023,4,190,93.61
EMP00140,Chirag,Grewal,Male,44,Single,Human Resources,HR Manager,Part-Time,Hybrid,MBA,20,2022-09-03,1355602,13.98,5,34,10,33,21,2.4,Anahita Korpal,Bangalore,Tamil Nadu,India,Active,2020,3,228,92.63
EMP00141,Vardaniya,Ganesan,Male,31,Single,IT,Software Engineer,Full-Time,Onsite,Bachelor's,6,2019-10-28,1368336,12.19,1,39,3,6,4,4.1,Faiyaz Chauhan,Guwahati,Delhi,India,Resigned,2023,2,189,87.29
EMP00142,Kanav,Gaba,Male,36,Single,Finance,Financial Analyst,Part-Time,Hybrid,Bachelor's,12,2017-03-02,782967,22.56,3,45,14,38,23,2.7,Renee Garde,Pune,Telangana,India,Active,2024,5,237,90.77
EMP00143,Jivika,Manda,Male,50,Married,Human Resources,HR Executive,Full-Time,Hybrid,MBA,25,2018-04-07,558687,18.83,1,63,8,26,10,4.7,Ahana  Upadhyay,Bangalore,Telangana,India,Active,2019,1,230,86.23
EMP00144,Vedika,Kapadia,Male,46,Single,Sales,Sales Executive,Full-Time,Remote,Bachelor's,20,2020-11-15,346038,17.45,5,41,13,19,23,2.8,Kiaan Magar,Guwahati,West Bengal,India,Resigned,2018,5,203,80.95
EMP00145,Ivan,Krishna,Male,48,Single,IT,IT Support,Full-Time,Hybrid,Master's,25,2020-02-02,377728,8.23,4,43,10,2,21,2.9,Vardaniya Chacko,Bangalore,West Bengal,India,Resigned,2018,1,238,82.48
EMP00146,Shaan,Apte,Female,26,Married,Sales,Sales Manager,Contract,Onsite,MBA,2,2024-03-13,1375497,23.54,4,41,8,33,2,3.8,Anaya Choudhary,Guwahati,Tamil Nadu,India,Resigned,2025,2,218,80.82
EMP00147,Nitara,Uppal,Female,29,Married,Sales,Sales Executive,Part-Time,Onsite,Bachelor's,8,2015-01-07,734773,21.64,4,5,9,19,9,2.6,Indrans Kala,Hyderabad,Telangana,India,Resigned,2025,1,222,78.39
EMP00148,Uthkarsh,Chaudry,Female,56,Single,Finance,Finance Manager,Contract,Remote,MBA,31,2020-03-01,1213884,19.11,4,26,11,21,12,2.9,Tarini Din,Mumbai,Karnataka,India,Resigned,2019,4,170,84.29
EMP00149,Prisha,Dhar,Male,55,Single,Customer Support,Team Lead,Contract,Remote,Diploma,30,2017-06-04,884010,12.75,2,17,6,19,24,4.6,Aayush Gade,Delhi,Maharashtra,India,Resigned,2018,5,151,83.33
EMP00150,Yakshit,Issac,Female,41,Married,Human Resources,HR Executive,Part-Time,Remote,MBA,16,2020-11-02,361786,16.48,4,31,9,0,19,2.5,Jiya Bawa,Chennai,Tamil Nadu,India,Resigned,2025,1,156,75.72
EMP00151,Kartik,Sharaf,Male,46,Single,Operations,Operations Executive,Full-Time,Onsite,MBA,22,2016-03-09,647685,23.26,4,64,5,6,14,3.2,Kismat De,Hyderabad,Assam,India,Resigned,2025,4,143,76.63
EMP00152,Keya,Devan,Male,51,Married,Human Resources,HR Manager,Full-Time,Onsite,Diploma,27,2020-05-14,995968,20.69,4,66,4,15,19,3.3,Drishya Ranganathan,Hyderabad,Tamil Nadu,India,Active,2020,1,234,98.27
EMP00153,Samar,Jayaraman,Male,51,Married,IT,IT Support,Contract,Hybrid,Diploma,25,2016-04-13,638160,17.31,4,23,11,37,24,3.3,Alisha Sani,Kolkata,Telangana,India,Resigned,2022,5,226,82.61
EMP00154,Saanvi,Shankar,Female,44,Married,Marketing,Marketing Manager,Part-Time,Hybrid,Master's,18,2025-04-06,955708,18.25,4,45,12,15,13,3.4,Drishya Bora,Kolkata,Tamil Nadu,India,Resigned,2023,4,159,82.21
EMP00155,Kismat,Madan,Male,22,Married,Customer Support,Customer Support Executive,Contract,Remote,Diploma,0,2016-07-04,344265,21.94,3,50,14,27,17,2.7,Mahika Chauhan,Chennai,West Bengal,India,Resigned,2018,1,212,87.08
EMP00156,Ira,Rajan,Female,52,Married,Sales,Sales Executive,Contract,Hybrid,MBA,31,2021-07-04,842060,13.42,5,73,1,19,19,4.9,Lavanya Sundaram,Chennai,Karnataka,India,Active,2018,5,235,82.6
EMP00157,Amira,Dewan,Male,52,Married,Customer Support,Team Lead,Part-Time,Remote,MBA,26,2015-09-09,949764,20.65,4,80,2,0,23,2.7,Divit Dara,Bangalore,Assam,India,Active,2023,1,158,89.89
EMP00158,Anya,Golla,Female,53,Married,Customer Support,Customer Support Executive,Part-Time,Hybrid,Master's,31,2024-05-23,493277,15.61,5,73,12,19,15,3.3,Vivaan Apte,Chennai,Assam,India,Resigned,2024,3,207,92.07
EMP00159,Nitara,Seshadri,Male,56,Married,Human Resources,HR Executive,Full-Time,Onsite,Bachelor's,35,2025-04-16,535507,18.71,1,6,9,11,10,3.1,Ishita Yogi,Chennai,Karnataka,India,Active,2018,1,219,77.3
EMP00160,Taran,Gupta,Female,29,Married,IT,Software Engineer,Part-Time,Remote,MBA,8,2025-08-29,1679276,24.11,4,40,3,20,8,2.8,Raunak Sehgal,Guwahati,Maharashtra,India,Resigned,2021,5,190,79.46
EMP00161,Kaira,Sane,Male,56,Married,Marketing,Marketing Analyst,Part-Time,Hybrid,Diploma,31,2016-08-12,438230,21.88,4,55,3,24,8,4.3,Jhanvi Wadhwa,Delhi,Tamil Nadu,India,Active,2018,4,228,95.45
EMP00162,Jayant,Sha,Female,56,Married,Marketing,Marketing Analyst,Full-Time,Onsite,Diploma,30,2021-05-12,847397,19.71,3,18,12,12,9,2.4,Yasmin Sani,Kolkata,Maharashtra,India,Active,2025,4,148,94.82
EMP00163,Aarush,Gola,Male,56,Single,Operations,Operations Manager,Contract,Onsite,Master's,32,2020-08-08,1577048,5.29,3,7,3,2,23,3.9,Hrishita Anne,Chennai,Assam,India,Active,2025,5,161,95.88
EMP00164,Taimur,Guha,Male,53,Married,Human Resources,HR Executive,Full-Time,Onsite,Bachelor's,28,2016-04-12,465643,7.67,3,52,13,17,4,4.4,Rati Banerjee,Pune,Assam,India,Active,2018,4,150,75.16
EMP00165,Nehmat,Tailor,Male,40,Single,Finance,Financial Analyst,Full-Time,Onsite,Bachelor's,15,2022-12-04,633056,17.38,3,5,5,40,25,4.6,Farhan Borra,Kolkata,West Bengal,India,Active,2022,1,164,77.82
EMP00166,Aradhya,Samra,Female,52,Married,Finance,Finance Manager,Part-Time,Remote,MBA,26,2024-06-18,1576185,9.6,2,35,9,1,15,2.3,Mamooty Reddy,Kolkata,Maharashtra,India,Active,2024,2,188,97.28
EMP00167,Diya,Chopra,Female,53,Single,Human Resources,HR Manager,Part-Time,Remote,MBA,29,2021-07-24,1157037,17.07,2,64,3,3,8,4.4,Samiha Dugar,Bangalore,Tamil Nadu,India,Active,2019,4,206,87.23
EMP00168,Badal,Bhatt,Female,51,Single,Finance,Finance Manager,Full-Time,Onsite,Bachelor's,27,2020-04-23,1159870,18.86,4,17,8,33,12,3.2,Madhav Dayal,Kolkata,Delhi,India,Resigned,2022,2,222,99.97
EMP00169,Jiya,Char,Male,41,Single,Human Resources,HR Manager,Contract,Hybrid,Bachelor's,15,2022-07-03,1437468,15.29,3,39,5,33,1,4.7,Adira Jayaraman,Hyderabad,Maharashtra,India,Active,2024,3,199,90.48
EMP00170,Sana,Raj,Male,57,Married,Sales,Sales Manager,Contract,Onsite,MBA,33,2016-12-18,1931694,14.04,3,62,2,17,1,3.1,Abram Thaman,Delhi,Delhi,India,Resigned,2019,1,190,97.45
EMP00171,Devansh,Garg,Female,32,Married,Sales,Sales Executive,Contract,Hybrid,MBA,7,2016-03-23,514178,14.72,2,34,4,1,9,4.0,Adah Bakshi,Guwahati,West Bengal,India,Resigned,2020,3,161,94.73
EMP00172,Heer,Kibe,Male,40,Married,Finance,Accountant,Part-Time,Remote,MBA,14,2019-03-04,589036,13.97,3,76,6,28,8,4.9,Charvi Dugal,Chennai,Maharashtra,India,Active,2024,4,238,78.63
EMP00173,Piya,Shanker,Female,22,Single,Marketing,SEO Specialist,Contract,Onsite,Master's,1,2016-10-01,581790,16.67,3,50,14,25,19,2.7,Kismat Rege,Chennai,Delhi,India,Active,2019,5,197,91.93
EMP00174,Vivaan,Srinivasan,Female,34,Single,Human Resources,Talent Acquisition Specialist,Contract,Hybrid,Diploma,10,2019-06-04,716235,7.79,5,58,12,5,6,3.8,Emir Saxena,Delhi,Delhi,India,Active,2022,4,207,99.67
EMP00175,Anahita,Shankar,Male,46,Single,Human Resources,Talent Acquisition Specialist,Full-Time,Hybrid,MBA,24,2023-06-25,614675,24.12,4,64,8,37,9,4.5,Anahi Hegde,Guwahati,Maharashtra,India,Resigned,2024,2,202,97.67
EMP00176,Dharmajan,Issac,Male,29,Married,Operations,Operations Executive,Full-Time,Remote,MBA,3,2015-04-27,618711,12.22,2,64,1,10,18,3.9,Nayantara Srinivasan,Hyderabad,Maharashtra,India,Resigned,2022,5,221,98.41
EMP00177,Advik,Deol,Male,33,Single,IT,Software Engineer,Contract,Remote,Master's,12,2023-08-06,1916445,20.9,5,25,6,31,13,3.7,Pihu Kuruvilla,Delhi,West Bengal,India,Resigned,2019,1,156,98.09
EMP00178,Dhruv,Kar,Female,45,Married,Marketing,SEO Specialist,Full-Time,Remote,Bachelor's,24,2018-06-30,412178,5.66,4,14,13,27,22,4.0,Mannat Bala,Mumbai,West Bengal,India,Active,2022,1,148,82.54
EMP00179,Mehul,Gokhale,Male,29,Single,Human Resources,HR Executive,Part-Time,Remote,Bachelor's,4,2023-10-10,457689,24.47,4,6,14,4,3,2.3,Divit Guha,Kolkata,Tamil Nadu,India,Resigned,2023,5,163,85.99
EMP00180,Samarth,Kapadia,Female,44,Married,Human Resources,HR Executive,Full-Time,Onsite,Diploma,20,2024-05-12,549027,10.81,2,41,8,5,10,4.6,Vardaniya Chand,Kolkata,Assam,India,Active,2025,3,162,75.32
EMP00181,Seher,Mahal,Female,28,Married,Operations,Operations Manager,Part-Time,Hybrid,Diploma,3,2022-07-15,1009991,24.75,3,79,8,27,23,3.5,Zeeshan Bose,Bangalore,Assam,India,Resigned,2019,1,172,87.23
EMP00182,Urvi,Lad,Female,30,Married,Finance,Finance Manager,Contract,Onsite,Bachelor's,5,2025-07-27,1422332,24.05,4,67,5,29,6,2.1,Rohan Kurian,Pune,Maharashtra,India,Resigned,2025,3,188,86.06
EMP00183,Mohanlal,Mani,Female,57,Married,Human Resources,HR Executive,Part-Time,Remote,Bachelor's,33,2016-12-25,508882,16.81,3,80,7,32,1,2.4,Reyansh Arya,Hyderabad,Karnataka,India,Active,2023,4,152,85.7
EMP00184,Tushar,Johal,Female,25,Married,Sales,Sales Manager,Contract,Hybrid,MBA,4,2018-12-09,937363,16.45,4,80,1,26,8,4.4,Tejas Varty,Delhi,Telangana,India,Active,2023,4,204,95.29
EMP00185,Kanav,Balakrishnan,Female,41,Married,Operations,Operations Manager,Full-Time,Hybrid,Bachelor's,16,2016-11-13,1578974,18.03,3,77,6,6,18,2.9,Indrans Mahajan,Chennai,West Bengal,India,Resigned,2021,4,191,81.28
EMP00186,Taran,Kari,Female,57,Married,IT,IT Support,Full-Time,Onsite,Master's,33,2022-07-13,527396,21.92,3,43,3,23,14,2.8,Badal Chawla,Chennai,Telangana,India,Active,2022,5,170,85.15
EMP00187,Kismat,Kari,Female,23,Single,Human Resources,HR Executive,Part-Time,Hybrid,Bachelor's,0,2017-02-25,478758,12.94,5,45,14,1,1,4.5,Pranay Chander,Bangalore,Delhi,India,Active,2019,5,225,95.72
EMP00188,Kavya,Kunda,Female,27,Married,Customer Support,Team Lead,Contract,Remote,MBA,4,2020-07-26,952408,22.59,3,19,9,3,15,4.8,Abram Konda,Hyderabad,West Bengal,India,Resigned,2022,1,222,99.17
EMP00189,Anaya,Bajwa,Female,25,Married,IT,Data Analyst,Full-Time,Hybrid,Bachelor's,0,2024-06-08,963892,21.46,5,61,14,19,6,4.8,Kavya Lata,Guwahati,Telangana,India,Resigned,2023,4,152,95.61
EMP00190,Misha,Gade,Female,26,Married,Operations,Operations Manager,Part-Time,Hybrid,Master's,1,2020-09-04,1009794,10.21,3,21,3,5,3,4.1,Nishith Sura,Hyderabad,Assam,India,Resigned,2021,1,193,84.19
EMP00191,Indranil,Singh,Female,58,Married,Marketing,SEO Specialist,Full-Time,Remote,Master's,34,2025-08-05,487249,8.81,2,72,10,23,5,4.6,Ivana Bassi,Chennai,Karnataka,India,Resigned,2024,2,195,96.41
EMP00192,Amira,Balasubramanian,Female,40,Married,IT,Software Engineer,Full-Time,Remote,Bachelor's,14,2024-03-29,1922436,6.04,4,54,7,20,22,4.8,Rania Gala,Guwahati,Karnataka,India,Active,2018,3,204,90.49
EMP00193,Urvi,Khanna,Female,45,Married,Sales,Sales Manager,Part-Time,Hybrid,MBA,19,2022-07-12,1856433,15.34,5,40,8,2,4,3.3,Anaya Bahri,Bangalore,Karnataka,India,Resigned,2020,5,224,90.92
EMP00194,Navya,Mani,Male,31,Married,Marketing,Marketing Analyst,Contract,Onsite,Master's,9,2017-02-12,460830,16.67,3,41,2,7,11,4.9,Khushi Atwal,Bangalore,West Bengal,India,Active,2021,4,226,77.36
EMP00195,Shamik,Dasgupta,Male,29,Single,Sales,Sales Executive,Contract,Hybrid,MBA,7,2018-03-10,330277,20.96,5,77,6,39,14,4.2,Aniruddh Chadha,Pune,Maharashtra,India,Resigned,2022,2,170,99.13
EMP00196,Shalv,Chokshi,Female,23,Married,Customer Support,Team Lead,Full-Time,Hybrid,MBA,0,2016-01-01,936235,17.28,3,54,8,32,6,3.3,Jayan Sahota,Pune,Maharashtra,India,Active,2023,4,226,80.61
EMP00197,Zaina,Agrawal,Male,53,Married,Operations,Operations Executive,Part-Time,Remote,Diploma,28,2025-06-09,791208,18.22,2,10,9,36,1,3.7,Jayant Kibe,Chennai,Karnataka,India,Resigned,2019,5,142,77.85
EMP00198,Renee,Saini,Male,33,Married,Operations,Operations Manager,Part-Time,Onsite,Diploma,12,2017-01-05,1433395,22.38,1,19,1,27,17,4.9,Himmat Mandal,Guwahati,Karnataka,India,Resigned,2024,3,151,78.13
EMP00199,Zara,Jayaraman,Male,23,Married,Human Resources,HR Executive,Contract,Remote,Master's,0,2016-04-03,448682,10.9,3,67,12,9,23,4.5,Nakul Das,Pune,Maharashtra,India,Resigned,2018,1,220,96.19
EMP00200,Jayesh,Bose,Female,53,Single,Marketing,SEO Specialist,Full-Time,Hybrid,Master's,29,2024-07-07,381826,14.38,3,49,2,26,15,3.3,Manjari Thaker,Kolkata,Tamil Nadu,India,Resigned,2025,2,177,93.07
EMP00201,Ryan,Sunder,Male,45,Single,Marketing,SEO Specialist,Contract,Remote,Bachelor's,19,2024-05-05,454587,11.75,5,50,6,3,0,2.3,Eshani Kade,Kolkata,Maharashtra,India,Active,2025,3,183,94.62
EMP00202,Advika,Sridhar,Female,57,Single,Customer Support,Customer Support Executive,Contract,Hybrid,Diploma,35,2023-08-21,303408,20.24,3,20,2,2,16,3.5,Mishti Lanka,Delhi,Delhi,India,Resigned,2023,2,155,96.21
EMP00203,Saira,Dey,Female,22,Single,Marketing,SEO Specialist,Part-Time,Remote,Bachelor's,0,2023-08-17,567584,19.35,3,57,7,8,25,3.6,Rasha Vala,Delhi,Maharashtra,India,Resigned,2023,4,238,79.11
EMP00204,Vihaan,Sangha,Female,24,Married,Human Resources,HR Manager,Full-Time,Hybrid,Bachelor's,0,2023-07-07,1302466,5.74,5,61,4,28,20,3.0,Tiya Korpal,Bangalore,Tamil Nadu,India,Resigned,2021,1,205,88.79
EMP00205,Misha,Raja,Female,32,Single,IT,Data Engineer,Contract,Onsite,Master's,8,2023-06-28,2214892,12.01,4,5,5,7,14,2.9,Oorja Sule,Bangalore,Telangana,India,Resigned,2021,1,181,87.91
EMP00206,Jivika,Rajagopal,Female,28,Married,Finance,Accountant,Full-Time,Remote,Master's,2,2020-02-04,392963,14.7,4,61,8,16,18,3.4,Fateh Dora,Delhi,Telangana,India,Active,2025,4,144,93.66
EMP00207,Aarna,Bhatia,Male,29,Married,IT,Data Engineer,Full-Time,Remote,MBA,7,2025-05-03,1516523,6.35,5,41,15,26,1,2.1,Farhan Guha,Guwahati,Tamil Nadu,India,Resigned,2025,3,240,84.43
EMP00208,Veer,Ramaswamy,Female,30,Single,Customer Support,Customer Support Executive,Contract,Onsite,Bachelor's,5,2023-07-18,533636,8.85,5,8,2,17,20,3.9,Ahana  Edwin,Mumbai,Tamil Nadu,India,Active,2025,5,142,78.01
EMP00209,Hridaan,Roy,Female,23,Single,IT,Software Engineer,Full-Time,Hybrid,Bachelor's,1,2025-10-16,1412940,8.08,5,74,2,16,2,4.9,Nirvaan Sharma,Bangalore,Maharashtra,India,Resigned,2020,1,231,76.46
EMP00210,Vidur,Jhaveri,Female,31,Single,Marketing,Marketing Analyst,Full-Time,Hybrid,Bachelor's,10,2018-08-03,713002,9.93,3,66,9,20,14,3.7,Purab Behl,Bangalore,Karnataka,India,Resigned,2025,1,221,87.51
EMP00211,Nitara,Sagar,Male,56,Single,Customer Support,Customer Support Executive,Contract,Onsite,Bachelor's,33,2019-03-10,381538,11.01,4,70,4,22,20,3.2,Shray Dar,Delhi,Assam,India,Active,2022,4,166,90.26
EMP00212,Myra,Andra,Male,43,Single,Customer Support,Team Lead,Contract,Remote,Diploma,19,2024-11-29,502243,18.44,5,67,9,11,13,3.1,Taimur Boase,Pune,Assam,India,Resigned,2024,2,238,95.3
EMP00213,Zain,Kumar,Female,45,Married,Human Resources,HR Executive,Full-Time,Onsite,Master's,24,2020-03-10,451182,18.2,5,55,4,13,0,3.7,Indranil Hegde,Bangalore,Maharashtra,India,Active,2019,2,173,98.34
EMP00214,Baiju,Wagle,Male,55,Single,Customer Support,Customer Support Executive,Full-Time,Hybrid,Diploma,32,2024-11-17,419344,15.65,4,68,11,17,3,2.9,Sara Tank,Pune,Delhi,India,Resigned,2019,5,143,99.76
EMP00215,Zain,Suresh,Female,26,Single,Finance,Finance Manager,Contract,Hybrid,Bachelor's,1,2019-10-02,965896,6.71,3,14,13,21,16,2.2,Jiya Dua,Mumbai,West Bengal,India,Resigned,2019,2,147,97.98
EMP00216,Armaan,Bakshi,Female,49,Single,Marketing,Marketing Analyst,Full-Time,Remote,Bachelor's,25,2018-05-19,450242,16.9,2,8,10,27,19,2.2,Taran Dixit,Kolkata,Tamil Nadu,India,Active,2022,3,193,87.03
EMP00217,Pranay,Ganguly,Male,37,Single,IT,IT Support,Part-Time,Hybrid,Master's,16,2017-01-31,377284,24.53,4,23,10,0,16,3.9,Ojas Das,Kolkata,Assam,India,Active,2023,2,225,86.89
EMP00218,Romil,Wali,Female,43,Single,Operations,Operations Manager,Part-Time,Remote,Bachelor's,17,2021-09-22,1041459,12.26,4,47,12,15,15,2.2,Elakshi Ravel,Mumbai,Tamil Nadu,India,Active,2020,3,196,79.86
EMP00219,Advik,Lata,Female,23,Married,IT,Data Engineer,Contract,Remote,Diploma,1,2015-06-29,1269261,22.57,3,63,15,7,10,2.2,Dhanush Wali,Bangalore,Delhi,India,Active,2021,5,188,92.36
EMP00220,Hunar,Sarin,Female,37,Married,Sales,Business Development Associate,Full-Time,Hybrid,MBA,14,2019-10-26,479589,15.51,4,70,3,39,2,3.4,Hrishita Suri,Guwahati,West Bengal,India,Resigned,2024,5,223,75.92
EMP00221,Oorja,Goda,Female,37,Married,Finance,Financial Analyst,Part-Time,Hybrid,Diploma,13,2020-01-26,945668,5.49,3,60,7,39,10,3.3,Nakul Rege,Chennai,Telangana,India,Active,2023,1,177,96.07
EMP00222,Nayantara,Tailor,Female,39,Single,IT,Data Analyst,Part-Time,Onsite,Master's,15,2023-10-24,817420,22.31,3,49,13,16,0,2.7,Madhav Seth,Kolkata,West Bengal,India,Active,2025,4,183,94.8
EMP00223,Pari,Thakur,Male,48,Married,Sales,Sales Executive,Contract,Onsite,Diploma,26,2019-10-23,445699,24.6,1,9,10,19,10,2.6,Aarush Kara,Pune,Maharashtra,India,Resigned,2021,4,153,83.22
EMP00224,Anahi,Chadha,Male,41,Single,Marketing,Marketing Manager,Full-Time,Onsite,Diploma,17,2025-01-12,1304639,14.57,3,57,1,23,16,2.2,Sahil Bal,Kolkata,Delhi,India,Active,2022,4,230,91.62
EMP00225,Jivin,Bakshi,Female,41,Married,Finance,Finance Manager,Contract,Remote,Diploma,18,2021-06-13,1111500,9.98,5,63,11,5,9,4.7,Amira Bandi,Pune,West Bengal,India,Resigned,2020,5,152,84.84
EMP00226,Taran,Dugar,Male,32,Married,Human Resources,HR Executive,Part-Time,Hybrid,Diploma,11,2024-12-06,493537,22.12,4,64,4,10,8,3.2,Suhana Sawhney,Mumbai,Karnataka,India,Active,2020,3,225,93.72
EMP00227,Fateh,Mand,Male,27,Single,Marketing,SEO Specialist,Contract,Onsite,Master's,5,2015-10-07,359471,13.84,3,50,5,0,21,2.1,Zaina Lall,Delhi,West Bengal,India,Resigned,2025,1,216,75.12
EMP00228,Advik,Chander,Male,34,Single,Customer Support,Team Lead,Contract,Hybrid,Diploma,8,2023-08-09,523075,7.42,3,76,14,32,3,2.6,Nehmat Mane,Hyderabad,Karnataka,India,Active,2018,4,223,82.91
EMP00229,Shalv,Lata,Male,36,Married,Marketing,Marketing Analyst,Full-Time,Onsite,MBA,10,2020-02-23,514588,24.56,5,54,6,6,19,4.0,Lakshit Chada,Delhi,Karnataka,India,Active,2025,4,205,91.01
EMP00230,Anahi,Rout,Female,22,Single,Finance,Finance Manager,Part-Time,Hybrid,Bachelor's,0,2021-08-03,1147879,15.42,5,61,10,15,23,4.9,Jiya Bhakta,Chennai,Assam,India,Active,2021,3,183,81.06
EMP00231,Vivaan,Dey,Female,37,Married,IT,Data Analyst,Part-Time,Remote,Master's,16,2025-03-02,701814,9.9,3,69,15,35,25,2.5,Elakshi Subramanian,Kolkata,Karnataka,India,Resigned,2025,2,174,96.56
EMP00232,Ehsaan,Deshmukh,Female,45,Single,Marketing,Marketing Analyst,Part-Time,Remote,Diploma,21,2025-08-31,481725,8.91,3,41,8,16,12,4.7,Dhanush Acharya,Mumbai,Maharashtra,India,Resigned,2025,4,193,98.51
EMP00233,Kavya,Raja,Female,53,Single,Operations,Operations Manager,Part-Time,Onsite,Bachelor's,31,2019-04-23,1543575,18.95,5,36,7,3,20,3.9,Abram Mall,Chennai,Tamil Nadu,India,Resigned,2020,3,171,90.05
EMP00234,Samarth,Biswas,Female,29,Single,Operations,Operations Executive,Part-Time,Onsite,Master's,8,2015-02-20,612483,23.6,5,16,15,26,24,3.2,Gokul Sanghvi,Chennai,Maharashtra,India,Active,2025,1,152,76.75
EMP00235,Emir,Doshi,Male,48,Single,Operations,Operations Manager,Full-Time,Hybrid,Bachelor's,22,2020-11-20,1010701,12.55,5,61,15,12,8,2.8,Miraan Bhakta,Hyderabad,Maharashtra,India,Active,2025,4,226,94.01
EMP00236,Piya,Ganesh,Female,22,Single,Human Resources,HR Executive,Full-Time,Hybrid,Diploma,0,2017-12-25,371946,19.5,3,12,7,23,21,4.7,Tanya Bhat,Bangalore,Maharashtra,India,Active,2022,2,187,86.3
EMP00237,Reyansh,Sarin,Female,48,Married,Operations,Operations Manager,Contract,Remote,Master's,22,2020-10-10,1575112,22.4,4,17,14,30,21,4.6,Abram Dubey,Mumbai,Delhi,India,Resigned,2019,3,226,99.91
EMP00238,Nirvi,Bir,Male,50,Single,Customer Support,Team Lead,Contract,Onsite,Diploma,24,2016-11-19,973247,6.81,3,65,12,17,7,4.1,Jhanvi Mann,Kolkata,Tamil Nadu,India,Active,2023,4,231,93.57
EMP00239,Azad,Reddy,Female,57,Married,Operations,Operations Manager,Contract,Remote,Master's,33,2022-05-02,1128594,7.13,4,54,10,19,1,2.0,Kartik Ray,Guwahati,Karnataka,India,Active,2022,2,203,92.0
EMP00240,Aarush,Balan,Male,31,Single,Finance,Finance Manager,Part-Time,Onsite,Diploma,5,2018-03-06,1622049,10.98,4,33,4,9,22,4.4,Emir Madan,Bangalore,Maharashtra,India,Resigned,2023,4,226,86.84
EMP00241,Divij,Ray,Male,26,Single,Sales,Sales Manager,Contract,Onsite,Bachelor's,4,2019-05-21,1625800,12.24,3,23,8,28,22,4.6,Aniruddh Salvi,Delhi,Telangana,India,Active,2024,4,226,96.04
EMP00242,Raghav,Deshpande,Female,52,Married,Human Resources,HR Executive,Full-Time,Remote,Bachelor's,29,2018-12-27,444179,6.65,5,53,8,5,24,3.5,Madhav Dasgupta,Kolkata,Maharashtra,India,Resigned,2022,1,215,79.53
EMP00243,Shalv,Dewan,Male,49,Single,Marketing,Marketing Manager,Contract,Hybrid,MBA,27,2022-11-18,1312925,7.46,3,20,13,7,24,2.4,Yasmin Grewal,Kolkata,Telangana,India,Active,2019,5,172,96.29
EMP00244,Zeeshan,Keer,Male,54,Single,Human Resources,HR Executive,Full-Time,Remote,Master's,28,2016-05-25,506540,7.83,4,31,10,33,11,4.6,Dharmajan Walia,Kolkata,Delhi,India,Active,2023,3,156,93.23
EMP00245,Trisha,Vyas,Male,38,Married,Marketing,Marketing Analyst,Part-Time,Hybrid,Bachelor's,14,2021-03-02,623002,24.28,4,25,11,36,21,2.7,Zaina Chana,Chennai,Maharashtra,India,Active,2024,1,182,91.0
EMP00246,Mohanlal,Sarna,Female,39,Married,Sales,Sales Manager,Full-Time,Hybrid,Diploma,17,2023-09-22,1594049,14.54,4,11,5,18,17,2.4,Jayan Aurora,Mumbai,Telangana,India,Active,2020,2,188,89.19
EMP00247,Arnav,Walla,Male,45,Single,Sales,Sales Executive,Full-Time,Onsite,Bachelor's,24,2025-04-19,760282,6.69,4,15,6,26,24,2.9,Zoya Trivedi,Guwahati,Assam,India,Active,2024,5,233,78.41
EMP00248,Rati,Vyas,Female,56,Single,Marketing,Marketing Manager,Part-Time,Hybrid,Diploma,31,2022-09-07,1156089,8.41,3,22,2,14,5,4.9,Zain Korpal,Hyderabad,Telangana,India,Active,2019,3,178,87.08
EMP00249,Samar,Srinivas,Female,58,Married,Sales,Sales Executive,Full-Time,Remote,Master's,37,2015-01-10,337150,13.21,3,6,3,22,23,4.7,Hansh Bhattacharyya,Mumbai,Delhi,India,Resigned,2021,4,190,84.36
EMP00250,Siya,Bhardwaj,Male,33,Married,Sales,Sales Manager,Contract,Hybrid,Bachelor's,7,2025-01-02,1139391,13.42,5,25,6,26,23,3.7,Ryan Bhavsar,Bangalore,Karnataka,India,Resigned,2024,2,154,98.94
EMP00251,Trisha,Date,Female,31,Single,Customer Support,Customer Support Executive,Contract,Hybrid,Master's,10,2016-05-31,474894,14.48,3,40,9,9,23,4.3,Saanvi Date,Delhi,Telangana,India,Active,2021,5,220,90.86
EMP00252,Pranay,Bhargava,Female,47,Married,Finance,Financial Analyst,Part-Time,Hybrid,Diploma,26,2016-06-25,653311,9.94,4,43,7,3,16,4.7,Amani Edwin,Bangalore,Maharashtra,India,Active,2018,3,167,82.13
EMP00253,Amira,Lala,Male,49,Single,Sales,Business Development Associate,Contract,Onsite,Bachelor's,28,2016-02-17,700721,5.82,3,54,5,15,20,4.9,Madhup Lanka,Kolkata,Delhi,India,Resigned,2019,1,209,90.48
EMP00254,Riya,Bhasin,Male,34,Married,Sales,Business Development Associate,Full-Time,Onsite,Bachelor's,8,2020-04-26,723084,20.89,3,40,1,32,25,4.1,Umang Sheth,Pune,West Bengal,India,Active,2020,4,236,87.73
EMP00255,Samiha,Sandal,Male,39,Married,IT,IT Support,Full-Time,Onsite,Master's,16,2019-06-30,440779,24.79,1,23,5,34,7,2.6,Sumer Barman,Delhi,Maharashtra,India,Resigned,2023,3,150,98.66
EMP00256,Keya,Ben,Male,30,Married,IT,Data Engineer,Part-Time,Remote,Diploma,6,2023-02-05,2026985,8.11,4,31,11,16,20,2.7,Prerak Kashyap,Pune,Karnataka,India,Active,2025,1,203,79.54
EMP00257,Miraan,Sabharwal,Male,58,Married,Finance,Financial Analyst,Part-Time,Remote,Bachelor's,33,2017-02-12,1179020,21.53,4,6,12,25,3,4.3,Aayush Barad,Mumbai,Delhi,India,Active,2019,3,158,98.46
EMP00258,Chirag,Bajwa,Female,22,Single,IT,Data Analyst,Contract,Hybrid,Master's,1,2023-11-20,671069,5.02,1,10,2,40,17,2.7,Nakul Virk,Kolkata,West Bengal,India,Resigned,2020,3,223,82.17
EMP00259,Arnav,Iyer,Female,29,Married,Operations,Operations Manager,Full-Time,Hybrid,Diploma,4,2022-09-13,1249449,18.23,3,43,7,11,21,4.8,Nirvaan Gera,Delhi,Assam,India,Active,2020,2,180,78.69
EMP00260,Tarini,Kanda,Female,52,Single,Marketing,Marketing Manager,Part-Time,Remote,Diploma,27,2023-12-08,1269737,15.54,4,73,7,15,12,4.3,Kiaan Barman,Kolkata,Telangana,India,Active,2021,3,140,80.08
EMP00261,Ira,Rege,Male,57,Single,Customer Support,Customer Support Executive,Contract,Onsite,Bachelor's,34,2019-01-24,311465,14.54,4,59,1,24,23,3.8,Indrans Madan,Bangalore,Maharashtra,India,Active,2023,2,150,81.13
EMP00262,Navya,Desai,Female,48,Married,Human Resources,Talent Acquisition Specialist,Contract,Hybrid,MBA,27,2024-04-27,646292,23.38,3,25,13,2,19,3.5,Devansh Kannan,Kolkata,West Bengal,India,Active,2022,1,206,84.44
EMP00263,Anvi,Cheema,Male,47,Married,Finance,Finance Manager,Full-Time,Onsite,Bachelor's,26,2017-05-17,1534475,6.31,3,47,2,6,3,3.8,Farhan Saxena,Chennai,Delhi,India,Active,2018,2,174,77.13
EMP00264,Sara,Kohli,Male,52,Married,IT,Data Analyst,Full-Time,Remote,Diploma,27,2021-04-28,909617,6.58,4,66,10,9,0,3.9,Mamooty Ray,Kolkata,Delhi,India,Active,2020,5,206,99.81
EMP00265,Siya,Bose,Female,30,Married,IT,Data Engineer,Full-Time,Hybrid,Master's,9,2020-01-07,2216570,6.36,5,68,13,35,25,3.7,Fateh Char,Hyderabad,Maharashtra,India,Active,2020,4,173,99.65
EMP00266,Neelofar,Dar,Male,30,Single,Sales,Sales Manager,Full-Time,Remote,MBA,4,2022-04-17,1657804,12.52,4,12,1,16,21,3.7,Aarna Shetty,Delhi,Delhi,India,Resigned,2025,1,184,86.65
EMP00267,Ivana,Sehgal,Male,27,Married,Operations,Operations Manager,Full-Time,Hybrid,Diploma,2,2016-03-22,1091897,24.57,4,45,3,9,15,2.6,Mannat Shah,Kolkata,Assam,India,Active,2024,3,172,90.89
EMP00268,Ehsaan,Warrior,Female,39,Married,Human Resources,HR Executive,Contract,Onsite,Diploma,13,2015-10-11,562372,21.46,4,25,9,30,15,3.7,Yuvraj  Raj,Kolkata,Maharashtra,India,Active,2023,3,141,78.76
EMP00269,Miraan,Lal,Male,42,Married,Marketing,Marketing Analyst,Part-Time,Remote,MBA,20,2020-08-07,836475,22.93,3,31,7,10,19,3.5,Rohan Bail,Delhi,Telangana,India,Resigned,2025,4,192,83.79
EMP00270,Lakshay,Malhotra,Female,43,Single,Customer Support,Team Lead,Contract,Hybrid,Bachelor's,22,2020-11-12,545938,18.35,4,57,1,5,20,4.6,Shlok Chawla,Kolkata,Delhi,India,Resigned,2024,1,165,96.41
EMP00271,Yuvaan,Gole,Female,51,Married,Human Resources,HR Manager,Full-Time,Onsite,Diploma,25,2025-11-07,1376184,9.84,3,71,13,1,4,4.9,Anvi Lad,Kolkata,Tamil Nadu,India,Resigned,2018,5,194,78.22
EMP00272,Divit,Sane,Male,33,Single,Operations,Operations Manager,Contract,Hybrid,Bachelor's,11,2023-03-02,1794784,19.85,1,80,7,5,0,2.4,Vivaan Apte,Guwahati,Telangana,India,Resigned,2020,2,223,97.45
EMP00273,Shlok,Agarwal,Male,37,Married,Sales,Sales Executive,Full-Time,Hybrid,Bachelor's,13,2021-01-02,450753,14.73,4,31,8,5,2,3.9,Jivin Chokshi,Kolkata,Telangana,India,Resigned,2024,3,221,97.71
EMP00274,Biju,Tripathi,Male,41,Single,Customer Support,Customer Support Executive,Part-Time,Remote,Master's,16,2017-01-06,383431,5.59,4,71,1,12,19,2.4,Dharmajan Shankar,Delhi,Telangana,India,Active,2022,3,201,79.98
EMP00275,Jivin,Chad,Male,57,Married,Human Resources,HR Manager,Part-Time,Remote,MBA,34,2022-12-10,1189730,12.48,3,39,15,31,13,3.9,Manjari Yadav,Delhi,West Bengal,India,Active,2018,5,172,89.67
EMP00276,Purab,Mannan,Female,55,Single,Sales,Business Development Associate,Contract,Remote,Diploma,31,2024-04-09,764657,10.67,4,32,1,20,22,2.6,Ivana Basu,Kolkata,Maharashtra,India,Resigned,2019,5,222,85.54
EMP00277,Urvi,Tara,Male,42,Single,Customer Support,Team Lead,Part-Time,Onsite,Bachelor's,18,2018-07-25,649441,6.39,3,21,15,36,0,2.3,Tanya Kothari,Pune,Telangana,India,Resigned,2022,3,236,83.65
EMP00278,Chirag,Bava,Male,42,Married,Human Resources,Talent Acquisition Specialist,Contract,Remote,Bachelor's,21,2023-09-08,424679,10.19,3,26,12,20,22,4.4,Rania Rastogi,Delhi,Maharashtra,India,Resigned,2019,3,182,92.2
EMP00279,Dharmajan,Rout,Male,32,Single,Customer Support,Team Lead,Contract,Remote,Bachelor's,9,2018-01-10,668774,24.44,4,15,5,14,2,2.2,Dhanush Lad,Mumbai,Telangana,India,Active,2025,4,164,87.19
EMP00280,Saira,Iyengar,Male,55,Single,Sales,Sales Executive,Part-Time,Remote,Bachelor's,29,2024-02-17,461479,9.81,4,78,3,17,13,4.7,Tarini Zachariah,Bangalore,Karnataka,India,Active,2025,5,197,83.8
EMP00281,Hiran,Sule,Female,44,Married,Human Resources,Talent Acquisition Specialist,Full-Time,Onsite,Bachelor's,19,2015-12-11,478968,17.93,4,72,3,12,12,4.9,Tejas Sarkar,Kolkata,Maharashtra,India,Active,2018,5,174,80.97
EMP00282,Darshit,Wali,Male,36,Single,IT,Data Analyst,Part-Time,Onsite,Bachelor's,10,2018-02-02,1167837,8.33,3,44,10,32,22,3.0,Sana Sura,Guwahati,Delhi,India,Active,2025,4,182,75.52
EMP00283,Jayant,Keer,Female,22,Married,Sales,Sales Executive,Contract,Hybrid,MBA,0,2016-11-30,795523,12.29,4,62,13,6,9,2.0,Damini Shroff,Hyderabad,Karnataka,India,Resigned,2025,1,174,92.14
EMP00284,Bhavin,Kant,Female,48,Married,Operations,Operations Executive,Part-Time,Hybrid,Master's,25,2016-08-28,678671,5.82,5,49,5,33,5,3.6,Samar Sibal,Hyderabad,Assam,India,Active,2024,4,212,99.2
EMP00285,Aradhya,Ramakrishnan,Female,29,Married,Customer Support,Team Lead,Full-Time,Hybrid,MBA,8,2018-03-27,508174,18.21,4,20,5,2,6,2.0,Indranil Ratti,Chennai,Delhi,India,Resigned,2022,5,225,98.96
EMP00286,Samaira,Sharma,Female,27,Single,IT,Software Engineer,Contract,Remote,MBA,1,2025-09-11,2122918,7.71,3,60,5,19,19,3.7,Samarth Gola,Chennai,Karnataka,India,Active,2022,5,220,86.53
EMP00287,Nirvi,Rama,Male,49,Married,Finance,Accountant,Full-Time,Hybrid,Master's,26,2023-10-10,514238,13.06,3,70,13,39,9,2.0,Shamik Swaminathan,Guwahati,Assam,India,Active,2019,1,174,95.75
EMP00288,Keya,Magar,Male,28,Single,Operations,Operations Executive,Full-Time,Remote,Master's,3,2018-09-27,704251,17.08,1,67,15,19,23,2.4,Armaan Bhatia,Delhi,Delhi,India,Active,2019,4,143,95.82
EMP00289,Emir,Korpal,Female,29,Married,Marketing,SEO Specialist,Part-Time,Hybrid,Bachelor's,7,2015-08-16,580230,24.18,4,74,9,15,5,3.5,Nishith Sule,Chennai,West Bengal,India,Resigned,2019,4,193,95.34
EMP00290,Rania,Bajaj,Male,51,Single,Finance,Financial Analyst,Contract,Remote,MBA,26,2018-03-06,511554,18.12,4,54,15,13,11,3.7,Heer Wali,Guwahati,Telangana,India,Active,2022,3,190,76.71
EMP00291,Riya,Bali,Male,52,Single,Customer Support,Team Lead,Full-Time,Remote,Diploma,29,2019-03-23,946709,20.12,2,65,11,14,3,3.3,Taran Sharma,Delhi,Maharashtra,India,Resigned,2019,1,235,76.82
EMP00292,Indrans,Bains,Male,23,Single,Customer Support,Team Lead,Full-Time,Hybrid,Diploma,1,2021-10-20,923977,16.37,4,17,1,5,18,4.6,Aayush Seshadri,Hyderabad,Delhi,India,Resigned,2021,2,213,95.69
EMP00293,Ryan,Ghose,Female,57,Single,IT,Data Engineer,Full-Time,Hybrid,Bachelor's,31,2018-12-31,1945875,15.69,4,54,15,14,9,2.7,Ahana  Mander,Chennai,West Bengal,India,Active,2019,5,200,98.42
EMP00294,Kavya,Karpe,Female,24,Single,Sales,Business Development Associate,Part-Time,Onsite,Bachelor's,0,2015-05-03,457077,7.08,5,15,2,2,11,3.5,Saksham Bedi,Kolkata,Telangana,India,Resigned,2024,4,178,94.54
EMP00295,Alisha,Bhandari,Male,25,Married,Finance,Financial Analyst,Part-Time,Remote,Master's,2,2025-06-11,1137679,9.64,4,52,15,28,3,3.8,Yuvaan Ben,Kolkata,West Bengal,India,Active,2018,2,147,76.92
EMP00296,Mishti,Shroff,Female,40,Single,Finance,Accountant,Contract,Hybrid,MBA,15,2017-01-09,693518,18.96,4,51,8,22,7,3.5,Charvi Shukla,Mumbai,Karnataka,India,Resigned,2025,3,150,80.09
EMP00297,Aniruddh,Mane,Female,41,Married,Finance,Finance Manager,Part-Time,Remote,Master's,20,2017-08-02,937609,9.11,4,68,14,3,8,2.6,Aaina Saha,Pune,Tamil Nadu,India,Active,2022,1,209,94.07
EMP00298,Divit,Ratta,Male,43,Single,Human Resources,Talent Acquisition Specialist,Full-Time,Hybrid,MBA,17,2023-06-18,709832,6.71,5,64,3,33,8,2.7,Darshit Deep,Chennai,Karnataka,India,Resigned,2018,5,175,84.04
EMP00299,Farhan,De,Male,22,Married,Operations,Operations Manager,Full-Time,Hybrid,MBA,0,2023-10-10,1468722,10.19,3,75,2,3,18,3.5,Aradhya Raj,Kolkata,Telangana,India,Active,2020,5,223,76.24
EMP00300,Devansh,Khosla,Male,33,Married,Human Resources,Talent Acquisition Specialist,Contract,Hybrid,Diploma,11,2015-06-07,704029,6.43,2,14,8,4,16,3.3,Rhea Sandal,Chennai,Delhi,India,Active,2023,5,240,84.01
EMP00301,Alia,Majumdar,Male,52,Married,Marketing,Marketing Manager,Contract,Remote,Bachelor's,26,2019-03-15,1011392,24.17,4,9,7,22,6,5.0,Madhav Ghosh,Pune,Tamil Nadu,India,Active,2018,5,200,91.48
EMP00302,Advik,Agate,Female,39,Single,IT,IT Support,Contract,Remote,Master's,15,2018-07-22,514919,20.53,3,34,11,4,11,3.2,Bhamini Magar,Bangalore,Tamil Nadu,India,Resigned,2022,3,180,77.95
EMP00303,Yuvraj ,Kurian,Female,31,Single,Marketing,SEO Specialist,Part-Time,Onsite,Master's,7,2020-08-30,640758,19.24,5,54,9,4,4,2.4,Faiyaz Tara,Hyderabad,Tamil Nadu,India,Active,2018,1,234,98.02
EMP00304,Devansh,Tella,Female,50,Married,Marketing,SEO Specialist,Part-Time,Remote,Diploma,28,2022-01-27,354080,10.71,3,17,10,32,23,3.2,Nitya Sehgal,Bangalore,Delhi,India,Active,2021,4,206,81.96
EMP00305,Aniruddh,Talwar,Male,44,Single,IT,Data Engineer,Part-Time,Remote,MBA,19,2016-02-12,1385856,9.06,1,10,3,32,24,4.8,Jiya Boase,Pune,Telangana,India,Resigned,2020,4,177,97.95
EMP00306,Riaan,Vasa,Male,49,Married,Operations,Operations Executive,Full-Time,Onsite,Bachelor's,25,2019-12-26,525813,23.98,3,9,12,4,22,3.9,Eshani Lad,Kolkata,Delhi,India,Resigned,2021,2,173,86.75
EMP00307,Sahil,Dhillon,Male,53,Married,Marketing,Marketing Analyst,Full-Time,Hybrid,Diploma,28,2023-03-24,435264,14.8,4,66,4,40,18,3.9,Reyansh Sha,Hyderabad,Tamil Nadu,India,Resigned,2022,1,168,77.81
EMP00308,Zoya,Kulkarni,Male,50,Married,Customer Support,Team Lead,Part-Time,Onsite,MBA,26,2019-09-15,815127,13.22,3,32,5,15,0,4.4,Sara Sagar,Pune,West Bengal,India,Resigned,2018,3,202,93.2
EMP00309,Samaira,Mammen,Male,24,Single,Sales,Business Development Associate,Contract,Remote,MBA,0,2024-03-06,758709,15.71,3,50,12,5,24,5.0,Faiyaz Edwin,Pune,Assam,India,Active,2022,2,187,83.29
EMP00310,Samarth,Wali,Male,37,Single,Finance,Finance Manager,Contract,Onsite,Diploma,16,2023-03-23,1425860,5.4,4,39,14,25,4,4.2,Aaryahi Sampath,Bangalore,Maharashtra,India,Resigned,2021,5,179,94.62
EMP00311,Farhan,Walla,Male,23,Married,Marketing,Marketing Manager,Full-Time,Onsite,Bachelor's,0,2023-05-04,1133049,12.95,4,52,8,24,0,2.7,Nishith Reddy,Hyderabad,West Bengal,India,Active,2022,3,158,95.24
EMP00312,Trisha,Borde,Female,32,Single,Human Resources,HR Executive,Contract,Hybrid,Diploma,11,2021-04-16,458885,11.26,4,57,12,2,10,4.0,Taran Sampath,Hyderabad,West Bengal,India,Resigned,2019,1,194,92.48
EMP00313,Ivana,Choudhary,Female,22,Married,Marketing,Marketing Analyst,Contract,Hybrid,Master's,0,2023-06-28,864258,7.83,3,42,2,0,9,3.6,Saanvi Bora,Kolkata,Assam,India,Resigned,2022,4,199,80.27
EMP00314,Shalv,Kaur,Female,30,Single,Sales,Business Development Associate,Part-Time,Onsite,Bachelor's,9,2023-01-28,428826,23.56,3,25,10,6,1,2.8,Saira Kurian,Pune,Tamil Nadu,India,Resigned,2023,5,238,85.08
EMP00315,Shamik,Soman,Male,34,Single,Sales,Business Development Associate,Full-Time,Remote,Diploma,12,2021-01-25,645520,22.49,1,34,3,30,6,3.0,Anya Kapoor,Mumbai,Delhi,India,Resigned,2024,4,181,82.56
EMP00316,Uthkarsh,Chakrabarti,Female,57,Married,Customer Support,Customer Support Executive,Full-Time,Remote,MBA,32,2017-09-13,479241,22.11,3,20,13,31,22,4.3,Raunak Sant,Hyderabad,Telangana,India,Resigned,2021,5,211,96.91
EMP00317,Kartik,Bahri,Male,33,Single,Finance,Accountant,Contract,Hybrid,Diploma,7,2019-03-13,625776,14.81,4,40,12,25,1,3.4,Shaan Saini,Delhi,Maharashtra,India,Resigned,2018,5,231,78.83
EMP00318,Tanya,Bora,Male,30,Single,Operations,Operations Executive,Full-Time,Onsite,Master's,6,2024-10-07,524412,19.58,4,56,6,37,23,2.3,Kavya Dewan,Guwahati,Maharashtra,India,Resigned,2021,5,192,79.32
EMP00319,Jayan,Kala,Male,39,Married,Operations,Operations Executive,Contract,Onsite,Master's,13,2018-06-28,447338,19.95,3,15,11,0,6,4.2,Tushar Shere,Chennai,Maharashtra,India,Resigned,2022,2,175,78.51
EMP00320,Dharmajan,Mammen,Female,34,Single,Sales,Sales Manager,Part-Time,Onsite,MBA,11,2017-07-14,1354791,6.82,4,60,9,24,4,4.3,Kismat Sarraf,Chennai,Delhi,India,Resigned,2022,1,154,87.93
EMP00321,Riya,Bhandari,Female,30,Married,Operations,Operations Executive,Contract,Hybrid,Diploma,6,2020-04-30,525485,21.68,4,7,8,19,5,2.8,Kartik Sarraf,Hyderabad,Tamil Nadu,India,Resigned,2025,4,178,76.0
EMP00322,Taran,Bala,Female,48,Single,Finance,Finance Manager,Part-Time,Remote,Master's,24,2016-03-17,929942,9.01,4,49,13,5,9,2.5,Armaan Rama,Chennai,Maharashtra,India,Active,2021,2,195,77.25
EMP00323,Ryan,Rout,Female,57,Married,Finance,Financial Analyst,Contract,Remote,MBA,34,2022-09-05,667069,14.77,2,46,15,20,24,4.2,Divit Ahuja,Mumbai,Delhi,India,Active,2021,3,186,83.5
EMP00324,Mohanlal,Bora,Male,47,Married,Customer Support,Customer Support Executive,Full-Time,Hybrid,Bachelor's,21,2021-11-05,413101,18.12,3,55,7,2,8,3.2,Zara Garg,Mumbai,Delhi,India,Resigned,2020,5,204,84.6
EMP00325,Divyansh,Lala,Male,47,Married,Marketing,Marketing Analyst,Part-Time,Remote,Diploma,24,2020-06-14,595467,10.63,3,80,1,5,4,2.4,Charvi Dube,Guwahati,West Bengal,India,Resigned,2018,5,227,84.23
EMP00326,Heer,Sankar,Male,40,Married,Marketing,SEO Specialist,Part-Time,Hybrid,MBA,14,2022-07-27,506071,24.44,4,21,2,15,5,4.1,Veer Doshi,Kolkata,Assam,India,Resigned,2018,1,181,84.32
EMP00327,Aaina,Gala,Male,28,Married,Finance,Finance Manager,Contract,Hybrid,Master's,6,2023-02-12,1567671,20.21,4,74,5,36,8,3.3,Ivana Sagar,Bangalore,Karnataka,India,Active,2024,2,226,82.12
EMP00328,Zeeshan,Master,Male,23,Married,Human Resources,HR Manager,Part-Time,Hybrid,MBA,0,2017-04-28,1389137,21.45,4,65,6,40,19,2.5,Arnav Aggarwal,Guwahati,Delhi,India,Active,2024,3,191,75.81
EMP00329,Mahika,Mannan,Female,53,Single,Customer Support,Customer Support Executive,Part-Time,Onsite,Master's,28,2022-01-30,434353,12.57,4,41,1,26,24,4.8,Samiha Kapoor,Delhi,Maharashtra,India,Resigned,2021,2,154,89.27
EMP00330,Kartik,Bajwa,Male,47,Single,Finance,Financial Analyst,Part-Time,Hybrid,Bachelor's,23,2023-08-08,728330,15.65,4,41,8,14,12,3.0,Taran Solanki,Guwahati,Telangana,India,Active,2019,4,214,91.33
EMP00331,Fateh,Dutta,Male,23,Single,Marketing,SEO Specialist,Part-Time,Hybrid,Master's,0,2017-02-12,520404,8.5,5,54,10,1,23,4.8,Aaina Buch,Kolkata,Karnataka,India,Active,2022,1,143,80.18
EMP00332,Nehmat,Johal,Male,50,Married,Marketing,SEO Specialist,Part-Time,Onsite,Bachelor's,24,2017-09-30,386617,10.86,2,73,9,16,22,3.2,Yuvraj  Dalal,Mumbai,Karnataka,India,Resigned,2025,4,240,78.1
EMP00333,Tushar,Dhawan,Female,29,Married,Finance,Accountant,Contract,Remote,Master's,3,2023-07-02,528171,7.96,3,62,12,21,9,2.9,Faiyaz Lala,Kolkata,Karnataka,India,Resigned,2022,3,231,78.96
EMP00334,Hunar,Sheth,Male,50,Married,Operations,Operations Manager,Contract,Hybrid,Diploma,27,2020-04-30,812652,22.31,4,26,8,33,12,3.5,Divit Mander,Bangalore,Assam,India,Resigned,2020,4,188,75.36
EMP00335,Gatik,Chaudhuri,Male,41,Married,Human Resources,HR Manager,Contract,Onsite,Bachelor's,16,2017-07-09,935206,24.41,2,47,11,2,12,2.2,Kartik Bath,Kolkata,Delhi,India,Resigned,2020,2,169,92.24
EMP00336,Eshani,Sem,Male,39,Single,Marketing,Marketing Analyst,Contract,Onsite,Master's,15,2015-06-14,508911,16.97,2,15,8,4,6,2.9,Eshani Chatterjee,Mumbai,Tamil Nadu,India,Resigned,2019,4,239,91.07
EMP00337,Vidur,Jain,Male,38,Married,IT,IT Support,Contract,Hybrid,Diploma,14,2015-01-03,430559,8.26,5,28,2,40,14,2.2,Madhup Gade,Pune,Telangana,India,Resigned,2019,4,183,90.95
EMP00338,Ivana,Sachdeva,Female,28,Married,IT,Software Engineer,Contract,Hybrid,Master's,3,2017-03-03,1897491,23.66,4,46,10,10,5,3.4,Indrajit Kanda,Chennai,Karnataka,India,Active,2022,3,233,83.85
EMP00339,Aayush,Lanka,Female,41,Married,Operations,Operations Manager,Contract,Onsite,Master's,17,2020-01-17,1538552,20.95,3,46,14,16,9,3.9,Jivin Dara,Guwahati,Assam,India,Resigned,2019,1,171,79.01
EMP00340,Lagan,Sampath,Female,52,Single,Operations,Operations Manager,Contract,Remote,Diploma,30,2025-07-23,916424,9.9,3,24,12,20,24,3.7,Eva Iyer,Chennai,Tamil Nadu,India,Resigned,2018,2,238,94.25
EMP00341,Anaya,Tandon,Female,45,Single,Customer Support,Team Lead,Contract,Hybrid,Bachelor's,20,2025-09-25,724044,24.2,4,12,1,31,25,4.6,Tiya Issac,Hyderabad,Assam,India,Resigned,2022,5,182,90.86
EMP00342,Tarini,Boase,Female,27,Single,Operations,Operations Executive,Part-Time,Onsite,MBA,2,2021-05-04,594168,5.13,4,63,11,4,5,4.5,Jayan Gaba,Mumbai,Maharashtra,India,Active,2023,4,159,81.47
EMP00343,Hansh,Goda,Male,42,Single,Finance,Finance Manager,Part-Time,Remote,Diploma,20,2022-07-25,1707327,24.82,3,45,2,34,11,2.7,Vanya Sankaran,Kolkata,Assam,India,Resigned,2018,2,196,78.08
EMP00344,Neysa,Aurora,Male,35,Single,Marketing,Marketing Analyst,Contract,Hybrid,Diploma,13,2019-12-24,827032,10.11,5,58,12,38,11,2.3,Pihu Kata,Guwahati,Maharashtra,India,Active,2024,4,191,99.04
EMP00345,Ryan,Agarwal,Male,41,Single,Human Resources,HR Manager,Contract,Onsite,MBA,20,2019-01-16,1155238,12.43,2,65,3,8,16,3.2,Tara Ravi,Bangalore,West Bengal,India,Active,2020,5,159,93.55
EMP00346,Ira,Soni,Male,29,Single,Customer Support,Customer Support Executive,Full-Time,Hybrid,Master's,7,2019-02-04,325676,6.84,4,72,7,2,17,5.0,Hrishita Gera,Delhi,West Bengal,India,Resigned,2024,5,196,78.36
EMP00347,Taimur,Ramesh,Male,52,Single,IT,Data Analyst,Full-Time,Hybrid,Master's,27,2018-06-29,631945,19.6,4,41,2,5,23,2.9,Shalv Goda,Guwahati,Telangana,India,Resigned,2020,3,194,84.37
EMP00348,Vedika,Saran,Female,24,Married,Finance,Finance Manager,Full-Time,Onsite,MBA,0,2023-04-05,915017,18.11,5,63,8,36,12,3.5,Ahana  Solanki,Hyderabad,Karnataka,India,Active,2022,3,202,94.3
EMP00349,Mishti,Warrior,Female,43,Single,Marketing,Marketing Manager,Full-Time,Onsite,Master's,21,2016-01-31,1379653,20.52,5,69,2,27,17,2.6,Raunak Dhaliwal,Hyderabad,Tamil Nadu,India,Active,2018,5,186,88.49
EMP00350,Aarna,Mangal,Male,32,Married,Operations,Operations Executive,Contract,Onsite,MBA,11,2019-03-14,505449,9.18,4,43,3,29,10,4.2,Rati Agarwal,Delhi,Maharashtra,India,Resigned,2020,2,201,95.56
EMP00351,Abram,Solanki,Female,32,Single,Customer Support,Customer Support Executive,Contract,Onsite,Diploma,7,2019-05-22,357914,9.64,1,20,6,17,24,3.3,Nishith Upadhyay,Delhi,Tamil Nadu,India,Resigned,2020,1,236,97.76
EMP00352,Fateh,Mahajan,Female,24,Married,Sales,Sales Manager,Contract,Onsite,MBA,1,2025-08-25,1821950,13.39,3,18,7,31,22,4.5,Nitya Sidhu,Hyderabad,Maharashtra,India,Active,2019,4,171,89.64
EMP00353,Lavanya,Madan,Male,39,Married,Finance,Finance Manager,Contract,Hybrid,Diploma,15,2019-11-12,1778090,16.47,3,58,4,7,24,3.6,Zara Vora,Pune,Assam,India,Resigned,2018,2,212,79.52
EMP00354,Ritvik,Shankar,Female,40,Single,Operations,Operations Manager,Part-Time,Hybrid,Master's,18,2016-02-09,1605947,11.33,4,49,6,35,20,2.9,Hrishita Rao,Delhi,Telangana,India,Resigned,2023,5,203,90.99
EMP00355,Misha,Walla,Female,38,Married,Customer Support,Team Lead,Full-Time,Onsite,MBA,17,2017-04-08,782200,15.66,2,16,12,25,19,3.2,Navya Sankar,Pune,Maharashtra,India,Resigned,2019,3,168,86.06
EMP00356,Ojas,Ratta,Male,31,Married,Human Resources,HR Executive,Contract,Onsite,Diploma,7,2021-02-22,493543,19.94,5,29,9,26,17,4.1,Saanvi Thaman,Hyderabad,Assam,India,Resigned,2024,3,186,97.5
EMP00357,Anay,Shetty,Female,44,Married,Finance,Accountant,Contract,Hybrid,Bachelor's,20,2021-01-22,479444,24.06,3,11,8,35,7,2.5,Suhana Kota,Guwahati,Tamil Nadu,India,Active,2023,4,230,78.7
EMP00358,Veer,Wali,Male,39,Single,Operations,Operations Manager,Contract,Hybrid,Bachelor's,16,2015-09-25,1043861,20.49,4,80,13,26,4,2.2,Anay Chhabra,Delhi,Tamil Nadu,India,Resigned,2020,2,171,99.49
EMP00359,Anika,Kuruvilla,Male,33,Single,Customer Support,Customer Support Executive,Part-Time,Hybrid,Master's,9,2024-05-16,429985,9.53,4,37,3,19,11,5.0,Umang Comar,Delhi,Karnataka,India,Resigned,2019,5,172,75.51
EMP00360,Taimur,Chokshi,Female,25,Single,IT,Data Analyst,Part-Time,Onsite,Master's,0,2021-03-31,1095673,15.15,5,24,2,13,11,4.4,Uthkarsh Vaidya,Guwahati,Maharashtra,India,Active,2019,3,177,77.69
EMP00361,Anya,Suresh,Male,55,Married,Operations,Operations Executive,Contract,Onsite,Bachelor's,32,2021-08-14,384321,21.96,4,10,4,15,15,2.3,Raunak Basu,Hyderabad,Tamil Nadu,India,Resigned,2021,3,181,78.39
EMP00362,Ivan,Dave,Male,49,Married,Customer Support,Customer Support Executive,Contract,Remote,Bachelor's,24,2018-04-14,278896,5.94,5,78,5,12,2,2.9,Misha Butala,Kolkata,Karnataka,India,Active,2024,5,207,96.23
EMP00363,Miraya,Biswas,Female,24,Single,IT,Data Engineer,Part-Time,Hybrid,Bachelor's,2,2022-08-21,2185589,8.12,3,47,15,18,0,3.8,Romil Varghese,Chennai,West Bengal,India,Resigned,2021,3,192,92.26
EMP00364,Romil,Chaudhary,Female,39,Married,Marketing,SEO Specialist,Contract,Hybrid,MBA,13,2019-03-25,585472,22.11,3,37,9,4,5,2.8,Elakshi Atwal,Delhi,West Bengal,India,Active,2019,5,203,80.02
EMP00365,Dhanush,Singh,Female,52,Married,IT,Data Analyst,Full-Time,Hybrid,Diploma,30,2020-04-04,959390,9.01,1,6,6,13,23,3.9,Mishti Suri,Pune,West Bengal,India,Active,2022,5,148,80.63
EMP00366,Rasha,Gala,Male,50,Single,Operations,Operations Executive,Full-Time,Hybrid,Bachelor's,28,2018-10-07,564918,16.25,3,9,15,10,23,4.4,Suhana Kunda,Delhi,Assam,India,Active,2018,5,209,76.85
EMP00367,Mamooty,Bhakta,Male,58,Married,Operations,Operations Manager,Contract,Remote,Diploma,35,2025-07-05,1722164,21.11,3,54,12,18,20,2.4,Tanya Brar,Guwahati,West Bengal,India,Active,2024,2,220,83.82
EMP00368,Aarush,Kaul,Female,48,Single,Marketing,SEO Specialist,Part-Time,Remote,Diploma,25,2024-11-28,559129,7.17,3,57,15,39,11,4.0,Mahika Dyal,Chennai,Assam,India,Resigned,2018,2,167,83.44
EMP00369,Umang,Chawla,Female,55,Single,Finance,Finance Manager,Contract,Remote,Bachelor's,31,2019-04-24,1304719,6.72,5,21,4,20,14,2.0,Kabir Majumdar,Mumbai,Karnataka,India,Active,2023,3,165,93.59
EMP00370,Jayan,Devi,Female,26,Single,Finance,Accountant,Full-Time,Onsite,Master's,0,2024-06-05,584155,23.18,4,65,9,26,5,2.3,Aaryahi Varma,Mumbai,Delhi,India,Resigned,2025,4,201,79.26
EMP00371,Piya,Garg,Male,45,Married,Human Resources,Talent Acquisition Specialist,Contract,Hybrid,Bachelor's,22,2022-09-19,699845,17.44,3,46,11,7,25,3.8,Hunar Virk,Bangalore,Karnataka,India,Resigned,2021,5,175,99.55
EMP00372,Tarini,Chandra,Female,32,Single,Human Resources,HR Manager,Contract,Onsite,MBA,8,2018-07-28,1380950,18.94,3,65,7,1,9,3.0,Dhruv Gour,Pune,West Bengal,India,Resigned,2020,3,232,81.54
EMP00373,Parinaaz,Sodhi,Male,39,Single,Finance,Accountant,Contract,Onsite,Diploma,14,2018-02-27,699292,17.62,4,48,1,5,2,3.0,Jayesh Contractor,Delhi,Tamil Nadu,India,Active,2018,2,165,97.95
EMP00374,Pranay,Gokhale,Male,27,Single,Human Resources,HR Executive,Part-Time,Remote,Master's,6,2016-01-11,352013,19.0,3,5,8,37,1,4.1,Drishya Sahni,Delhi,Delhi,India,Active,2023,2,160,84.87
EMP00375,Miraya,Krishna,Female,48,Single,Customer Support,Team Lead,Contract,Onsite,Bachelor's,22,2021-09-29,758957,11.37,4,15,13,3,19,4.3,Jivin Choudhury,Hyderabad,Telangana,India,Active,2022,3,197,83.95
EMP00376,Taimur,Bakshi,Male,53,Married,Customer Support,Team Lead,Part-Time,Remote,Diploma,29,2019-02-26,574492,20.83,2,45,14,26,0,4.0,Romil Kothari,Bangalore,Delhi,India,Active,2021,1,142,84.78
EMP00377,Vanya,Ranganathan,Male,34,Married,Finance,Accountant,Full-Time,Hybrid,Diploma,12,2018-10-13,509133,5.26,3,42,12,4,10,2.9,Sumer Singhal,Bangalore,Karnataka,India,Resigned,2024,5,155,89.98
EMP00378,Dhanush,Bose,Male,45,Single,IT,Data Engineer,Full-Time,Hybrid,Diploma,19,2018-10-29,2229324,22.81,5,46,4,21,22,2.9,Yasmin Batta,Delhi,West Bengal,India,Active,2023,1,207,87.27
EMP00379,Kashvi,Buch,Male,50,Married,IT,Data Engineer,Contract,Remote,Master's,25,2015-10-02,2201602,15.47,4,29,15,20,19,3.5,Saanvi Batra,Kolkata,Assam,India,Resigned,2024,1,178,81.52
EMP00380,Kismat,Chanda,Female,23,Married,Finance,Accountant,Part-Time,Remote,MBA,2,2015-04-14,427392,21.64,5,20,6,37,4,3.1,Lakshay Kashyap,Mumbai,Telangana,India,Resigned,2023,4,162,83.17
EMP00381,Nakul,Lalla,Female,40,Single,Customer Support,Customer Support Executive,Contract,Hybrid,Diploma,16,2022-03-21,298160,18.89,3,13,2,22,10,3.6,Diya Acharya,Delhi,Assam,India,Active,2025,2,154,94.07
EMP00382,Ira,Talwar,Female,37,Single,Customer Support,Team Lead,Full-Time,Remote,Bachelor's,16,2017-07-20,896342,9.18,4,68,9,25,0,3.7,Anahita Amble,Mumbai,Karnataka,India,Active,2023,5,161,84.93
EMP00383,Eva,Varughese,Female,40,Single,Finance,Finance Manager,Contract,Remote,Master's,19,2015-01-31,1067628,20.2,3,19,7,32,24,4.2,Jivika Dubey,Chennai,Assam,India,Active,2022,3,199,76.36
EMP00384,Ehsaan,Jain,Male,38,Single,Operations,Operations Executive,Full-Time,Onsite,Bachelor's,17,2021-05-10,745239,22.14,5,36,13,38,9,4.8,Jayan Rana,Mumbai,Karnataka,India,Resigned,2024,5,160,77.43
EMP00385,Divij,Rastogi,Female,34,Married,Sales,Sales Executive,Full-Time,Onsite,Diploma,10,2022-03-30,323482,6.27,2,35,2,11,0,4.1,Oorja Kapur,Kolkata,Maharashtra,India,Resigned,2024,1,144,87.44
EMP00386,Dhanush,Shah,Female,33,Single,Customer Support,Team Lead,Contract,Onsite,Bachelor's,7,2019-08-17,924858,10.73,5,76,14,2,18,2.3,Hunar Datta,Hyderabad,West Bengal,India,Resigned,2020,3,224,97.55
EMP00387,Jhanvi,Dhar,Male,44,Single,Operations,Operations Executive,Part-Time,Onsite,Master's,18,2018-08-06,395322,16.98,3,74,11,21,11,3.6,Mamooty Dara,Bangalore,Assam,India,Active,2021,4,150,95.59
EMP00388,Diya,Khatri,Male,24,Single,Human Resources,Talent Acquisition Specialist,Contract,Onsite,Diploma,0,2021-02-06,701709,8.11,3,57,10,25,7,4.1,Charvi Kalla,Kolkata,Telangana,India,Active,2019,4,158,97.9
EMP00389,Yuvraj ,Joshi,Female,47,Married,Operations,Operations Manager,Full-Time,Hybrid,Diploma,24,2017-09-17,1065744,17.39,3,43,11,27,11,4.8,Riaan Bandi,Mumbai,Telangana,India,Resigned,2018,4,180,83.79
EMP00390,Divij,Vala,Female,46,Single,Sales,Business Development Associate,Part-Time,Hybrid,Diploma,21,2020-04-23,549212,9.33,4,35,7,6,14,3.2,Zaina Zacharia,Mumbai,Telangana,India,Active,2018,5,196,76.73
EMP00391,Dhanuk,Mangal,Male,58,Married,Finance,Accountant,Full-Time,Hybrid,Master's,34,2018-01-30,482751,9.47,3,5,8,4,6,4.6,Yakshit Sama,Guwahati,Delhi,India,Resigned,2019,1,161,78.48
EMP00392,Lakshit,Kadakia,Male,53,Single,Operations,Operations Executive,Full-Time,Remote,Master's,31,2019-11-30,385095,18.29,4,36,7,22,15,3.3,Romil Sibal,Hyderabad,Tamil Nadu,India,Resigned,2025,1,224,79.64
EMP00393,Yuvaan,Sarma,Male,24,Married,Marketing,Marketing Analyst,Part-Time,Hybrid,Master's,2,2021-04-11,431454,6.98,3,66,15,8,10,3.2,Ela Kari,Delhi,Delhi,India,Active,2020,1,201,87.83
EMP00394,Nirvi,Dyal,Male,37,Single,Human Resources,Talent Acquisition Specialist,Contract,Onsite,MBA,11,2016-11-05,589646,14.94,4,57,13,30,19,2.2,Jivin Dixit,Mumbai,West Bengal,India,Active,2019,2,238,91.04
EMP00395,Ishaan,Mand,Male,39,Married,Sales,Sales Manager,Contract,Hybrid,MBA,14,2019-05-30,1446220,22.5,5,73,8,5,22,3.8,Aarush Salvi,Kolkata,Karnataka,India,Resigned,2021,5,164,83.71
EMP00396,Aaryahi,Rastogi,Male,43,Single,Sales,Sales Executive,Contract,Onsite,MBA,17,2024-04-05,744436,8.66,3,42,9,29,18,3.9,Drishya Biswas,Guwahati,Karnataka,India,Active,2024,4,231,81.77
EMP00397,Amani,Vyas,Female,43,Single,IT,IT Support,Part-Time,Hybrid,Diploma,17,2021-01-10,588696,11.26,2,59,5,26,6,2.4,Ivan Bhardwaj,Delhi,Karnataka,India,Active,2018,1,175,77.69
EMP00398,Veer,Deshpande,Female,28,Single,IT,Data Engineer,Full-Time,Hybrid,Master's,3,2016-06-05,1383369,15.83,3,7,14,35,11,2.1,Taimur Choudhry,Bangalore,Maharashtra,India,Resigned,2025,1,152,81.15
EMP00399,Ehsaan,Garde,Female,51,Single,Marketing,Marketing Analyst,Contract,Hybrid,Diploma,30,2017-09-18,703897,20.79,5,53,12,28,4,3.6,Yasmin Virk,Hyderabad,Maharashtra,India,Resigned,2024,4,217,80.14
EMP00400,Sumer,Sundaram,Female,46,Married,Finance,Finance Manager,Part-Time,Remote,Diploma,21,2015-11-13,1270425,13.73,4,54,12,4,14,3.3,Aarav Anne,Pune,Maharashtra,India,Resigned,2022,3,169,81.73
EMP00401,Rati,Bumb,Male,32,Married,Sales,Sales Manager,Part-Time,Remote,Master's,9,2016-10-09,876112,13.19,3,24,15,5,16,2.5,Hansh Sagar,Delhi,Delhi,India,Active,2018,5,223,94.58
EMP00402,Vivaan,Butala,Male,57,Married,Customer Support,Customer Support Executive,Contract,Remote,Bachelor's,34,2018-03-26,443425,12.88,3,6,15,9,17,2.5,Ahana  Chadha,Guwahati,Delhi,India,Active,2021,5,187,89.35
EMP00403,Krish,Krishnamurthy,Female,51,Married,Sales,Sales Manager,Contract,Hybrid,Master's,25,2017-10-03,940664,15.06,3,78,9,29,20,3.5,Krish Kapoor,Mumbai,Delhi,India,Active,2023,3,154,90.11
EMP00404,Darshit,Saxena,Female,41,Married,Marketing,SEO Specialist,Part-Time,Onsite,Diploma,18,2019-03-20,684733,12.43,3,61,15,9,0,2.6,Eshani Chandra,Bangalore,West Bengal,India,Active,2021,2,221,98.07
EMP00405,Yuvaan,Chakraborty,Male,44,Single,Sales,Sales Manager,Contract,Remote,MBA,21,2015-08-06,1544015,5.48,2,76,2,10,0,3.2,Nishith Barad,Guwahati,Karnataka,India,Resigned,2022,3,146,95.03
EMP00406,Vanya,Khare,Male,50,Single,IT,Data Analyst,Part-Time,Remote,Master's,28,2024-11-27,896283,8.89,3,55,10,12,2,3.7,Divij Iyer,Pune,Assam,India,Active,2024,5,212,81.38
EMP00407,Mamooty,Baral,Female,32,Single,Finance,Financial Analyst,Contract,Onsite,MBA,6,2015-09-29,1006110,21.12,4,47,9,16,18,4.3,Romil Kuruvilla,Kolkata,Delhi,India,Active,2024,4,174,83.2
EMP00408,Uthkarsh,Mammen,Female,47,Single,IT,Data Engineer,Part-Time,Remote,Diploma,25,2020-08-05,1106773,13.12,3,36,6,26,18,3.3,Piya Bakshi,Pune,West Bengal,India,Active,2023,3,155,82.7
EMP00409,Rania,Chaudhry,Male,47,Married,Marketing,SEO Specialist,Full-Time,Remote,Master's,26,2025-05-28,521517,10.83,2,24,15,27,15,4.5,Vardaniya Dube,Hyderabad,Telangana,India,Active,2018,2,179,83.25
EMP00410,Adira,Basak,Female,24,Married,Human Resources,Talent Acquisition Specialist,Contract,Remote,Diploma,3,2015-12-04,489094,21.21,4,41,8,32,3,3.1,Shlok Gera,Chennai,Karnataka,India,Resigned,2024,2,179,91.66
EMP00411,Nehmat,Mall,Female,31,Single,Finance,Financial Analyst,Part-Time,Onsite,Bachelor's,5,2020-03-04,561601,12.28,5,75,11,7,20,3.2,Fateh Konda,Hyderabad,Maharashtra,India,Active,2018,3,189,79.66
EMP00412,Anahi,Chander,Male,47,Married,Marketing,SEO Specialist,Full-Time,Remote,MBA,25,2022-05-20,446449,19.23,4,40,9,8,7,4.4,Pranay Chadha,Hyderabad,Karnataka,India,Active,2019,4,238,95.61
EMP00413,Sara,Sura,Male,31,Married,IT,Software Engineer,Part-Time,Hybrid,Master's,5,2017-05-14,782680,23.46,1,80,6,2,9,4.5,Saira Mani,Kolkata,West Bengal,India,Resigned,2022,1,169,91.71
EMP00414,Keya,Mallick,Male,38,Married,IT,Data Engineer,Full-Time,Remote,Diploma,13,2019-06-06,2022516,16.22,4,68,10,19,24,3.0,Adah Solanki,Kolkata,Maharashtra,India,Resigned,2019,3,222,81.14
EMP00415,Ayesha,Loyal,Male,30,Married,Marketing,Marketing Analyst,Part-Time,Remote,Diploma,8,2016-02-12,782290,15.22,2,39,4,7,0,3.4,Nayantara Zacharia,Chennai,Assam,India,Active,2023,1,185,79.41
EMP00416,Hansh,Borra,Male,38,Single,Customer Support,Customer Support Executive,Contract,Onsite,Diploma,16,2021-02-11,454093,20.47,4,56,9,6,25,4.2,Yakshit Choudhary,Delhi,Telangana,India,Active,2025,5,238,86.45
EMP00417,Riya,Manne,Male,34,Married,Sales,Business Development Associate,Part-Time,Onsite,MBA,9,2019-02-19,698431,7.4,4,19,9,6,19,4.4,Hunar Shankar,Hyderabad,Delhi,India,Resigned,2024,3,144,96.47
EMP00418,Pari,Kothari,Male,30,Single,Human Resources,HR Manager,Part-Time,Hybrid,MBA,7,2022-06-16,1098019,22.77,4,17,10,8,16,2.5,Manikya Lalla,Kolkata,Tamil Nadu,India,Active,2021,1,175,82.79
EMP00419,Ela,Bala,Female,57,Single,Customer Support,Customer Support Executive,Part-Time,Remote,Master's,34,2024-02-07,299448,6.64,3,65,15,0,3,2.5,Saksham Sane,Delhi,Telangana,India,Active,2025,2,233,92.7
EMP00420,Shanaya,Kadakia,Female,54,Single,Finance,Finance Manager,Contract,Remote,Diploma,31,2025-09-26,1504704,10.1,3,79,10,8,12,3.8,Dharmajan Dhillon,Mumbai,Maharashtra,India,Resigned,2021,3,228,78.2
EMP00421,Neelofar,Bail,Male,29,Married,Finance,Finance Manager,Part-Time,Hybrid,Diploma,7,2021-07-04,1162139,18.19,3,23,6,26,3,4.0,Diya Dhingra,Guwahati,Telangana,India,Active,2020,2,189,83.83
EMP00422,Nakul,Biswas,Male,53,Married,Customer Support,Customer Support Executive,Part-Time,Hybrid,Master's,28,2020-06-29,400580,13.99,4,65,7,17,5,4.1,Mannat Viswanathan,Chennai,Assam,India,Resigned,2024,3,160,87.01
EMP00423,Mannat,Wable,Female,37,Married,Marketing,Marketing Analyst,Full-Time,Onsite,Master's,15,2015-03-12,778138,17.55,5,18,10,1,2,4.9,Shamik Jhaveri,Mumbai,Delhi,India,Active,2023,5,193,89.2
EMP00424,Inaaya ,Tank,Female,33,Married,Human Resources,HR Manager,Full-Time,Hybrid,Bachelor's,11,2017-03-03,1468206,18.79,3,65,14,20,1,2.3,Aarav Bhasin,Bangalore,Delhi,India,Resigned,2018,2,199,85.31
EMP00425,Aarush,Kala,Female,57,Single,Operations,Operations Executive,Full-Time,Hybrid,MBA,36,2016-02-25,658609,15.82,3,20,15,5,10,4.0,Hrishita Bava,Mumbai,Assam,India,Resigned,2021,4,182,77.5
EMP00426,Uthkarsh,Mann,Male,58,Single,IT,Software Engineer,Part-Time,Hybrid,Bachelor's,36,2025-05-16,2015347,18.23,4,30,1,14,23,2.7,Saanvi Gour,Bangalore,Maharashtra,India,Active,2021,3,220,93.91
EMP00427,Aaina,Dalal,Female,49,Married,Customer Support,Team Lead,Full-Time,Onsite,Master's,23,2024-05-12,717607,24.07,4,39,12,27,7,3.3,Navya Dhillon,Guwahati,Karnataka,India,Resigned,2022,5,167,98.16
EMP00428,Shaan,Shetty,Male,47,Single,Customer Support,Customer Support Executive,Full-Time,Onsite,Bachelor's,25,2017-03-14,320893,11.78,3,21,15,11,17,3.6,Taimur Sekhon,Chennai,Karnataka,India,Resigned,2020,2,145,85.69
EMP00429,Sana,Bawa,Male,36,Single,Customer Support,Customer Support Executive,Contract,Remote,Diploma,14,2016-07-26,256044,24.06,1,46,12,1,25,2.3,Dhanush Yohannan,Hyderabad,Maharashtra,India,Active,2020,3,180,84.48
EMP00430,Kiaan,Aggarwal,Male,40,Single,Human Resources,Talent Acquisition Specialist,Contract,Hybrid,Master's,19,2022-03-29,483505,12.56,3,8,9,30,1,3.9,Himmat Handa,Delhi,Karnataka,India,Resigned,2020,4,188,89.08
EMP00431,Jayant,Wagle,Female,39,Single,Finance,Accountant,Contract,Onsite,Master's,15,2016-09-03,696724,7.52,5,76,10,15,13,2.2,Indrans Chaudhuri,Mumbai,Maharashtra,India,Resigned,2022,5,155,97.26
EMP00432,Ryan,Sant,Female,38,Married,IT,Data Analyst,Part-Time,Remote,Bachelor's,13,2017-12-07,1179207,9.85,4,71,5,39,21,3.3,Kiara Chatterjee,Bangalore,Karnataka,India,Resigned,2021,1,179,99.02
EMP00433,Bhamini,Aurora,Female,24,Married,Sales,Sales Executive,Contract,Onsite,Bachelor's,0,2020-03-07,691816,20.44,3,44,2,1,21,4.2,Jhanvi Kar,Hyderabad,Delhi,India,Active,2022,3,232,99.31
EMP00434,Hridaan,Sarma,Female,25,Single,Marketing,Marketing Manager,Contract,Remote,Master's,0,2024-04-29,1119086,9.82,2,63,2,9,25,2.3,Akarsh Cheema,Kolkata,West Bengal,India,Active,2020,4,222,83.08
EMP00435,Sumer,Raja,Male,48,Married,Finance,Financial Analyst,Part-Time,Remote,Master's,23,2024-11-23,587939,21.75,4,8,4,0,5,3.6,Shaan Bhasin,Mumbai,Delhi,India,Resigned,2023,4,221,92.57
EMP00436,Tarini,Sabharwal,Male,29,Single,Sales,Business Development Associate,Part-Time,Remote,Master's,6,2018-03-07,814458,21.3,3,66,4,18,7,2.5,Nirvi Kulkarni,Kolkata,Tamil Nadu,India,Active,2019,2,197,81.88
EMP00437,Samarth,Sampath,Male,27,Single,Sales,Sales Manager,Full-Time,Remote,Master's,3,2015-11-11,1654060,12.23,2,21,12,2,16,3.2,Armaan Sandal,Delhi,Assam,India,Active,2024,2,227,86.39
EMP00438,Nitya,Konda,Male,28,Single,Sales,Business Development Associate,Full-Time,Hybrid,Bachelor's,2,2017-05-21,638511,20.88,4,42,9,39,6,5.0,Lakshay Karan,Kolkata,Karnataka,India,Resigned,2021,4,225,97.82
EMP00439,Drishya,Sathe,Male,24,Married,Operations,Operations Executive,Contract,Onsite,Diploma,1,2019-07-27,543065,20.33,5,62,3,18,18,3.7,Parinaaz Gandhi,Pune,Assam,India,Resigned,2025,1,206,82.39
EMP00440,Jiya,Salvi,Male,46,Married,IT,Data Engineer,Full-Time,Hybrid,Bachelor's,22,2021-06-30,1267260,14.14,4,12,10,27,12,3.3,Amira Chakrabarti,Mumbai,Telangana,India,Resigned,2020,2,179,89.04
EMP00441,Darshit,Bhargava,Female,36,Single,Operations,Operations Executive,Part-Time,Onsite,MBA,12,2020-10-30,563632,6.87,1,23,6,39,13,3.7,Kiaan Sinha,Pune,Karnataka,India,Resigned,2019,2,141,89.04
EMP00442,Aarush,Bhandari,Female,31,Single,Customer Support,Team Lead,Full-Time,Remote,Diploma,9,2016-02-07,945520,17.01,1,8,15,17,20,4.7,Mohanlal Maharaj,Pune,Maharashtra,India,Active,2019,4,204,80.05
EMP00443,Kiara,Kannan,Female,43,Single,Human Resources,Talent Acquisition Specialist,Contract,Hybrid,MBA,17,2017-03-02,434719,5.34,4,11,7,28,20,3.5,Farhan Raja,Guwahati,Tamil Nadu,India,Resigned,2024,2,147,92.86
EMP00444,Gokul,Din,Male,47,Single,Marketing,Marketing Analyst,Full-Time,Remote,Diploma,24,2023-02-21,448270,9.64,4,73,15,1,12,4.8,Myra Sunder,Hyderabad,Karnataka,India,Active,2021,3,191,77.72
EMP00445,Raghav,Goswami,Female,22,Married,IT,Data Analyst,Part-Time,Onsite,Bachelor's,1,2020-03-16,942393,19.52,3,62,2,22,12,2.5,Kimaya Hegde,Hyderabad,Maharashtra,India,Active,2024,3,205,76.08
EMP00446,Jivin,Boase,Male,39,Single,Customer Support,Customer Support Executive,Contract,Remote,MBA,15,2019-11-02,339295,15.39,3,16,14,4,0,4.9,Anahi Hari,Bangalore,Tamil Nadu,India,Resigned,2025,5,196,80.85
EMP00447,Veer,Gera,Female,56,Single,Marketing,Marketing Analyst,Full-Time,Hybrid,Bachelor's,34,2024-10-22,577456,12.52,2,68,12,29,15,2.4,Kartik Kamdar,Bangalore,Delhi,India,Active,2023,3,226,78.98
EMP00448,Elakshi,Ganesh,Female,45,Married,Marketing,Marketing Manager,Contract,Remote,Master's,23,2024-10-17,1448234,7.54,4,39,9,38,1,4.8,Tarini Mahal,Hyderabad,Assam,India,Active,2021,5,195,99.38
EMP00449,Yakshit,Vala,Female,40,Married,IT,Data Engineer,Part-Time,Hybrid,Master's,15,2020-09-09,2044399,15.79,5,35,6,28,2,4.9,Keya Sekhon,Bangalore,Maharashtra,India,Resigned,2022,4,239,76.95
EMP00450,Hridaan,Choudhry,Male,51,Single,IT,Data Analyst,Part-Time,Remote,MBA,25,2023-01-25,635777,22.66,4,56,11,34,10,4.0,Aarna Mani,Hyderabad,Assam,India,Resigned,2024,5,182,92.14
EMP00451,Adah,Dalal,Female,29,Single,IT,Data Analyst,Full-Time,Onsite,Bachelor's,6,2015-05-06,983064,11.8,4,78,3,15,20,2.5,Anahi Din,Delhi,Telangana,India,Resigned,2020,5,237,83.45
EMP00452,Stuvan,Mangat,Female,43,Single,Marketing,Marketing Analyst,Contract,Hybrid,Diploma,18,2025-04-01,677736,20.46,4,54,8,1,20,2.9,Pranay Garde,Chennai,Delhi,India,Active,2021,3,220,90.58
EMP00453,Anahita,Shanker,Male,29,Single,Operations,Operations Executive,Part-Time,Onsite,Master's,8,2025-05-22,556847,21.35,4,30,6,29,3,3.4,Hansh Bhat,Delhi,Delhi,India,Resigned,2025,3,145,75.4
EMP00454,Arhaan,Rana,Female,31,Married,IT,Data Engineer,Full-Time,Remote,MBA,6,2025-09-07,1891717,16.15,2,70,6,0,8,4.7,Yakshit Srinivas,Pune,West Bengal,India,Active,2023,5,204,85.39
EMP00455,Zeeshan,Krishnamurthy,Female,50,Married,Customer Support,Team Lead,Full-Time,Remote,Bachelor's,29,2021-01-16,912933,22.65,2,20,9,18,5,2.1,Amani Keer,Chennai,Karnataka,India,Active,2021,1,170,78.28
EMP00456,Aarav,Bains,Female,42,Single,Customer Support,Customer Support Executive,Part-Time,Onsite,Master's,17,2023-12-18,398850,13.46,3,80,10,33,16,4.7,Alia Behl,Guwahati,Telangana,India,Resigned,2024,2,235,75.16
EMP00457,Vedika,Manda,Male,32,Single,Sales,Business Development Associate,Contract,Remote,Diploma,8,2023-04-14,773482,10.25,4,12,5,0,20,2.5,Vardaniya Issac,Guwahati,Karnataka,India,Active,2020,4,191,87.97
EMP00458,Urvi,Keer,Male,33,Single,Human Resources,Talent Acquisition Specialist,Contract,Hybrid,Bachelor's,9,2020-02-11,651699,17.91,3,18,9,24,21,2.5,Samarth Bajwa,Guwahati,Telangana,India,Active,2021,4,240,92.93
EMP00459,Zeeshan,Dash,Female,33,Single,Finance,Finance Manager,Contract,Onsite,Master's,7,2022-05-08,1504659,11.4,5,46,4,35,4,4.8,Shamik Dora,Chennai,West Bengal,India,Active,2025,4,234,93.59
EMP00460,Samiha,Doctor,Female,47,Single,Marketing,Marketing Analyst,Full-Time,Hybrid,MBA,22,2016-10-23,775123,7.77,3,64,1,4,5,4.9,Riaan Andra,Kolkata,Delhi,India,Active,2018,1,157,94.83
EMP00461,Umang,Brahmbhatt,Male,25,Single,Marketing,Marketing Manager,Full-Time,Remote,MBA,1,2023-11-13,1443816,24.56,3,73,3,32,11,2.7,Kimaya Reddy,Pune,Telangana,India,Active,2023,1,198,76.66
EMP00462,Tarini,Krishnan,Male,35,Married,Customer Support,Customer Support Executive,Full-Time,Onsite,Bachelor's,14,2025-09-12,351109,7.9,3,65,10,12,0,2.1,Ritvik Sani,Bangalore,Telangana,India,Active,2019,2,160,77.95
EMP00463,Kartik,Bandi,Female,51,Single,Operations,Operations Manager,Part-Time,Hybrid,MBA,30,2019-08-07,942592,9.17,5,32,4,28,7,2.0,Vanya Sridhar,Bangalore,West Bengal,India,Resigned,2019,2,237,94.63
EMP00464,Damini,Som,Female,40,Single,Finance,Financial Analyst,Contract,Onsite,Bachelor's,14,2016-01-05,913960,21.11,3,49,14,12,22,2.6,Trisha Varma,Hyderabad,Delhi,India,Resigned,2018,1,169,99.22
EMP00465,Aarav,Venkatesh,Female,34,Married,Human Resources,HR Executive,Full-Time,Remote,Bachelor's,12,2018-02-02,572225,13.86,4,66,6,27,3,4.2,Divyansh Lata,Delhi,West Bengal,India,Resigned,2018,4,169,78.25
EMP00466,Hiran,Ray,Male,28,Married,Customer Support,Team Lead,Part-Time,Onsite,MBA,3,2020-12-15,760249,12.44,3,44,6,40,14,3.3,Piya Choudhury,Bangalore,Delhi,India,Resigned,2025,1,157,95.92
EMP00467,Lakshit,Doshi,Male,22,Married,Sales,Sales Manager,Part-Time,Remote,Master's,1,2019-11-14,1057188,16.85,4,74,7,31,5,4.6,Stuvan Ravi,Delhi,Karnataka,India,Active,2025,1,165,87.71
EMP00468,Vritika,Das,Female,37,Married,Marketing,SEO Specialist,Part-Time,Onsite,Diploma,11,2016-02-21,494466,16.92,3,72,3,36,13,3.5,Vidur Apte,Kolkata,Maharashtra,India,Active,2023,2,225,95.09
EMP00469,Pihu,Bains,Male,47,Single,Customer Support,Customer Support Executive,Full-Time,Remote,Diploma,21,2021-10-22,280188,16.77,3,47,2,26,13,4.0,Lakshay Contractor,Delhi,Karnataka,India,Active,2018,3,214,80.9
EMP00470,Tanya,Gill,Male,58,Single,Customer Support,Customer Support Executive,Full-Time,Hybrid,Diploma,32,2024-03-14,406043,18.7,4,68,13,31,12,4.4,Kimaya Kunda,Pune,Tamil Nadu,India,Resigned,2019,4,188,98.89
EMP00471,Saksham,Dugar,Female,40,Single,Finance,Financial Analyst,Full-Time,Remote,Diploma,18,2020-06-09,1098755,6.02,1,38,13,39,14,3.4,Neysa Borra,Bangalore,Maharashtra,India,Active,2024,1,160,91.52
EMP00472,Divit,Tailor,Female,38,Married,Operations,Operations Executive,Part-Time,Onsite,Master's,17,2022-01-27,361750,8.21,4,8,15,37,9,2.4,Inaaya  Badal,Hyderabad,Tamil Nadu,India,Active,2025,5,187,85.94
EMP00473,Mehul,Badal,Male,25,Married,Human Resources,Talent Acquisition Specialist,Contract,Onsite,Master's,2,2016-12-07,683165,14.27,5,80,9,5,5,4.3,Oorja Tank,Guwahati,Telangana,India,Active,2022,1,215,83.87
EMP00474,Lakshit,Gopal,Female,27,Single,Operations,Operations Executive,Contract,Hybrid,MBA,5,2017-11-25,728989,21.7,4,55,14,37,25,3.1,Miraan Borra,Kolkata,Telangana,India,Resigned,2024,1,174,86.33
EMP00475,Suhana,Sanghvi,Male,50,Single,Sales,Sales Executive,Part-Time,Remote,MBA,26,2015-09-23,449253,12.9,3,73,13,36,25,2.5,Arhaan Sridhar,Guwahati,Tamil Nadu,India,Active,2024,1,219,95.83
EMP00476,Vihaan,Swamy,Male,35,Single,Human Resources,HR Manager,Part-Time,Hybrid,MBA,12,2015-10-30,1314987,14.91,4,56,9,16,10,2.8,Umang Dara,Delhi,West Bengal,India,Resigned,2018,2,229,82.23
EMP00477,Amira,Borra,Female,47,Married,Human Resources,Talent Acquisition Specialist,Contract,Remote,Master's,23,2019-09-02,796154,21.79,2,15,3,29,17,3.9,Samar Basu,Pune,Telangana,India,Resigned,2022,5,194,90.41
EMP00478,Siya,Ram,Male,47,Married,IT,Software Engineer,Contract,Remote,MBA,24,2022-11-02,2083924,7.27,4,66,14,11,1,3.4,Ishaan Gera,Pune,Telangana,India,Active,2021,5,208,93.82
EMP00479,Hunar,Ramesh,Female,48,Married,IT,IT Support,Contract,Hybrid,Diploma,25,2017-04-28,325769,13.63,3,11,10,19,16,3.2,Inaaya  Brahmbhatt,Hyderabad,Assam,India,Resigned,2022,2,141,95.5
EMP00480,Priyansh,Dada,Male,45,Single,Sales,Sales Manager,Part-Time,Hybrid,MBA,21,2019-10-02,1745021,6.08,3,56,6,15,25,3.2,Chirag Loke,Hyderabad,Tamil Nadu,India,Resigned,2021,1,141,92.37
EMP00481,Abram,Grover,Female,33,Married,Operations,Operations Manager,Contract,Onsite,Diploma,12,2016-10-18,870603,24.87,4,17,5,5,5,2.0,Vritika Sant,Mumbai,Maharashtra,India,Resigned,2024,4,231,87.36
EMP00482,Jayesh,Tripathi,Male,27,Married,IT,Software Engineer,Part-Time,Onsite,Diploma,4,2017-03-13,1044163,22.33,3,66,9,3,6,3.6,Shlok Bora,Guwahati,Tamil Nadu,India,Resigned,2020,3,173,98.7
EMP00483,Mishti,Suri,Male,29,Single,Finance,Accountant,Full-Time,Remote,Diploma,8,2016-06-07,613959,10.71,2,30,12,29,10,3.6,Kiara Chokshi,Guwahati,Telangana,India,Active,2025,4,239,84.95
EMP00484,Madhav,Roy,Female,40,Single,Finance,Financial Analyst,Full-Time,Hybrid,Master's,17,2022-06-14,532196,11.5,5,10,7,38,25,3.6,Arhaan Suresh,Bangalore,Karnataka,India,Active,2023,2,179,75.3
EMP00485,Shamik,Karnik,Male,26,Married,Customer Support,Customer Support Executive,Contract,Onsite,Bachelor's,2,2020-10-09,278042,5.31,3,13,15,13,17,4.1,Samarth Swaminathan,Hyderabad,Delhi,India,Active,2020,5,198,99.01
EMP00486,Tejas,Deo,Male,56,Married,IT,Data Engineer,Contract,Hybrid,Master's,35,2024-10-20,1909235,10.36,3,34,3,28,21,4.7,Yuvaan Rege,Kolkata,Tamil Nadu,India,Resigned,2020,5,170,80.96
EMP00487,Ela,Doshi,Male,29,Married,Customer Support,Customer Support Executive,Part-Time,Hybrid,Diploma,8,2016-09-10,273478,7.29,3,5,4,0,5,4.7,Sumer Bhatnagar,Guwahati,Telangana,India,Resigned,2019,1,210,77.09
EMP00488,Alisha,Rajan,Male,46,Single,Sales,Sales Executive,Full-Time,Remote,Bachelor's,23,2019-03-07,634836,14.14,3,80,5,12,10,4.3,Kanav Chaudhari,Bangalore,Maharashtra,India,Resigned,2022,3,235,89.71
EMP00489,Mehul,Sankar,Female,23,Single,Marketing,Marketing Analyst,Contract,Onsite,Bachelor's,0,2018-09-19,874473,12.35,2,80,6,28,17,3.7,Anahita Chakraborty,Kolkata,West Bengal,India,Resigned,2021,3,210,78.52
EMP00490,Renee,Sanghvi,Male,46,Married,IT,IT Support,Part-Time,Remote,Master's,22,2016-10-14,646246,7.53,3,51,10,23,25,4.8,Arhaan Varma,Bangalore,West Bengal,India,Resigned,2025,5,213,88.98
EMP00491,Kartik,Tandon,Male,22,Single,Customer Support,Customer Support Executive,Part-Time,Remote,Diploma,1,2019-04-07,402456,23.8,3,28,5,8,15,3.3,Nehmat Subramaniam,Bangalore,Delhi,India,Active,2025,3,205,89.69
EMP00492,Yuvaan,Doctor,Female,38,Single,Marketing,Marketing Analyst,Contract,Hybrid,Diploma,17,2024-02-05,836962,10.5,4,11,12,31,0,2.2,Drishya Batta,Bangalore,Delhi,India,Active,2022,4,162,87.58
EMP00493,Navya,Sekhon,Male,39,Single,IT,Data Engineer,Full-Time,Onsite,MBA,14,2024-12-13,1088931,24.49,2,49,8,23,0,3.8,Ehsaan Kade,Guwahati,Assam,India,Active,2019,3,163,85.69
EMP00494,Yakshit,Kanda,Female,45,Single,Operations,Operations Executive,Contract,Remote,Diploma,19,2023-05-05,603685,13.26,4,46,5,36,25,3.7,Vedika Shere,Kolkata,Assam,India,Resigned,2023,2,216,81.43
EMP00495,Ojas,Deol,Male,27,Married,Marketing,Marketing Analyst,Part-Time,Hybrid,Master's,4,2019-08-21,872748,11.75,3,64,11,25,7,4.8,Anya Vora,Pune,Tamil Nadu,India,Active,2024,3,209,85.89
EMP00496,Yakshit,Gole,Male,34,Married,Operations,Operations Manager,Part-Time,Hybrid,MBA,11,2020-01-09,1759451,12.05,3,61,1,21,10,3.1,Nirvaan Bala,Pune,Delhi,India,Active,2020,1,216,75.85
EMP00497,Shamik,Dhingra,Male,24,Single,Sales,Sales Manager,Contract,Remote,Diploma,0,2016-03-14,1289833,19.34,4,11,8,18,22,3.1,Shalv Sengupta,Kolkata,Karnataka,India,Resigned,2019,2,140,97.32
EMP00498,Vidur,Ram,Male,50,Married,Operations,Operations Executive,Contract,Remote,Master's,26,2017-01-16,709863,14.27,3,10,1,39,10,3.7,Azad Talwar,Hyderabad,Telangana,India,Resigned,2018,2,225,93.77
EMP00499,Miraya,Golla,Male,47,Married,Human Resources,HR Executive,Contract,Onsite,Bachelor's,26,2015-02-09,500914,24.11,5,41,12,32,19,5.0,Darshit Kalita,Hyderabad,Tamil Nadu,India,Active,2023,3,237,93.75
EMP00500,Aarav,Kumar,Male,43,Married,Sales,Business Development Associate,Contract,Hybrid,Master's,22,2021-05-11,605272,19.33,3,38,12,34,12,4.9,Shalv Gara,Kolkata,Tamil Nadu,India,Resigned,2022,5,229,99.08
EMP00501,Hiran,Kulkarni,Male,22,Single,Sales,Sales Executive,Contract,Onsite,Master's,0,2015-03-26,644029,9.38,3,37,2,11,9,2.7,Jivin Hari,Hyderabad,Assam,India,Active,2019,1,234,94.69
EMP00502,Sara,Vig,Female,48,Married,IT,Data Analyst,Part-Time,Onsite,Master's,24,2022-03-19,754778,6.75,1,47,15,8,19,3.8,Dharmajan Chadha,Pune,Karnataka,India,Active,2024,1,169,98.83
EMP00503,Dhruv,Soni,Male,33,Single,Finance,Accountant,Part-Time,Onsite,Master's,12,2022-07-11,544009,6.98,4,75,4,22,5,4.4,Jayant Bhatt,Bangalore,Maharashtra,India,Resigned,2019,5,213,97.75
EMP00504,Vivaan,Varty,Male,45,Single,Operations,Operations Executive,Part-Time,Remote,Diploma,20,2022-09-12,514074,15.7,2,76,12,10,22,4.4,Pihu Krishnamurthy,Kolkata,Maharashtra,India,Resigned,2020,5,214,86.99
EMP00505,Badal,Toor,Female,43,Single,Finance,Finance Manager,Contract,Remote,Bachelor's,19,2018-02-04,1044810,6.32,2,40,5,9,1,4.9,Arnav Sidhu,Hyderabad,Tamil Nadu,India,Active,2018,2,234,90.68
EMP00506,Anahi,Ranganathan,Female,35,Married,Human Resources,HR Executive,Full-Time,Remote,Bachelor's,11,2015-05-28,376585,11.89,3,11,7,32,2,4.4,Yuvraj  Dugar,Kolkata,Assam,India,Resigned,2025,4,185,84.95
EMP00507,Arnav,Biswas,Male,56,Married,IT,Data Analyst,Part-Time,Remote,Master's,33,2021-11-08,813039,16.35,4,74,4,1,8,4.4,Ryan Ramachandran,Kolkata,Maharashtra,India,Resigned,2025,1,204,76.4
EMP00508,Mahika,Hans,Male,45,Married,Marketing,Marketing Manager,Contract,Remote,Master's,21,2024-12-03,1743245,16.35,3,60,1,19,20,3.0,Shamik Sengupta,Chennai,Telangana,India,Resigned,2020,4,164,78.24
EMP00509,Ishita,Toor,Female,49,Single,Finance,Accountant,Contract,Onsite,Diploma,23,2016-07-05,484074,7.95,5,73,15,32,20,2.7,Eshani Trivedi,Chennai,Assam,India,Active,2024,3,168,80.03
EMP00510,Jhanvi,Bora,Female,30,Married,Sales,Sales Executive,Contract,Onsite,MBA,7,2024-12-13,682384,14.99,3,39,1,31,12,4.4,Dhruv Doctor,Pune,Tamil Nadu,India,Resigned,2023,2,186,99.18
EMP00511,Nirvi,D’Alia,Male,52,Married,Marketing,SEO Specialist,Full-Time,Hybrid,Master's,27,2021-04-30,496987,11.46,4,44,15,36,10,4.8,Mahika Bhatnagar,Pune,West Bengal,India,Resigned,2025,2,154,96.34
EMP00512,Dhruv,Bakshi,Male,39,Married,Finance,Financial Analyst,Contract,Hybrid,Master's,17,2020-01-31,1117088,18.16,3,44,13,7,9,3.4,Indrajit Lal,Delhi,Telangana,India,Active,2018,5,222,92.16
EMP00513,Neysa,Dayal,Female,55,Single,Human Resources,HR Manager,Full-Time,Hybrid,Master's,29,2025-07-17,875124,17.86,3,39,13,27,16,2.5,Tanya Bumb,Mumbai,Telangana,India,Resigned,2023,2,168,97.62
EMP00514,Arnav,Iyengar,Male,58,Single,Marketing,SEO Specialist,Full-Time,Remote,Diploma,32,2016-06-24,496096,22.13,5,46,15,4,0,2.5,Shray Rege,Bangalore,Maharashtra,India,Resigned,2020,3,199,91.56
EMP00515,Indrans,Khare,Male,23,Married,Finance,Financial Analyst,Full-Time,Hybrid,Master's,0,2019-10-09,629413,19.38,3,8,7,33,24,4.9,Rohan Batta,Hyderabad,Assam,India,Active,2021,2,161,78.77
EMP00516,Onkar,Keer,Female,34,Single,Operations,Operations Manager,Contract,Remote,Diploma,9,2017-07-18,1247554,17.14,2,11,7,2,15,4.4,Kiara Mand,Delhi,Assam,India,Active,2021,4,144,77.47
EMP00517,Taran,Bawa,Male,47,Single,Marketing,Marketing Analyst,Full-Time,Onsite,Master's,25,2016-09-30,446997,7.83,3,38,6,30,6,2.5,Lakshit Borde,Mumbai,Telangana,India,Active,2022,3,159,83.65
EMP00518,Manjari,Sura,Male,33,Single,Operations,Operations Executive,Full-Time,Hybrid,MBA,10,2023-01-17,768768,9.58,3,67,1,7,17,3.7,Devansh Brar,Chennai,Assam,India,Active,2023,2,141,97.21
EMP00519,Samarth,Bedi,Male,46,Married,Human Resources,HR Executive,Full-Time,Hybrid,MBA,20,2023-09-09,441496,6.44,2,27,10,20,8,3.7,Akarsh Sidhu,Hyderabad,Karnataka,India,Resigned,2022,1,212,98.33
EMP00520,Dishani,Maharaj,Female,46,Single,Human Resources,Talent Acquisition Specialist,Full-Time,Onsite,Master's,24,2023-01-31,568317,20.04,4,16,3,31,3,3.3,Reyansh Gala,Pune,West Bengal,India,Resigned,2024,1,212,98.87
EMP00521,Vardaniya,Chhabra,Female,32,Single,Marketing,Marketing Analyst,Full-Time,Onsite,Bachelor's,6,2015-10-31,741853,17.6,4,31,4,26,11,3.1,Biju Chanda,Chennai,Delhi,India,Active,2023,2,169,78.12
EMP00522,Tiya,Sane,Female,26,Married,Human Resources,HR Executive,Contract,Hybrid,Diploma,2,2016-05-10,534535,23.47,4,60,9,19,9,4.7,Piya Gandhi,Delhi,West Bengal,India,Active,2024,3,194,92.27
EMP00523,Lagan,Raju,Female,43,Single,Human Resources,HR Manager,Part-Time,Remote,Bachelor's,18,2024-08-14,724173,18.89,4,22,10,7,20,3.8,Ela Batra,Mumbai,Delhi,India,Resigned,2023,1,160,88.23
EMP00524,Madhav,Das,Male,35,Married,Marketing,SEO Specialist,Contract,Hybrid,Bachelor's,12,2022-07-25,643386,20.83,5,38,5,27,7,2.9,Lagan Chauhan,Delhi,West Bengal,India,Active,2021,3,175,89.46
EMP00525,Reyansh,Sinha,Female,39,Single,Sales,Sales Executive,Full-Time,Remote,Bachelor's,14,2021-06-12,888625,24.35,4,71,14,36,21,5.0,Umang Sawhney,Guwahati,Delhi,India,Active,2020,1,201,94.04
EMP00526,Madhav,Doshi,Male,55,Single,Marketing,SEO Specialist,Full-Time,Onsite,MBA,30,2018-05-19,419159,7.13,2,33,15,19,12,4.3,Akarsh Sengupta,Kolkata,Telangana,India,Resigned,2023,4,185,88.22
EMP00527,Hunar,Solanki,Female,43,Single,IT,IT Support,Full-Time,Hybrid,Master's,18,2017-02-18,489003,8.81,2,33,4,25,12,3.2,Shamik Chad,Bangalore,Maharashtra,India,Active,2021,3,198,82.32
EMP00528,Anaya,Gopal,Male,28,Married,Sales,Sales Manager,Part-Time,Hybrid,Bachelor's,6,2017-05-01,1857876,14.32,4,11,7,36,8,2.6,Taimur Shetty,Mumbai,Karnataka,India,Active,2023,1,159,80.71
EMP00529,Kartik,Singhal,Male,25,Single,Customer Support,Team Lead,Full-Time,Remote,Master's,3,2025-08-15,504885,8.95,3,18,6,1,4,3.2,Hansh Hora,Guwahati,Maharashtra,India,Active,2024,4,186,98.32
EMP00530,Dhruv,Vala,Male,49,Single,Human Resources,HR Manager,Full-Time,Hybrid,Master's,27,2024-08-06,1201626,5.93,3,67,13,37,17,3.6,Ojas Koshy,Guwahati,Maharashtra,India,Active,2019,4,231,79.08
EMP00531,Dhanuk,Ravel,Male,30,Married,Finance,Finance Manager,Part-Time,Onsite,Master's,7,2023-12-09,1753880,15.74,4,28,10,26,3,4.8,Veer Srinivasan,Bangalore,Assam,India,Resigned,2020,3,204,96.81
EMP00532,Badal,Dua,Female,42,Single,Human Resources,HR Executive,Full-Time,Onsite,MBA,21,2016-09-29,371025,24.65,2,11,3,11,3,3.7,Hazel Karnik,Mumbai,Telangana,India,Active,2025,1,202,82.28
EMP00533,Mohanlal,Khare,Male,36,Married,Human Resources,Talent Acquisition Specialist,Part-Time,Remote,Master's,14,2025-06-16,454299,7.26,4,28,4,16,7,2.5,Kaira Kalla,Hyderabad,Telangana,India,Resigned,2024,2,164,93.5
EMP00534,Faiyaz,Chauhan,Female,34,Single,Human Resources,Talent Acquisition Specialist,Contract,Hybrid,Master's,8,2021-01-19,554364,20.76,4,69,10,0,11,3.3,Miraan Mallick,Chennai,Tamil Nadu,India,Active,2024,4,221,91.45
EMP00535,Zain,Khare,Female,42,Single,Finance,Finance Manager,Full-Time,Onsite,MBA,16,2023-04-24,1422199,7.34,4,8,13,5,4,3.0,Hunar Kadakia,Pune,Delhi,India,Active,2020,5,180,82.9
EMP00536,Heer,Sama,Male,49,Single,Operations,Operations Manager,Part-Time,Onsite,Master's,27,2017-08-10,1071800,19.09,3,18,2,35,10,2.5,Neysa Lata,Delhi,Delhi,India,Active,2019,2,240,76.91
EMP00537,Chirag,Shetty,Female,29,Single,Operations,Operations Manager,Contract,Onsite,Diploma,8,2020-09-25,1383293,13.84,2,5,13,19,9,3.6,Dishani Sachdeva,Kolkata,Assam,India,Resigned,2023,4,221,85.04
EMP00538,Inaaya ,Subramanian,Male,41,Married,Customer Support,Team Lead,Contract,Hybrid,Bachelor's,19,2023-05-26,861851,6.8,4,73,3,2,9,4.6,Piya Krish,Guwahati,Delhi,India,Resigned,2022,5,228,88.17
EMP00539,Faiyaz,Srinivasan,Female,34,Single,Operations,Operations Executive,Part-Time,Remote,MBA,13,2020-10-05,453131,9.89,3,17,7,12,17,3.6,Zain Sodhi,Kolkata,Tamil Nadu,India,Active,2023,5,228,79.05
EMP00540,Alia,Hegde,Female,58,Single,Marketing,Marketing Manager,Contract,Onsite,Diploma,33,2016-12-01,1155921,8.54,5,15,7,13,15,3.4,Reyansh Ramanathan,Kolkata,West Bengal,India,Resigned,2019,1,149,79.75
EMP00541,Misha,Hayre,Female,36,Single,Operations,Operations Executive,Full-Time,Onsite,Bachelor's,10,2017-04-03,520585,22.13,4,59,2,31,12,4.4,Aarav Krishnan,Kolkata,Assam,India,Active,2020,4,217,86.11
EMP00542,Aaryahi,Loke,Female,54,Single,Marketing,Marketing Analyst,Contract,Hybrid,Bachelor's,29,2020-03-01,763215,7.77,5,56,12,24,11,3.3,Abram Tailor,Chennai,Tamil Nadu,India,Active,2023,3,168,90.06
EMP00543,Kavya,Chokshi,Female,22,Married,Operations,Operations Manager,Contract,Onsite,Diploma,0,2022-01-17,865985,10.1,4,75,1,25,15,3.1,Ishaan Kanda,Chennai,West Bengal,India,Resigned,2019,5,164,95.07
EMP00544,Samarth,Dhingra,Female,48,Single,Customer Support,Team Lead,Part-Time,Remote,Bachelor's,22,2016-04-05,514656,21.71,4,26,1,18,10,5.0,Ivana Kala,Bangalore,West Bengal,India,Active,2025,1,190,85.01
EMP00545,Pihu,Ghosh,Male,56,Married,IT,Data Analyst,Part-Time,Remote,Bachelor's,33,2015-03-16,1082530,7.99,4,65,10,35,7,4.9,Vaibhav Shenoy,Hyderabad,Maharashtra,India,Active,2018,2,145,91.99
EMP00546,Neelofar,Chandran,Male,47,Married,Operations,Operations Manager,Full-Time,Hybrid,Bachelor's,21,2023-07-10,1497267,5.62,4,7,9,36,1,3.9,Arnav Bhagat,Kolkata,West Bengal,India,Resigned,2019,1,169,81.78
EMP00547,Nirvaan,Choudhary,Female,38,Married,Sales,Sales Manager,Full-Time,Remote,Master's,16,2025-08-25,1519205,7.5,3,66,10,22,19,2.0,Nirvi Sarin,Kolkata,Delhi,India,Resigned,2025,1,173,87.47
EMP00548,Divij,Edwin,Male,56,Married,Marketing,SEO Specialist,Full-Time,Onsite,Master's,35,2018-05-28,471509,23.93,3,12,2,22,6,4.8,Vritika Sachar,Delhi,Telangana,India,Resigned,2021,2,221,99.25
EMP00549,Heer,Solanki,Female,39,Married,Marketing,Marketing Analyst,Part-Time,Onsite,Bachelor's,18,2019-10-10,753950,13.97,3,56,14,8,22,2.2,Nirvaan Raman,Mumbai,Tamil Nadu,India,Active,2023,3,216,77.32
EMP00550,Aarna,Datta,Female,39,Single,Marketing,SEO Specialist,Part-Time,Onsite,Bachelor's,18,2018-06-12,627308,9.44,3,31,5,29,6,2.4,Manjari Kant,Kolkata,West Bengal,India,Active,2019,2,170,95.64
EMP00551,Tiya,Raja,Female,24,Married,IT,Software Engineer,Part-Time,Onsite,Master's,0,2019-10-16,1696604,23.53,3,20,2,20,21,4.2,Zaina Bhat,Guwahati,Assam,India,Active,2019,5,212,96.59
EMP00552,Tejas,Kashyap,Female,52,Single,Sales,Sales Manager,Contract,Onsite,Bachelor's,29,2022-09-09,1728394,18.79,5,60,5,38,18,2.3,Onkar Shenoy,Hyderabad,West Bengal,India,Active,2018,5,169,95.82
EMP00553,Zoya,Kumer,Female,28,Married,Operations,Operations Manager,Contract,Remote,Bachelor's,4,2016-11-01,1587567,21.85,5,52,9,28,5,2.2,Oorja Rau,Bangalore,Maharashtra,India,Resigned,2025,5,217,91.51
EMP00554,Saksham,Sarraf,Female,30,Single,Operations,Operations Executive,Full-Time,Remote,Master's,5,2024-03-12,522349,17.76,4,25,8,13,13,2.6,Nirvaan Mani,Hyderabad,Assam,India,Resigned,2019,1,213,81.14
EMP00555,Sara,Saraf,Male,39,Married,Marketing,Marketing Manager,Contract,Remote,MBA,13,2015-11-23,949276,8.9,2,45,6,14,25,4.0,Tara Ratti,Mumbai,Telangana,India,Active,2019,5,170,94.68
EMP00556,Jhanvi,Mander,Male,56,Married,Human Resources,HR Executive,Full-Time,Onsite,Diploma,35,2017-10-15,415876,9.13,1,46,2,32,22,2.2,Bhamini Maharaj,Hyderabad,Telangana,India,Resigned,2021,4,236,85.05
EMP00557,Adira,Chahal,Female,44,Married,Marketing,Marketing Analyst,Part-Time,Remote,Diploma,18,2017-06-07,818633,16.36,4,16,8,40,9,3.1,Abram Loke,Delhi,Maharashtra,India,Resigned,2022,2,190,98.91
EMP00558,Hansh,Bansal,Female,30,Single,IT,Data Analyst,Full-Time,Remote,Diploma,9,2022-05-27,1181738,24.18,4,37,7,33,2,3.0,Anvi Borah,Kolkata,Karnataka,India,Resigned,2024,3,145,99.38
EMP00559,Azad,Dutt,Male,57,Married,Human Resources,HR Executive,Contract,Remote,Diploma,35,2017-02-12,636713,14.91,3,45,10,33,24,2.8,Tarini Dayal,Mumbai,Tamil Nadu,India,Active,2020,5,208,94.09
EMP00560,Anvi,Sabharwal,Male,51,Single,Sales,Business Development Associate,Part-Time,Remote,Bachelor's,28,2020-09-16,631876,15.15,2,54,13,35,3,2.6,Prerak Chaudhary,Guwahati,West Bengal,India,Resigned,2021,2,167,85.12
EMP00561,Damini,Jhaveri,Male,22,Single,Customer Support,Team Lead,Contract,Onsite,MBA,0,2020-01-16,638678,14.0,4,26,2,2,8,2.4,Mannat Suri,Chennai,Assam,India,Resigned,2019,1,147,92.68
EMP00562,Shanaya,Kashyap,Male,39,Married,Marketing,Marketing Manager,Part-Time,Onsite,Diploma,15,2021-08-20,1551568,9.09,4,76,1,34,14,2.5,Saira Mahajan,Delhi,West Bengal,India,Resigned,2020,2,177,75.35
EMP00563,Shanaya,Bail,Female,48,Single,Customer Support,Customer Support Executive,Part-Time,Hybrid,Master's,27,2016-12-07,536342,6.4,5,9,15,10,1,3.1,Aarna Bath,Pune,Tamil Nadu,India,Active,2018,3,199,86.89
EMP00564,Anahita,Dube,Male,28,Married,Sales,Sales Executive,Part-Time,Remote,Master's,4,2015-09-03,327259,7.4,1,70,10,34,12,4.4,Romil Mani,Chennai,Karnataka,India,Resigned,2024,1,203,77.77
EMP00565,Rasha,Uppal,Male,26,Single,Finance,Finance Manager,Contract,Onsite,Bachelor's,3,2024-01-22,1156773,16.67,3,80,6,0,4,2.9,Umang Desai,Guwahati,Assam,India,Resigned,2020,4,218,75.57
EMP00566,Anahita,Dani,Male,44,Single,Operations,Operations Executive,Contract,Onsite,Bachelor's,22,2019-09-20,491740,11.39,2,9,6,37,17,4.8,Ivan Char,Delhi,Delhi,India,Resigned,2024,3,233,90.17
EMP00567,Anay,Upadhyay,Male,52,Married,IT,IT Support,Part-Time,Onsite,Master's,31,2017-11-11,539173,6.72,5,77,9,28,21,2.9,Vanya Kar,Mumbai,West Bengal,India,Active,2024,5,233,90.63
EMP00568,Vardaniya,Yogi,Male,42,Single,Customer Support,Customer Support Executive,Contract,Onsite,Diploma,21,2023-10-23,417017,18.73,5,26,12,11,4,4.2,Riya Ganguly,Mumbai,Karnataka,India,Resigned,2018,2,237,80.45
EMP00569,Ivana,Butala,Male,57,Single,Human Resources,HR Executive,Full-Time,Onsite,Diploma,32,2015-03-16,622103,9.03,5,54,14,1,18,3.4,Aniruddh Dhillon,Guwahati,Telangana,India,Active,2024,1,209,94.88
EMP00570,Shanaya,Keer,Female,27,Single,Sales,Sales Manager,Contract,Onsite,MBA,6,2021-02-03,906246,18.89,5,71,2,15,14,3.0,Jiya Bansal,Bangalore,Assam,India,Resigned,2020,1,164,90.9
EMP00571,Ivan,Varughese,Male,45,Married,Customer Support,Customer Support Executive,Contract,Onsite,Bachelor's,24,2015-10-08,393307,21.2,4,17,3,27,14,4.1,Yasmin Bali,Delhi,Telangana,India,Active,2020,2,205,86.17
EMP00572,Nayantara,Vyas,Male,22,Single,Customer Support,Team Lead,Contract,Onsite,MBA,0,2025-11-09,583765,7.14,1,16,1,22,14,2.3,Vivaan Batta,Pune,Maharashtra,India,Active,2023,3,212,75.45
EMP00573,Ela,Mann,Female,24,Single,Operations,Operations Manager,Full-Time,Remote,MBA,3,2016-04-13,1280542,23.93,2,59,15,11,6,4.1,Lakshay Chandra,Mumbai,West Bengal,India,Resigned,2024,3,168,98.89
EMP00574,Shray,Gala,Male,46,Married,Customer Support,Team Lead,Contract,Hybrid,Bachelor's,23,2018-07-02,691863,14.82,3,24,12,40,6,3.2,Hrishita Shroff,Bangalore,Delhi,India,Resigned,2019,2,198,91.7
EMP00575,Kismat,Ray,Male,22,Single,Finance,Accountant,Part-Time,Remote,Bachelor's,0,2020-01-30,534068,13.26,4,25,8,18,15,4.8,Anya Virk,Chennai,Tamil Nadu,India,Resigned,2022,2,156,80.88
EMP00576,Tushar,Deo,Female,35,Married,Customer Support,Team Lead,Contract,Remote,Bachelor's,9,2024-02-07,585787,7.02,3,56,13,16,18,4.1,Anahita Lata,Guwahati,Assam,India,Active,2019,5,158,86.59
EMP00577,Seher,Chaudry,Male,36,Single,Human Resources,Talent Acquisition Specialist,Part-Time,Hybrid,Master's,14,2019-10-24,576875,18.13,2,10,14,22,3,2.8,Mamooty Kurian,Bangalore,Delhi,India,Active,2019,4,146,82.77
EMP00578,Mishti,Dalal,Male,37,Single,Operations,Operations Manager,Contract,Hybrid,Bachelor's,16,2015-01-18,1668296,16.79,3,65,1,17,1,3.4,Anvi Tara,Pune,Maharashtra,India,Active,2024,2,237,99.69
EMP00579,Elakshi,Bahl,Female,25,Single,Sales,Business Development Associate,Part-Time,Remote,Diploma,0,2023-01-08,522310,16.97,1,26,2,10,22,2.2,Divit Korpal,Kolkata,West Bengal,India,Active,2024,1,194,75.69
EMP00580,Yuvraj ,Gill,Female,52,Married,Operations,Operations Executive,Part-Time,Onsite,Bachelor's,26,2023-09-27,371138,5.29,3,6,13,0,5,4.0,Yuvraj  Sankar,Chennai,Delhi,India,Active,2021,4,163,79.06
EMP00581,Aaina,Acharya,Female,24,Single,Customer Support,Customer Support Executive,Contract,Remote,Diploma,3,2019-05-20,312072,22.89,5,23,12,23,22,4.5,Tushar Dewan,Pune,Maharashtra,India,Active,2025,1,167,79.94
EMP00582,Shayak,Roy,Male,38,Single,Human Resources,Talent Acquisition Specialist,Full-Time,Remote,MBA,15,2020-11-10,511086,23.23,2,6,13,38,25,3.1,Ivana Warrior,Hyderabad,Assam,India,Resigned,2022,4,231,94.85
EMP00583,Shayak,Gala,Male,43,Single,Finance,Finance Manager,Contract,Remote,Diploma,17,2024-09-24,903292,23.15,4,46,4,20,15,3.0,Onkar Sharma,Delhi,Delhi,India,Active,2023,5,203,87.67
EMP00584,Nirvaan,Sur,Male,31,Married,Sales,Sales Manager,Full-Time,Remote,Diploma,10,2017-11-29,1603948,7.45,3,61,1,29,4,3.2,Aayush Doctor,Chennai,Assam,India,Resigned,2021,4,225,93.07
EMP00585,Kiaan,Devi,Male,42,Married,Finance,Financial Analyst,Full-Time,Onsite,MBA,18,2020-06-16,516720,24.94,4,72,13,21,8,3.3,Ivana Soni,Pune,Karnataka,India,Active,2018,4,223,97.31
EMP00586,Ojas,Mangal,Female,52,Single,Operations,Operations Executive,Full-Time,Remote,MBA,29,2016-08-12,576092,20.6,5,8,7,38,1,4.3,Charvi Uppal,Chennai,Maharashtra,India,Resigned,2018,5,217,94.3
EMP00587,Himmat,Doctor,Male,48,Single,Marketing,Marketing Analyst,Full-Time,Onsite,MBA,24,2021-06-24,757465,7.94,3,25,6,31,22,2.5,Shamik Mandal,Kolkata,Assam,India,Resigned,2020,4,233,80.16
EMP00588,Aaina,Kala,Female,33,Married,Human Resources,Talent Acquisition Specialist,Contract,Onsite,Master's,10,2016-12-22,454152,5.65,4,19,15,10,19,2.5,Adira Sem,Delhi,Assam,India,Resigned,2018,2,214,96.41
EMP00589,Tanya,Swamy,Male,33,Single,Finance,Financial Analyst,Part-Time,Onsite,Master's,10,2015-05-02,514590,9.17,3,10,15,5,12,3.2,Aniruddh Ranganathan,Guwahati,Delhi,India,Resigned,2022,4,213,80.6
EMP00590,Anvi,Guha,Male,58,Married,Human Resources,HR Manager,Full-Time,Onsite,Bachelor's,34,2016-10-16,1165149,8.2,4,21,12,38,7,3.7,Hiran Sodhi,Pune,Delhi,India,Resigned,2018,3,238,89.08
EMP00591,Pari,Kale,Female,49,Married,Marketing,Marketing Analyst,Part-Time,Hybrid,Bachelor's,28,2016-05-28,487138,8.39,4,43,14,0,16,3.6,Sumer Sant,Delhi,Tamil Nadu,India,Active,2018,2,163,94.29
EMP00592,Purab,Iyengar,Male,37,Single,Sales,Sales Manager,Contract,Onsite,Master's,14,2024-11-22,1163547,24.79,5,47,6,9,25,2.9,Ishita Shah,Mumbai,Delhi,India,Resigned,2022,2,219,79.84
EMP00593,Alia,Chada,Female,32,Married,Customer Support,Customer Support Executive,Contract,Onsite,Master's,9,2017-02-28,391277,24.03,4,61,15,5,5,2.4,Kiaan Sarraf,Kolkata,West Bengal,India,Resigned,2021,1,201,86.49
EMP00594,Tushar,Reddy,Female,32,Married,IT,Data Engineer,Part-Time,Hybrid,Master's,10,2018-02-12,2128840,18.36,3,56,6,6,15,3.5,Yakshit Dutta,Pune,Karnataka,India,Resigned,2019,2,229,75.64
EMP00595,Dishani,Dutt,Male,50,Single,IT,IT Support,Contract,Onsite,Bachelor's,24,2016-05-08,355519,10.99,2,31,6,22,0,4.0,Farhan Jhaveri,Mumbai,Tamil Nadu,India,Resigned,2025,5,199,90.94
EMP00596,Vanya,Ram,Male,30,Single,Sales,Sales Manager,Full-Time,Remote,Diploma,5,2021-10-15,1852179,12.09,3,53,1,30,15,3.1,Indrajit Dash,Mumbai,Delhi,India,Resigned,2025,5,225,82.25
EMP00597,Nirvaan,Chakraborty,Female,55,Married,Marketing,SEO Specialist,Full-Time,Onsite,MBA,33,2015-08-23,518107,19.74,2,79,8,17,12,2.2,Nirvi Deshpande,Pune,Delhi,India,Active,2020,2,184,75.22
EMP00598,Kavya,Kapoor,Female,44,Married,Human Resources,Talent Acquisition Specialist,Full-Time,Onsite,Diploma,23,2017-01-21,796850,5.8,4,6,10,5,9,3.2,Miraya Doctor,Mumbai,Karnataka,India,Resigned,2018,5,186,85.76
EMP00599,Madhup,Chhabra,Male,40,Married,Finance,Financial Analyst,Full-Time,Onsite,Master's,14,2020-05-08,742849,14.23,3,5,10,5,2,4.0,Alisha Banik,Hyderabad,West Bengal,India,Resigned,2024,1,227,93.71
EMP00600,Riya,Banik,Male,49,Single,Customer Support,Customer Support Executive,Contract,Onsite,MBA,25,2020-04-25,483147,10.66,2,30,11,9,7,2.3,Arnav Rama,Pune,Karnataka,India,Active,2021,1,189,83.72
EMP00601,Navya,Sankar,Female,34,Married,Customer Support,Team Lead,Full-Time,Onsite,Diploma,10,2016-04-21,594403,5.4,3,13,15,2,8,2.3,Misha Bath,Guwahati,Tamil Nadu,India,Active,2020,3,229,79.57
EMP00602,Kimaya,Choudhry,Male,36,Married,Finance,Accountant,Full-Time,Hybrid,Bachelor's,13,2021-04-14,390773,10.62,3,73,14,10,11,3.4,Shray Suri,Kolkata,Tamil Nadu,India,Resigned,2022,1,223,75.3
EMP00603,Badal,Cherian,Female,36,Married,Human Resources,Talent Acquisition Specialist,Contract,Onsite,Diploma,15,2018-10-20,728110,19.74,3,59,2,30,17,2.9,Kabir Konda,Guwahati,Tamil Nadu,India,Resigned,2022,2,198,76.28
EMP00604,Ojas,Sampath,Male,56,Single,Operations,Operations Manager,Part-Time,Hybrid,Master's,35,2015-12-04,1491139,16.54,4,78,14,33,11,2.3,Purab Vohra,Chennai,Karnataka,India,Active,2025,5,189,75.51
EMP00605,Pranay,Sastry,Male,49,Single,Finance,Accountant,Contract,Remote,Diploma,24,2019-08-15,480012,13.21,5,20,13,30,22,4.6,Darshit Raja,Chennai,Assam,India,Active,2018,5,197,87.7
EMP00606,Jayant,Lad,Female,35,Single,IT,IT Support,Full-Time,Remote,Diploma,9,2018-09-09,623966,6.17,3,7,11,20,25,3.9,Alia Saran,Pune,Assam,India,Active,2024,4,143,85.18
EMP00607,Jayan,Thakur,Female,25,Single,Finance,Financial Analyst,Part-Time,Onsite,Bachelor's,3,2024-05-29,1105951,15.68,4,31,7,35,4,4.5,Sana Gola,Chennai,Tamil Nadu,India,Resigned,2020,4,215,82.3
EMP00608,Vedika,Mann,Male,56,Married,Human Resources,HR Executive,Full-Time,Onsite,MBA,31,2023-01-19,472902,18.17,1,38,4,34,14,2.7,Sahil Sagar,Mumbai,Telangana,India,Active,2019,4,232,88.47
EMP00609,Gatik,Bail,Female,22,Single,Marketing,SEO Specialist,Full-Time,Hybrid,Bachelor's,0,2020-08-18,688270,23.74,2,5,9,9,20,4.9,Indrajit Krish,Pune,Telangana,India,Resigned,2018,4,146,80.09
EMP00610,Manjari,Rastogi,Male,26,Married,IT,Data Analyst,Contract,Hybrid,Bachelor's,1,2020-10-21,813678,6.51,4,48,11,33,16,3.6,Tejas Manne,Pune,Tamil Nadu,India,Active,2024,1,161,95.0
EMP00611,Uthkarsh,Gopal,Female,22,Single,Marketing,SEO Specialist,Full-Time,Remote,Bachelor's,0,2016-06-26,441871,19.72,3,37,11,24,20,2.9,Kanav Kapur,Bangalore,Karnataka,India,Active,2023,2,192,89.92
EMP00612,Yakshit,Mann,Female,31,Married,IT,Data Analyst,Full-Time,Onsite,Diploma,10,2025-07-12,561654,10.12,3,44,7,18,7,4.3,Adah Rao,Guwahati,Assam,India,Resigned,2022,1,171,96.84
EMP00613,Gatik,Ram,Female,54,Single,Customer Support,Team Lead,Full-Time,Hybrid,MBA,30,2024-06-04,520153,16.34,4,72,8,25,25,3.5,Darshit Bhatt,Bangalore,Delhi,India,Active,2022,2,217,88.11
EMP00614,Dishani,Bhatia,Female,48,Married,Finance,Financial Analyst,Contract,Onsite,Diploma,22,2025-10-12,511617,19.2,3,75,4,35,7,3.4,Drishya Khatri,Bangalore,Karnataka,India,Resigned,2018,3,155,81.18
EMP00615,Anya,Comar,Male,55,Married,IT,Software Engineer,Contract,Onsite,Master's,33,2015-07-20,1544000,22.06,4,56,11,3,20,4.6,Abram Bedi,Delhi,Delhi,India,Resigned,2019,1,166,87.91
EMP00616,Romil,Dara,Male,31,Married,IT,IT Support,Part-Time,Hybrid,Bachelor's,9,2018-08-09,371005,17.45,3,48,9,9,1,2.8,Priyansh Sood,Pune,Delhi,India,Active,2023,4,208,78.29
EMP00617,Dhruv,Bhandari,Male,45,Single,Human Resources,HR Executive,Part-Time,Remote,Bachelor's,22,2020-04-24,478977,18.13,5,67,13,19,7,3.4,Manikya Karan,Hyderabad,Assam,India,Resigned,2019,1,146,87.41
EMP00618,Suhana,Barad,Female,32,Married,Marketing,Marketing Analyst,Part-Time,Hybrid,Bachelor's,9,2022-03-16,476867,20.59,3,28,1,13,14,3.5,Eva Bala,Mumbai,West Bengal,India,Resigned,2020,2,180,99.66
EMP00619,Anvi,Ghose,Male,52,Married,Human Resources,Talent Acquisition Specialist,Contract,Remote,MBA,31,2024-05-21,439959,11.93,3,37,6,5,8,4.2,Aniruddh Gopal,Delhi,Karnataka,India,Resigned,2022,3,231,95.02
EMP00620,Anahi,Bir,Male,37,Single,Marketing,Marketing Manager,Contract,Remote,Master's,15,2019-02-07,1516386,16.77,3,74,13,17,0,3.2,Piya Dugar,Bangalore,Assam,India,Active,2021,5,187,97.88
EMP00621,Purab,Kale,Male,39,Married,IT,IT Support,Part-Time,Hybrid,Bachelor's,18,2022-09-04,448103,15.06,3,30,12,15,10,3.5,Ishita Balasubramanian,Mumbai,Assam,India,Resigned,2025,1,204,93.0
EMP00622,Advik,Khanna,Female,24,Single,IT,IT Support,Part-Time,Remote,Diploma,0,2025-11-12,404696,9.82,3,40,2,24,3,4.0,Hrishita Borah,Delhi,Tamil Nadu,India,Resigned,2018,3,198,94.97
EMP00623,Anaya,Tripathi,Male,23,Married,Operations,Operations Executive,Contract,Remote,MBA,0,2016-08-24,705937,13.42,4,42,8,12,2,4.4,Taran Dhawan,Pune,West Bengal,India,Active,2024,2,171,83.17
EMP00624,Aarush,Vyas,Female,22,Single,Customer Support,Team Lead,Part-Time,Remote,Master's,0,2025-05-07,525385,19.62,1,55,4,3,12,4.7,Nayantara Mall,Delhi,Telangana,India,Resigned,2022,1,219,88.63
EMP00625,Vihaan,Sani,Male,35,Married,Human Resources,HR Executive,Full-Time,Remote,Diploma,14,2024-08-21,372964,5.86,4,34,12,36,14,4.6,Aaryahi Madan,Guwahati,Karnataka,India,Resigned,2022,3,172,95.28
EMP00626,Nitara,Bhakta,Female,42,Married,Operations,Operations Executive,Part-Time,Remote,Master's,19,2015-06-29,413321,16.94,4,41,6,22,20,4.1,Vanya Jaggi,Bangalore,Maharashtra,India,Resigned,2025,1,180,92.49
EMP00627,Zain,Khurana,Male,48,Single,Marketing,Marketing Analyst,Part-Time,Remote,Bachelor's,26,2017-08-19,555363,13.46,1,52,6,23,16,4.4,Shlok Bhakta,Hyderabad,West Bengal,India,Active,2023,5,196,89.3
EMP00628,Kaira,Sami,Male,38,Married,Sales,Sales Executive,Part-Time,Onsite,MBA,13,2017-01-04,622532,21.95,4,20,6,37,1,3.2,Yuvraj  Chand,Kolkata,West Bengal,India,Resigned,2024,1,210,80.88
EMP00629,Ela,Kota,Male,53,Single,Sales,Business Development Associate,Contract,Hybrid,Diploma,31,2021-10-23,546217,14.78,4,77,13,15,0,2.7,Ryan Vaidya,Bangalore,Telangana,India,Resigned,2021,2,166,89.14
EMP00630,Rania,Gulati,Male,38,Single,Customer Support,Team Lead,Full-Time,Remote,Master's,15,2018-03-30,748196,5.43,3,73,3,39,22,2.3,Saira Gola,Mumbai,Maharashtra,India,Resigned,2021,2,237,94.96
EMP00631,Sana,Sood,Female,30,Single,IT,Data Engineer,Full-Time,Onsite,Master's,7,2018-04-16,1573358,7.49,5,61,1,8,12,2.0,Ojas Khosla,Pune,Assam,India,Resigned,2021,2,226,78.87
EMP00632,Tushar,Thaman,Male,31,Married,Customer Support,Team Lead,Contract,Hybrid,Master's,7,2022-01-05,985235,17.48,3,35,9,0,6,4.4,Aarush Dube,Bangalore,Telangana,India,Resigned,2019,1,221,86.82
EMP00633,Romil,Dixit,Female,25,Married,Operations,Operations Manager,Part-Time,Hybrid,Bachelor's,0,2023-03-01,1682751,10.65,4,29,4,0,1,3.3,Shayak Garg,Hyderabad,Tamil Nadu,India,Resigned,2021,1,206,98.13
EMP00634,Navya,Dayal,Female,58,Married,IT,IT Support,Full-Time,Remote,Bachelor's,33,2023-05-25,613112,8.14,2,33,4,27,9,3.6,Dhanush Wali,Delhi,Telangana,India,Active,2023,5,176,89.06
EMP00635,Diya,Sani,Male,23,Single,Sales,Sales Executive,Full-Time,Hybrid,Diploma,0,2017-10-27,471283,6.16,4,13,9,29,23,4.0,Vardaniya Chana,Chennai,Maharashtra,India,Resigned,2018,4,229,76.93
EMP00636,Mehul,Bhalla,Male,38,Married,Operations,Operations Executive,Full-Time,Remote,Bachelor's,16,2022-10-29,491211,16.48,4,61,14,15,0,2.4,Aniruddh Bose,Delhi,West Bengal,India,Resigned,2020,1,152,85.47
EMP00637,Pihu,Atwal,Male,50,Married,Sales,Sales Manager,Contract,Remote,MBA,26,2023-03-20,1635918,6.43,3,71,9,3,12,3.1,Baiju Dhar,Chennai,Karnataka,India,Active,2020,2,172,96.54
EMP00638,Purab,Bhatti,Male,54,Single,Sales,Sales Executive,Contract,Onsite,Diploma,31,2023-08-20,854994,6.22,1,43,4,15,13,2.1,Saanvi Lata,Hyderabad,Telangana,India,Active,2021,1,217,94.42
EMP00639,Azad,Bahl,Male,35,Married,Sales,Business Development Associate,Part-Time,Remote,Diploma,10,2015-10-11,781841,9.09,3,39,4,17,3,4.3,Tejas Dugal,Pune,Assam,India,Resigned,2022,5,141,89.33
EMP00640,Aayush,Mahal,Female,36,Single,Marketing,Marketing Manager,Part-Time,Remote,MBA,13,2022-03-02,901142,8.07,4,22,15,5,11,2.7,Keya Dara,Guwahati,Telangana,India,Resigned,2025,3,208,85.92
EMP00641,Shaan,Maharaj,Male,29,Single,Sales,Business Development Associate,Part-Time,Remote,MBA,3,2019-02-05,455626,19.45,3,36,10,17,3,3.1,Miraya Gour,Chennai,Delhi,India,Resigned,2024,4,177,98.2
EMP00642,Reyansh,Goswami,Male,50,Married,Finance,Financial Analyst,Full-Time,Remote,Master's,25,2024-07-10,902599,14.2,3,75,10,23,10,2.4,Riaan Raval,Guwahati,Maharashtra,India,Resigned,2018,2,161,80.7
EMP00643,Kimaya,Majumdar,Male,49,Single,Operations,Operations Executive,Part-Time,Onsite,Master's,24,2015-05-28,718714,14.26,3,80,6,26,15,2.2,Heer Karnik,Delhi,Karnataka,India,Resigned,2018,5,214,82.56
EMP00644,Arnav,Halder,Female,47,Single,IT,IT Support,Contract,Onsite,Bachelor's,21,2016-11-17,508977,8.09,5,8,2,6,5,3.7,Sara Dar,Pune,Assam,India,Active,2020,1,223,95.69
EMP00645,Alia,Varma,Female,24,Single,Human Resources,HR Manager,Part-Time,Hybrid,MBA,2,2019-05-09,749362,14.2,3,10,15,19,19,3.8,Chirag Yadav,Kolkata,Delhi,India,Resigned,2023,4,141,95.01
EMP00646,Ojas,Koshy,Male,28,Married,Marketing,Marketing Analyst,Part-Time,Onsite,Master's,5,2023-04-18,842581,7.09,4,40,5,14,16,2.2,Devansh Sachdev,Delhi,Karnataka,India,Resigned,2018,1,236,78.81
EMP00647,Kashvi,Kant,Female,42,Married,Finance,Finance Manager,Part-Time,Hybrid,MBA,16,2023-11-24,1019360,10.27,5,34,14,34,1,4.9,Anahita Salvi,Chennai,Maharashtra,India,Active,2024,4,178,95.36
EMP00648,Yuvaan,Deo,Male,30,Single,Human Resources,HR Manager,Full-Time,Onsite,Bachelor's,4,2017-06-11,1203070,11.63,3,76,9,14,3,3.1,Divyansh Bhardwaj,Chennai,Telangana,India,Active,2021,2,162,82.5
EMP00649,Ivana,Banik,Male,26,Married,Marketing,Marketing Manager,Part-Time,Onsite,Bachelor's,3,2019-03-08,1117373,13.49,4,74,11,22,23,3.3,Veer Sandal,Hyderabad,Maharashtra,India,Active,2020,1,205,91.61
EMP00650,Vanya,Ganesh,Female,26,Married,Marketing,Marketing Manager,Contract,Onsite,Master's,1,2021-03-10,1639490,24.42,4,21,13,8,18,4.3,Yakshit Vasa,Mumbai,Assam,India,Active,2024,3,235,75.74
EMP00651,Aaryahi,Gandhi,Male,33,Single,Operations,Operations Manager,Contract,Onsite,Master's,11,2022-12-06,1128673,10.37,5,9,13,17,5,3.8,Adira Goyal,Mumbai,Maharashtra,India,Active,2025,4,210,80.52
EMP00652,Lakshay,Sami,Female,23,Single,Marketing,SEO Specialist,Part-Time,Remote,Bachelor's,0,2019-01-06,561605,15.99,5,51,5,4,14,2.7,Kanav Kota,Bangalore,West Bengal,India,Active,2019,5,214,94.56
EMP00653,Dharmajan,Dewan,Male,46,Married,Sales,Business Development Associate,Part-Time,Onsite,MBA,20,2025-02-22,546937,22.5,3,13,13,11,23,3.2,Misha Virk,Bangalore,Delhi,India,Active,2018,3,200,93.88
EMP00654,Raunak,Korpal,Male,45,Married,Finance,Financial Analyst,Full-Time,Onsite,MBA,23,2017-11-01,587757,10.71,3,13,14,29,18,3.3,Krish Hegde,Pune,West Bengal,India,Active,2021,1,229,88.21
EMP00655,Rohan,Kapoor,Female,25,Single,Sales,Business Development Associate,Full-Time,Onsite,Diploma,4,2015-07-31,458071,17.62,1,75,13,40,3,3.0,Chirag Gole,Chennai,Delhi,India,Resigned,2025,1,192,91.06
EMP00656,Lakshit,Karpe,Female,49,Single,Operations,Operations Executive,Full-Time,Hybrid,Master's,27,2016-08-07,613298,5.55,5,22,6,1,21,3.2,Sana Wali,Mumbai,Maharashtra,India,Resigned,2019,3,180,93.46
EMP00657,Navya,Hora,Male,28,Single,IT,Software Engineer,Part-Time,Onsite,MBA,7,2015-03-20,1370073,9.18,1,10,11,24,4,3.7,Chirag Vaidya,Kolkata,Delhi,India,Active,2023,2,206,84.47
EMP00658,Hazel,Lal,Male,37,Married,Human Resources,HR Executive,Full-Time,Hybrid,Diploma,11,2016-10-10,483254,17.73,3,27,7,32,13,3.4,Adira Basu,Kolkata,Karnataka,India,Resigned,2020,5,200,95.76
EMP00659,Rania,Bhavsar,Male,27,Married,Sales,Sales Manager,Contract,Onsite,MBA,5,2024-05-12,1980110,8.19,3,52,2,26,9,4.6,Renee Srinivas,Chennai,Assam,India,Resigned,2024,3,225,80.83
EMP00660,Miraan,Master,Male,48,Married,Finance,Finance Manager,Part-Time,Remote,MBA,22,2021-07-05,1255555,13.22,5,30,12,29,20,3.0,Hrishita Ram,Pune,Delhi,India,Active,2024,1,190,93.27
EMP00661,Pihu,Shenoy,Male,52,Married,Finance,Accountant,Full-Time,Hybrid,Master's,28,2021-05-05,694600,20.5,1,31,4,5,0,4.3,Hazel Mangal,Delhi,Karnataka,India,Resigned,2025,5,231,75.48
EMP00662,Shlok,Sibal,Male,39,Married,Finance,Accountant,Full-Time,Onsite,MBA,14,2023-03-17,499671,5.23,3,29,7,22,24,3.2,Jiya Trivedi,Chennai,Tamil Nadu,India,Active,2019,2,222,85.34
EMP00663,Rasha,Wali,Female,58,Single,Marketing,Marketing Manager,Contract,Onsite,MBA,37,2018-04-11,1135086,19.63,4,8,13,10,11,2.1,Dishani Iyer,Delhi,Delhi,India,Active,2021,3,174,80.39
EMP00664,Kaira,Dhaliwal,Male,52,Single,Operations,Operations Manager,Full-Time,Hybrid,Master's,27,2024-05-05,1027027,22.87,3,41,2,34,2,2.1,Madhav Ramesh,Pune,Assam,India,Resigned,2019,4,209,99.98
EMP00665,Yakshit,Ravel,Male,24,Married,Operations,Operations Executive,Full-Time,Remote,MBA,3,2024-10-28,389157,20.74,3,80,2,36,21,2.3,Hrishita Chokshi,Delhi,Assam,India,Resigned,2019,2,157,94.57
EMP00666,Aayush,Sankar,Female,41,Married,Human Resources,Talent Acquisition Specialist,Part-Time,Hybrid,MBA,17,2022-08-24,559097,22.2,4,32,2,31,22,2.6,Yuvraj  Manda,Delhi,Delhi,India,Active,2018,4,178,90.37
EMP00667,Eshani,Bala,Female,29,Married,Human Resources,Talent Acquisition Specialist,Part-Time,Remote,MBA,4,2019-04-02,530811,8.51,3,57,3,27,21,4.0,Ira Chanda,Chennai,Maharashtra,India,Active,2020,3,176,87.16
EMP00668,Sahil,Rajan,Female,51,Single,Customer Support,Customer Support Executive,Part-Time,Hybrid,MBA,28,2025-06-23,443590,22.73,3,62,12,40,22,4.6,Amani Konda,Bangalore,West Bengal,India,Active,2025,2,189,85.11
EMP00669,Sana,Sarkar,Male,45,Single,Customer Support,Team Lead,Contract,Hybrid,Diploma,24,2019-07-18,951488,15.83,4,61,13,16,1,2.2,Pari Bhakta,Chennai,Assam,India,Active,2025,2,208,78.52
EMP00670,Aaryahi,Ganesan,Female,34,Single,Marketing,SEO Specialist,Full-Time,Hybrid,Bachelor's,9,2016-11-21,639519,5.78,3,80,9,20,4,4.3,Shalv Goda,Chennai,West Bengal,India,Active,2021,3,240,77.54
EMP00671,Prerak,Bhattacharyya,Male,23,Single,Human Resources,HR Executive,Full-Time,Remote,MBA,2,2018-11-22,514845,7.05,3,35,13,2,19,2.9,Rania Bose,Hyderabad,Delhi,India,Resigned,2019,5,182,96.79
EMP00672,Pranay,Bansal,Male,28,Single,Finance,Finance Manager,Part-Time,Onsite,Bachelor's,4,2023-07-14,1738721,18.35,3,49,7,14,0,2.3,Ranbir Mani,Guwahati,Karnataka,India,Active,2024,5,213,75.34
EMP00673,Jayan,Chandra,Male,42,Married,Customer Support,Team Lead,Full-Time,Onsite,Bachelor's,18,2021-03-13,861481,12.77,4,74,9,22,4,3.3,Purab Majumdar,Kolkata,Delhi,India,Resigned,2022,3,196,97.34
EMP00674,Riaan,Trivedi,Female,31,Married,Human Resources,HR Manager,Part-Time,Hybrid,Master's,8,2018-07-27,1134503,11.46,3,55,10,25,19,4.6,Zain Walia,Mumbai,Tamil Nadu,India,Resigned,2020,2,235,78.52
EMP00675,Kanav,Baria,Female,41,Single,Sales,Sales Executive,Full-Time,Hybrid,Master's,17,2017-05-20,432140,12.38,1,27,15,18,18,2.2,Ranbir Dora,Kolkata,Delhi,India,Active,2023,5,177,83.97
EMP00676,Purab,Chahal,Female,56,Married,Finance,Financial Analyst,Contract,Remote,Bachelor's,35,2018-08-12,737355,12.18,2,43,14,38,4,2.7,Ahana  Malhotra,Bangalore,West Bengal,India,Resigned,2021,4,140,84.91
EMP00677,Seher,Sur,Female,24,Single,Finance,Accountant,Contract,Remote,Bachelor's,0,2023-06-06,432256,6.16,3,33,4,15,20,2.1,Mannat Talwar,Hyderabad,West Bengal,India,Active,2024,2,163,96.04
EMP00678,Ira,Thakkar,Female,39,Married,Marketing,Marketing Manager,Contract,Remote,MBA,13,2023-01-19,1551846,11.63,2,54,4,8,23,2.9,Yakshit Soni,Chennai,Assam,India,Active,2025,1,240,93.5
EMP00679,Divyansh,Char,Female,44,Married,IT,Data Engineer,Contract,Remote,Diploma,18,2025-08-06,1270766,18.24,3,16,10,1,25,4.4,Veer Chad,Mumbai,Delhi,India,Active,2021,1,226,77.85
EMP00680,Ishita,Mall,Female,50,Single,Marketing,Marketing Manager,Part-Time,Remote,Bachelor's,27,2021-02-18,1108061,10.72,4,70,9,24,20,2.5,Zoya Buch,Chennai,Delhi,India,Active,2018,1,235,81.12
EMP00681,Veer,Kaur,Female,37,Single,Customer Support,Team Lead,Contract,Hybrid,Diploma,16,2023-09-01,821181,11.85,5,38,13,8,15,2.2,Urvi Bansal,Hyderabad,Delhi,India,Active,2018,1,152,94.47
EMP00682,Samarth,Viswanathan,Female,46,Married,Operations,Operations Executive,Part-Time,Onsite,Diploma,21,2024-02-19,496617,15.23,3,54,11,31,11,3.8,Dhanush Karpe,Bangalore,Delhi,India,Resigned,2022,3,155,75.54
EMP00683,Dharmajan,Mander,Male,42,Married,Marketing,Marketing Manager,Contract,Remote,MBA,16,2016-07-19,1015193,18.7,5,45,10,31,5,2.8,Rasha Sheth,Bangalore,Maharashtra,India,Active,2019,3,195,96.72
EMP00684,Aayush,Chaudhari,Male,22,Married,Operations,Operations Manager,Part-Time,Onsite,Master's,0,2025-02-07,1705989,20.48,3,72,1,3,14,2.6,Samaira Varkey,Bangalore,Telangana,India,Active,2022,3,148,92.94
EMP00685,Bhavin,Char,Male,50,Single,Marketing,SEO Specialist,Full-Time,Hybrid,Diploma,27,2019-06-28,352277,18.51,3,54,15,18,16,3.1,Samarth Hegde,Bangalore,Telangana,India,Resigned,2025,1,229,80.17
EMP00686,Hridaan,Dhaliwal,Male,38,Married,Human Resources,HR Manager,Part-Time,Hybrid,Bachelor's,17,2022-03-06,1155989,14.5,4,5,1,13,11,4.4,Divyansh Kaur,Mumbai,Tamil Nadu,India,Active,2021,5,233,87.74
EMP00687,Raghav,Biswas,Male,38,Single,Operations,Operations Executive,Full-Time,Onsite,Bachelor's,13,2018-03-16,450103,7.06,3,50,5,13,15,3.2,Nishith Kakar,Hyderabad,West Bengal,India,Resigned,2025,1,202,96.02
EMP00688,Arnav,Bali,Female,24,Single,Marketing,Marketing Manager,Full-Time,Onsite,Diploma,0,2017-12-10,1627622,21.53,5,59,9,6,11,3.2,Priyansh Deshpande,Hyderabad,Tamil Nadu,India,Active,2021,2,192,76.64
EMP00689,Kismat,Chadha,Male,42,Married,Customer Support,Customer Support Executive,Full-Time,Hybrid,Diploma,17,2023-01-25,535963,18.19,4,80,4,23,7,2.3,Armaan Gandhi,Guwahati,Karnataka,India,Active,2019,3,209,95.36
EMP00690,Anya,Jaggi,Female,53,Single,Marketing,SEO Specialist,Contract,Hybrid,MBA,31,2021-02-22,592234,13.53,4,12,6,4,20,4.9,Ahana  Kashyap,Mumbai,Assam,India,Resigned,2021,1,208,97.9
EMP00691,Kavya,Sahota,Female,22,Single,Marketing,Marketing Analyst,Full-Time,Remote,Bachelor's,1,2024-12-08,882268,21.55,4,12,1,24,6,4.1,Riya Amble,Chennai,Delhi,India,Active,2022,3,202,80.42
EMP00692,Ayesha,Vaidya,Male,52,Single,Operations,Operations Executive,Contract,Onsite,MBA,29,2018-11-29,563238,8.05,3,41,14,24,16,4.8,Ritvik Kumar,Chennai,Delhi,India,Resigned,2023,2,239,86.47
EMP00693,Bhamini,Jha,Male,30,Married,Finance,Finance Manager,Full-Time,Remote,Bachelor's,6,2017-01-16,1554067,7.69,2,13,12,2,23,3.0,Kaira Bail,Kolkata,Telangana,India,Resigned,2025,3,216,86.39
EMP00694,Hazel,Buch,Male,42,Single,IT,Software Engineer,Full-Time,Hybrid,Master's,20,2017-06-22,1895658,21.35,3,35,14,40,12,3.2,Madhup Dugal,Hyderabad,Delhi,India,Active,2022,4,208,83.33
EMP00695,Shray,Bhatia,Female,53,Single,Customer Support,Customer Support Executive,Part-Time,Onsite,Master's,31,2023-01-30,417577,19.59,3,31,13,1,17,4.6,Shaan Mangat,Kolkata,Delhi,India,Resigned,2024,2,188,89.96
EMP00696,Dhanuk,Kar,Male,22,Single,Customer Support,Customer Support Executive,Contract,Onsite,Master's,0,2024-02-08,526156,5.99,2,74,5,21,22,2.8,Saira Choudhry,Kolkata,Telangana,India,Resigned,2024,4,151,81.06
EMP00697,Rhea,Bahl,Male,56,Single,Marketing,SEO Specialist,Contract,Hybrid,Diploma,34,2016-11-28,649933,23.6,5,75,1,4,2,3.8,Tarini Bera,Chennai,Delhi,India,Active,2019,3,157,91.68
EMP00698,Rohan,Tata,Male,48,Married,IT,Software Engineer,Contract,Remote,Diploma,27,2020-04-27,1703940,23.49,4,50,7,26,7,2.5,Kiara Balasubramanian,Bangalore,Delhi,India,Resigned,2024,4,196,87.87
EMP00699,Ritvik,Choudhury,Female,34,Married,Operations,Operations Executive,Part-Time,Remote,Diploma,9,2021-05-23,502795,11.45,2,48,2,36,17,3.8,Vivaan Vasa,Guwahati,West Bengal,India,Resigned,2018,5,164,97.8
EMP00700,Saksham,Char,Male,23,Single,Sales,Business Development Associate,Part-Time,Onsite,Diploma,0,2020-12-19,817634,5.79,2,73,13,25,11,4.6,Mahika Atwal,Hyderabad,Assam,India,Active,2018,5,163,81.55
EMP00701,Urvi,Ramesh,Male,50,Single,IT,Software Engineer,Part-Time,Onsite,MBA,27,2020-11-11,958979,7.98,4,68,14,32,12,2.5,Bhavin Chopra,Kolkata,Assam,India,Active,2024,5,166,95.52
EMP00702,Anaya,Kalita,Male,32,Married,Operations,Operations Executive,Part-Time,Hybrid,MBA,6,2019-04-24,586575,23.03,4,68,12,18,0,4.0,Riaan Vaidya,Guwahati,Karnataka,India,Active,2024,5,203,94.72
EMP00703,Hiran,Loyal,Female,38,Single,Sales,Business Development Associate,Part-Time,Hybrid,Master's,12,2018-05-29,819931,13.68,5,50,12,18,17,3.2,Armaan Chada,Chennai,Tamil Nadu,India,Resigned,2021,2,143,96.52
EMP00704,Raunak,Gara,Female,45,Single,Customer Support,Team Lead,Contract,Hybrid,MBA,24,2020-04-20,657688,20.99,3,73,12,27,19,3.1,Lavanya Sehgal,Mumbai,Tamil Nadu,India,Active,2022,4,199,79.13
EMP00705,Mamooty,Jayaraman,Male,51,Married,Customer Support,Customer Support Executive,Contract,Hybrid,Bachelor's,27,2015-07-29,431067,12.09,5,13,9,0,7,4.0,Rati Basak,Mumbai,Karnataka,India,Resigned,2018,2,211,77.36
EMP00706,Ehsaan,Khurana,Male,26,Married,Finance,Accountant,Contract,Hybrid,Master's,3,2017-07-18,471918,21.12,3,63,7,17,5,3.0,Arhaan Rastogi,Mumbai,Tamil Nadu,India,Resigned,2025,2,207,79.81
EMP00707,Madhup,Suri,Male,40,Married,Operations,Operations Manager,Part-Time,Remote,Master's,15,2018-11-28,1592512,13.85,2,28,7,2,24,3.2,Biju Goel,Bangalore,Assam,India,Active,2023,4,187,99.08
EMP00708,Rati,Rastogi,Male,49,Married,Operations,Operations Executive,Full-Time,Hybrid,Diploma,28,2023-07-15,675811,23.82,4,35,10,14,2,2.9,Nitya Ramanathan,Mumbai,Telangana,India,Resigned,2020,2,226,92.6
EMP00709,Ivana,Bajaj,Male,28,Single,Marketing,SEO Specialist,Contract,Remote,Bachelor's,2,2017-07-21,511782,9.93,3,10,7,38,7,2.4,Rania Shukla,Hyderabad,Assam,India,Resigned,2025,4,199,79.62
EMP00710,Neysa,Sethi,Male,43,Married,IT,Data Analyst,Full-Time,Hybrid,Master's,17,2016-03-27,813686,18.67,3,20,10,10,21,2.3,Prisha Hari,Guwahati,Tamil Nadu,India,Active,2024,3,148,97.74
EMP00711,Amani,Dasgupta,Male,29,Single,Finance,Financial Analyst,Part-Time,Remote,Diploma,5,2020-09-16,1144228,14.75,4,60,4,20,14,3.3,Saira Balan,Chennai,Karnataka,India,Active,2023,2,147,81.36
EMP00712,Nayantara,Gera,Male,33,Single,Sales,Sales Executive,Part-Time,Hybrid,Diploma,10,2015-02-12,887686,18.59,1,11,7,28,24,2.9,Seher Gaba,Delhi,Tamil Nadu,India,Active,2021,4,209,87.62
EMP00713,Indrajit,Kale,Male,37,Single,Human Resources,HR Executive,Contract,Onsite,Master's,15,2024-12-18,638075,18.7,4,51,11,15,17,2.2,Gokul Ahluwalia,Pune,Tamil Nadu,India,Active,2024,2,193,96.03
EMP00714,Veer,Char,Male,27,Married,Finance,Finance Manager,Full-Time,Hybrid,Master's,3,2021-05-04,913243,10.38,4,11,12,5,8,3.1,Aarna Chhabra,Mumbai,Assam,India,Resigned,2019,2,167,86.47
EMP00715,Ritvik,Rajan,Male,29,Married,IT,Data Engineer,Full-Time,Hybrid,Master's,5,2015-11-28,1621665,16.69,2,61,8,29,13,3.2,Biju Kapoor,Bangalore,Telangana,India,Resigned,2024,4,209,80.47
EMP00716,Yakshit,Deo,Female,53,Married,Human Resources,HR Manager,Full-Time,Onsite,Master's,31,2019-01-28,1181051,5.02,4,53,5,4,9,4.9,Baiju Chaudry,Delhi,Maharashtra,India,Resigned,2024,1,227,82.45
EMP00717,Kavya,Ghosh,Female,33,Single,Operations,Operations Executive,Full-Time,Remote,MBA,11,2019-03-15,514203,15.83,3,7,15,37,16,3.5,Jivika Mammen,Kolkata,West Bengal,India,Active,2019,3,213,99.39
EMP00718,Suhana,Yogi,Male,29,Single,Operations,Operations Executive,Full-Time,Onsite,Bachelor's,4,2023-09-28,399381,13.93,3,20,3,8,16,3.8,Hunar Kaul,Pune,Telangana,India,Active,2025,3,226,86.2
EMP00719,Krish,Virk,Male,58,Single,IT,Data Engineer,Part-Time,Remote,Diploma,33,2024-05-03,1131481,9.23,4,75,9,26,11,4.4,Lagan Kannan,Hyderabad,West Bengal,India,Active,2019,4,165,95.73
EMP00720,Amira,Chatterjee,Male,45,Married,Finance,Finance Manager,Full-Time,Hybrid,Diploma,19,2020-03-03,1338884,11.96,2,31,1,10,22,4.4,Renee Hegde,Bangalore,Maharashtra,India,Resigned,2021,2,193,98.02
EMP00721,Anika,Kannan,Male,52,Single,Customer Support,Customer Support Executive,Part-Time,Hybrid,Master's,30,2015-11-11,405112,17.08,3,58,4,21,16,2.5,Zara Sant,Hyderabad,Assam,India,Resigned,2019,4,174,76.74
EMP00722,Charvi,Kapur,Female,57,Married,IT,Software Engineer,Full-Time,Remote,MBA,31,2018-08-14,1551057,12.79,3,31,6,38,8,4.3,Zain Sunder,Kolkata,Maharashtra,India,Resigned,2024,5,224,93.42
EMP00723,Misha,Tata,Male,49,Married,Customer Support,Customer Support Executive,Full-Time,Hybrid,Diploma,27,2022-04-18,348661,5.58,4,13,7,5,13,4.1,Divij Sura,Delhi,West Bengal,India,Active,2022,1,230,98.0
EMP00724,Aayush,Hegde,Male,32,Single,Sales,Sales Executive,Full-Time,Onsite,MBA,9,2022-04-18,540683,9.89,3,75,5,19,9,4.5,Ira Joshi,Hyderabad,Maharashtra,India,Resigned,2025,4,184,92.54
EMP00725,Anaya,Sathe,Male,54,Single,Human Resources,HR Executive,Contract,Remote,Diploma,31,2022-06-30,573240,22.2,4,43,14,20,9,4.0,Sahil Johal,Delhi,Maharashtra,India,Active,2023,4,180,90.41
EMP00726,Hiran,Madan,Male,33,Single,Finance,Finance Manager,Part-Time,Remote,MBA,11,2021-06-25,1300798,18.07,4,74,2,36,8,4.6,Himmat Sur,Chennai,Maharashtra,India,Resigned,2024,2,205,93.62
EMP00727,Kimaya,Virk,Male,34,Married,Sales,Sales Manager,Contract,Remote,MBA,8,2017-02-22,1339711,11.87,3,36,5,23,25,3.3,Pihu Gokhale,Kolkata,Karnataka,India,Active,2023,2,237,96.31
EMP00728,Saira,Sachdev,Female,39,Married,Operations,Operations Manager,Full-Time,Onsite,Diploma,14,2021-10-29,1071176,9.25,1,80,1,33,6,2.8,Armaan Tiwari,Chennai,Telangana,India,Resigned,2024,5,195,85.74
EMP00729,Inaaya ,Wagle,Female,23,Married,IT,Data Engineer,Full-Time,Onsite,MBA,0,2020-02-15,1069436,6.53,3,50,7,6,10,4.2,Amira Sabharwal,Pune,Maharashtra,India,Active,2024,4,224,82.31
EMP00730,Damini,Bora,Female,40,Single,IT,Software Engineer,Part-Time,Onsite,Master's,18,2017-04-17,2054158,22.99,4,38,3,19,1,4.4,Jiya Lala,Delhi,Karnataka,India,Active,2020,3,147,99.51
EMP00731,Elakshi,Som,Male,42,Single,Operations,Operations Executive,Contract,Remote,Bachelor's,19,2021-01-16,650401,20.4,3,70,7,3,21,4.6,Kartik Handa,Bangalore,West Bengal,India,Resigned,2023,1,218,91.21
EMP00732,Jayant,Tak,Female,54,Married,Human Resources,HR Manager,Contract,Onsite,Diploma,28,2022-03-17,854591,19.94,4,32,5,13,8,4.2,Ehsaan Seth,Kolkata,Maharashtra,India,Active,2020,2,168,84.27
EMP00733,Anay,Luthra,Female,52,Married,Operations,Operations Manager,Part-Time,Onsite,MBA,28,2015-12-30,1266088,18.68,5,67,15,32,19,4.0,Piya Sandal,Chennai,Assam,India,Resigned,2020,5,185,96.21
EMP00734,Uthkarsh,Tandon,Female,38,Single,Marketing,Marketing Manager,Contract,Remote,Bachelor's,15,2020-02-26,1178017,17.44,3,14,4,28,11,2.2,Stuvan Thakur,Mumbai,Telangana,India,Active,2022,1,192,84.32
EMP00735,Aradhya,Dhingra,Female,31,Married,Sales,Business Development Associate,Full-Time,Onsite,Bachelor's,10,2020-09-04,693248,6.4,5,6,15,40,21,4.2,Purab Dugar,Chennai,Tamil Nadu,India,Resigned,2024,1,150,90.0
EMP00736,Miraan,Kala,Male,42,Married,Customer Support,Team Lead,Contract,Hybrid,Diploma,18,2024-05-07,984083,13.0,4,70,13,32,20,4.0,Ayesha Arya,Pune,Tamil Nadu,India,Active,2018,3,231,78.33
EMP00737,Darshit,Atwal,Female,45,Single,Marketing,SEO Specialist,Full-Time,Remote,MBA,20,2021-09-25,351892,6.1,3,35,14,20,8,2.2,Madhav Balasubramanian,Delhi,Tamil Nadu,India,Resigned,2024,1,179,87.11
EMP00738,Lakshit,Choudhary,Male,57,Married,Marketing,Marketing Analyst,Full-Time,Onsite,Diploma,31,2017-05-23,853374,13.27,4,66,4,10,23,4.8,Kavya Sharma,Guwahati,West Bengal,India,Resigned,2019,2,151,99.23
EMP00739,Misha,Babu,Male,34,Married,Sales,Sales Executive,Contract,Onsite,Bachelor's,11,2020-09-01,580531,23.33,3,46,2,10,22,4.9,Lavanya Rastogi,Pune,Karnataka,India,Resigned,2019,4,198,83.63
EMP00740,Lakshit,Sachdev,Male,56,Single,IT,Software Engineer,Contract,Onsite,MBA,33,2017-05-31,1111205,16.48,5,27,10,8,22,4.2,Kiaan Gole,Kolkata,Assam,India,Active,2019,2,148,87.88
EMP00741,Zaina,Johal,Male,34,Single,Finance,Accountant,Contract,Onsite,Diploma,13,2025-02-22,560542,12.21,3,73,1,19,9,3.6,Indrajit Saraf,Hyderabad,Karnataka,India,Resigned,2024,4,170,93.73
EMP00742,Kaira,Devan,Female,41,Married,Sales,Sales Manager,Contract,Onsite,Bachelor's,20,2024-12-09,1096451,5.35,2,58,13,39,23,4.7,Dhanuk Bhatt,Bangalore,Delhi,India,Resigned,2020,1,191,88.39
EMP00743,Sumer,Mall,Male,30,Single,Marketing,Marketing Manager,Part-Time,Onsite,Master's,4,2025-05-17,1776251,7.78,5,16,13,31,18,4.4,Romil Ramakrishnan,Hyderabad,West Bengal,India,Active,2020,5,220,86.4
EMP00744,Faiyaz,Lanka,Male,31,Single,Operations,Operations Executive,Contract,Onsite,Diploma,8,2016-10-08,592787,5.32,3,10,5,22,2,3.1,Ishaan Kanda,Chennai,Tamil Nadu,India,Active,2020,2,173,75.32
EMP00745,Vidur,Samra,Male,41,Single,Customer Support,Team Lead,Contract,Onsite,Diploma,17,2024-07-02,607079,15.62,4,50,6,6,12,4.8,Arnav Sha,Guwahati,Telangana,India,Resigned,2023,4,229,99.56
EMP00746,Dharmajan,Rout,Male,35,Single,IT,Software Engineer,Part-Time,Remote,MBA,10,2015-10-31,1866042,22.14,4,32,10,5,24,3.6,Anya Garg,Hyderabad,Telangana,India,Active,2020,5,177,82.7
EMP00747,Lagan,Kumer,Female,51,Married,IT,Data Analyst,Contract,Onsite,Diploma,26,2017-11-29,597492,21.69,3,6,12,8,21,3.0,Farhan Bal,Bangalore,Tamil Nadu,India,Active,2023,5,224,79.64
EMP00748,Ayesha,Biswas,Female,32,Married,Finance,Finance Manager,Part-Time,Onsite,Master's,7,2025-02-28,1128939,14.59,3,7,11,31,13,2.8,Abram Dugar,Chennai,Tamil Nadu,India,Resigned,2025,3,158,76.98
EMP00749,Ivana,D’Alia,Female,27,Married,Sales,Business Development Associate,Full-Time,Onsite,Bachelor's,3,2017-04-01,717012,20.8,4,25,7,18,16,3.9,Rania Kaul,Pune,Karnataka,India,Resigned,2021,3,218,85.16
EMP00750,Emir,Bumb,Female,44,Married,Customer Support,Team Lead,Contract,Onsite,Master's,18,2015-10-22,531994,8.45,4,15,4,25,25,2.8,Indrajit Sahni,Bangalore,Tamil Nadu,India,Resigned,2021,3,238,91.57
EMP00751,Stuvan,Chaudry,Female,48,Single,Finance,Accountant,Part-Time,Onsite,Diploma,26,2019-04-12,622577,13.0,4,47,2,35,0,4.2,Yuvaan Chacko,Delhi,Karnataka,India,Resigned,2022,3,193,97.02
EMP00752,Vidur,Guha,Female,31,Married,Sales,Sales Executive,Part-Time,Onsite,Master's,5,2021-07-27,580308,21.06,2,24,2,39,18,3.1,Jayant Kari,Mumbai,Delhi,India,Active,2023,3,232,97.15
EMP00753,Lakshit,Mani,Male,37,Married,Customer Support,Customer Support Executive,Part-Time,Remote,Bachelor's,13,2021-03-31,458490,17.14,4,5,5,32,8,2.2,Shlok Doctor,Guwahati,Karnataka,India,Resigned,2019,2,213,91.94
EMP00754,Navya,Raman,Male,41,Married,Sales,Sales Manager,Part-Time,Hybrid,MBA,17,2016-01-29,1172963,17.97,3,9,13,22,12,4.1,Drishya Sachdeva,Chennai,Delhi,India,Resigned,2025,4,153,83.41
EMP00755,Ishaan,Kuruvilla,Male,31,Married,Marketing,Marketing Manager,Contract,Hybrid,Master's,7,2016-12-16,1262570,18.26,4,64,6,7,3,4.5,Kartik Sundaram,Chennai,Telangana,India,Resigned,2020,2,185,98.56
EMP00756,Lagan,Apte,Male,47,Married,Marketing,Marketing Manager,Part-Time,Onsite,MBA,22,2018-10-11,1244770,21.66,5,49,6,9,17,3.1,Hiran Suri,Delhi,Telangana,India,Resigned,2024,1,159,94.69
EMP00757,Heer,Roy,Male,29,Married,IT,Data Engineer,Contract,Hybrid,MBA,6,2022-01-16,1739798,24.89,4,36,12,37,15,3.6,Vritika Date,Kolkata,West Bengal,India,Resigned,2023,4,144,78.07
EMP00758,Himmat,Kar,Female,46,Married,Human Resources,HR Executive,Contract,Remote,Diploma,21,2021-10-28,402834,23.08,4,27,7,31,17,2.5,Manikya Raju,Hyderabad,Tamil Nadu,India,Active,2024,4,191,91.92
EMP00759,Kashvi,Rama,Female,49,Single,Sales,Sales Executive,Full-Time,Onsite,Diploma,28,2023-11-13,727314,23.22,3,5,13,22,3,2.9,Shaan Bhalla,Guwahati,Telangana,India,Resigned,2021,4,191,96.28
EMP00760,Rati,Rattan,Female,58,Single,Finance,Accountant,Contract,Hybrid,MBA,36,2020-05-19,622713,19.15,3,48,9,24,0,4.4,Parinaaz Ganesan,Bangalore,Tamil Nadu,India,Resigned,2024,5,153,77.21
EMP00761,Purab,Singhal,Female,34,Married,Finance,Finance Manager,Part-Time,Hybrid,Master's,10,2016-06-10,1074473,8.62,5,45,7,39,9,4.1,Anay Suri,Hyderabad,Karnataka,India,Resigned,2019,1,206,77.44
EMP00762,Kanav,Viswanathan,Male,35,Married,Customer Support,Team Lead,Part-Time,Onsite,Master's,11,2015-12-16,733077,8.32,2,40,13,32,9,4.8,Prerak Sidhu,Chennai,Telangana,India,Active,2021,2,181,81.67
EMP00763,Lakshay,Sharma,Female,33,Single,Human Resources,HR Executive,Part-Time,Hybrid,Diploma,7,2016-03-31,582215,18.78,3,23,13,34,7,2.2,Kiaan Taneja,Pune,Delhi,India,Active,2025,2,145,82.05
EMP00764,Chirag,Tiwari,Male,25,Single,IT,IT Support,Part-Time,Hybrid,Bachelor's,2,2021-04-16,510032,24.31,2,9,10,6,18,4.2,Rasha Atwal,Guwahati,Telangana,India,Active,2021,3,156,83.41
EMP00765,Yuvraj ,Chaudhuri,Male,50,Married,Operations,Operations Executive,Full-Time,Hybrid,Bachelor's,24,2022-11-28,495370,7.81,4,55,4,4,19,2.3,Ahana  Shanker,Mumbai,Tamil Nadu,India,Resigned,2023,3,205,75.26
EMP00766,Kaira,Kara,Male,45,Single,Customer Support,Customer Support Executive,Part-Time,Remote,Bachelor's,24,2017-03-26,383022,8.01,4,20,12,13,24,3.6,Kaira Goswami,Kolkata,Maharashtra,India,Resigned,2023,5,221,89.57
EMP00767,Piya,Yohannan,Female,22,Single,Marketing,Marketing Manager,Part-Time,Hybrid,Master's,1,2021-06-26,1633226,20.22,2,53,2,36,9,3.9,Hazel Tank,Hyderabad,Delhi,India,Active,2025,4,211,81.47
EMP00768,Mamooty,Vasa,Male,47,Single,Customer Support,Team Lead,Part-Time,Onsite,Diploma,25,2023-07-27,941848,19.97,4,10,8,40,24,4.2,Saanvi Apte,Guwahati,Karnataka,India,Resigned,2022,3,154,94.49
EMP00769,Aaryahi,Shan,Male,56,Single,Sales,Business Development Associate,Part-Time,Onsite,Diploma,35,2018-02-24,398617,12.84,3,20,8,19,25,4.6,Nitya Doshi,Hyderabad,Karnataka,India,Resigned,2024,3,199,78.75
EMP00770,Aarush,Lad,Male,32,Married,IT,IT Support,Full-Time,Remote,Master's,6,2016-09-13,619215,23.63,3,80,14,26,0,4.3,Eshani Edwin,Guwahati,Maharashtra,India,Resigned,2025,4,196,89.9
EMP00771,Faiyaz,Golla,Male,35,Married,Marketing,Marketing Analyst,Full-Time,Remote,Master's,11,2023-06-28,496331,8.85,4,9,3,26,5,4.8,Stuvan Gala,Kolkata,Maharashtra,India,Active,2021,5,215,98.23
EMP00772,Samaira,Mann,Female,23,Single,Sales,Sales Manager,Full-Time,Hybrid,MBA,1,2019-04-02,804836,10.08,2,48,2,38,9,4.7,Mohanlal Shenoy,Hyderabad,Karnataka,India,Resigned,2023,2,153,77.91
EMP00773,Anay,Desai,Male,32,Single,IT,Data Analyst,Full-Time,Remote,Master's,8,2017-11-14,817386,8.38,5,74,11,35,16,2.7,Mohanlal Chaudhry,Delhi,West Bengal,India,Active,2019,5,231,97.59
EMP00774,Kiaan,Tara,Female,48,Married,IT,IT Support,Part-Time,Hybrid,Bachelor's,27,2025-10-25,339997,13.54,3,78,13,36,11,2.7,Manjari Chauhan,Bangalore,Tamil Nadu,India,Active,2025,1,142,83.1
EMP00775,Vidur,Sengupta,Male,55,Single,Operations,Operations Executive,Part-Time,Hybrid,Diploma,29,2017-01-02,539190,7.63,4,22,5,4,12,3.4,Badal Chada,Mumbai,Assam,India,Active,2023,2,191,92.02
EMP00776,Purab,Seth,Male,39,Single,IT,IT Support,Part-Time,Hybrid,Diploma,15,2017-11-01,600346,24.56,4,6,7,35,6,2.5,Mishti Bakshi,Bangalore,West Bengal,India,Resigned,2019,3,234,91.59
EMP00777,Aarna,Ben,Female,28,Single,Sales,Business Development Associate,Full-Time,Remote,Master's,3,2022-11-22,576642,24.39,4,24,2,8,1,3.3,Indrajit Dhawan,Mumbai,Assam,India,Resigned,2021,4,214,83.51
EMP00778,Mahika,Lall,Male,28,Married,Finance,Finance Manager,Contract,Hybrid,Master's,5,2025-03-14,1749927,16.66,4,19,5,21,14,2.5,Lakshay Varty,Bangalore,Karnataka,India,Active,2021,1,162,82.51
EMP00779,Nayantara,Vora,Female,50,Married,IT,IT Support,Contract,Hybrid,Master's,29,2023-02-28,459541,22.89,3,65,14,10,19,4.6,Ahana  Shan,Mumbai,Assam,India,Active,2018,2,174,98.2
EMP00780,Divyansh,Batta,Female,40,Married,Operations,Operations Executive,Contract,Remote,Bachelor's,18,2022-03-09,603193,9.42,3,22,7,18,5,4.3,Jayant Iyengar,Kolkata,Maharashtra,India,Active,2022,1,152,91.97
EMP00781,Divyansh,Bansal,Female,28,Single,Finance,Accountant,Full-Time,Onsite,Master's,4,2017-09-17,445566,21.68,4,39,6,14,6,4.9,Eshani Chokshi,Hyderabad,Tamil Nadu,India,Resigned,2024,4,240,86.92
EMP00782,Prerak,Ghose,Female,23,Married,Human Resources,HR Manager,Full-Time,Hybrid,Diploma,2,2017-10-17,874235,9.99,4,57,5,3,13,4.2,Abram Apte,Hyderabad,Karnataka,India,Resigned,2018,3,162,91.03
EMP00783,Prerak,Hayre,Female,53,Single,Human Resources,HR Manager,Contract,Hybrid,Master's,27,2021-12-11,1459293,11.69,4,28,13,13,23,2.6,Jivin Buch,Delhi,Delhi,India,Active,2018,4,169,81.93
EMP00784,Arhaan,Andra,Male,35,Single,Finance,Finance Manager,Full-Time,Remote,MBA,11,2025-01-26,1006399,6.92,1,14,6,15,7,2.1,Ojas Jhaveri,Delhi,Karnataka,India,Resigned,2023,5,203,76.35
EMP00785,Kismat,Goda,Female,25,Single,IT,Data Engineer,Part-Time,Onsite,Master's,3,2022-02-10,1680689,19.58,2,16,9,31,24,2.9,Navya Walia,Chennai,Assam,India,Active,2025,1,182,92.3
EMP00786,Saksham,Savant,Male,53,Married,Customer Support,Team Lead,Part-Time,Remote,MBA,32,2019-01-06,851981,5.83,3,21,7,23,22,2.5,Zeeshan Thaman,Hyderabad,Tamil Nadu,India,Resigned,2023,4,216,86.13
EMP00787,Ehsaan,Dani,Female,35,Married,Human Resources,HR Manager,Contract,Remote,Diploma,14,2017-02-16,725143,23.77,2,31,9,33,16,3.7,Sahil Ranganathan,Delhi,West Bengal,India,Resigned,2023,1,207,95.43
EMP00788,Eva,Luthra,Female,24,Married,Sales,Sales Manager,Full-Time,Onsite,Master's,3,2025-06-10,1639405,14.16,1,75,14,31,5,3.1,Indrans Kapoor,Chennai,Maharashtra,India,Resigned,2021,1,208,80.55
EMP00789,Reyansh,Dani,Female,50,Married,Customer Support,Team Lead,Part-Time,Remote,MBA,26,2021-10-08,636426,20.26,1,60,10,30,8,4.7,Yashvi Dubey,Delhi,West Bengal,India,Resigned,2023,4,145,83.78
EMP00790,Hridaan,Manda,Male,47,Single,IT,Data Engineer,Full-Time,Hybrid,Diploma,25,2024-03-16,1632933,18.75,4,66,8,15,24,3.4,Zeeshan Ramachandran,Bangalore,Assam,India,Resigned,2019,3,176,88.69
EMP00791,Kashvi,Dora,Female,28,Single,Operations,Operations Executive,Contract,Onsite,Diploma,4,2015-02-21,615961,7.7,3,68,14,37,17,3.1,Seher Bali,Pune,Delhi,India,Active,2021,3,171,88.15
EMP00792,Samarth,Walia,Male,23,Married,Customer Support,Customer Support Executive,Full-Time,Remote,MBA,0,2015-04-23,392328,8.1,3,29,10,9,16,4.3,Mehul Kaul,Pune,Maharashtra,India,Active,2020,2,171,75.93
EMP00793,Mahika,Samra,Male,45,Single,Finance,Accountant,Full-Time,Onsite,Master's,24,2015-06-09,403521,14.76,3,60,2,0,10,3.7,Alisha Sheth,Chennai,West Bengal,India,Active,2024,2,193,77.07
EMP00794,Akarsh,Bassi,Male,42,Single,Finance,Accountant,Contract,Remote,Master's,20,2019-05-21,431418,12.61,3,10,2,15,14,3.1,Prerak Jaggi,Delhi,Karnataka,India,Active,2021,5,192,75.16
EMP00795,Neelofar,Bir,Male,51,Single,Human Resources,HR Executive,Full-Time,Onsite,Bachelor's,28,2017-12-16,398504,7.22,3,15,1,18,2,4.6,Anaya Tripathi,Delhi,Karnataka,India,Active,2023,1,229,92.6
EMP00796,Jiya,Sarma,Female,29,Married,Finance,Accountant,Part-Time,Hybrid,MBA,8,2022-02-18,512381,14.48,2,30,4,29,16,4.8,Prerak Singh,Bangalore,West Bengal,India,Resigned,2025,5,174,94.76
EMP00797,Mahika,Keer,Male,23,Single,Marketing,Marketing Manager,Part-Time,Hybrid,MBA,2,2018-01-01,1158927,9.67,2,54,5,40,12,2.2,Rohan Bansal,Mumbai,Karnataka,India,Resigned,2024,2,151,92.14
EMP00798,Chirag,Bir,Female,56,Married,Human Resources,HR Executive,Contract,Remote,Diploma,32,2015-04-20,562885,5.24,3,76,10,25,14,3.9,Ahana  Venkataraman,Pune,Assam,India,Active,2018,1,198,94.95
EMP00799,Aarav,Bahl,Female,53,Married,Human Resources,HR Executive,Full-Time,Hybrid,MBA,30,2019-12-26,466351,21.98,1,16,10,2,8,3.3,Shamik Wagle,Chennai,Delhi,India,Active,2021,5,178,91.59
EMP00800,Aarna,Bahri,Female,43,Married,Operations,Operations Manager,Full-Time,Remote,Diploma,17,2022-11-12,1635680,9.33,4,19,4,25,11,3.7,Ritvik Bhargava,Chennai,Assam,India,Resigned,2020,3,204,87.38
EMP00801,Pari,Rout,Female,34,Married,Operations,Operations Executive,Full-Time,Hybrid,Bachelor's,9,2025-06-02,398490,12.31,4,66,4,17,18,3.7,Neysa Bhalla,Delhi,West Bengal,India,Active,2023,4,217,78.13
EMP00802,Mamooty,Khurana,Male,30,Single,Operations,Operations Executive,Contract,Onsite,Master's,6,2019-05-11,713835,10.01,4,51,11,18,21,2.4,Alia Lata,Delhi,Telangana,India,Resigned,2024,5,159,84.05
EMP00803,Diya,Vig,Male,25,Single,Finance,Finance Manager,Full-Time,Remote,Bachelor's,0,2024-05-08,956199,5.94,3,37,9,29,6,4.2,Piya Kaur,Bangalore,Telangana,India,Active,2022,4,213,90.61
EMP00804,Kiaan,Walla,Male,30,Single,Customer Support,Team Lead,Full-Time,Hybrid,Master's,5,2020-05-12,536808,20.01,4,72,2,8,4,3.6,Mishti Setty,Pune,Assam,India,Resigned,2019,4,189,76.58
EMP00805,Divyansh,Chandra,Male,23,Single,Operations,Operations Executive,Contract,Remote,MBA,0,2024-04-16,566964,7.8,3,78,3,0,7,4.7,Shalv Bhatnagar,Bangalore,Telangana,India,Resigned,2025,1,162,84.51
EMP00806,Jivin,Vaidya,Female,38,Married,IT,Software Engineer,Full-Time,Onsite,Bachelor's,17,2020-03-03,2020773,11.41,5,33,13,4,9,3.5,Nishith Kapadia,Delhi,Assam,India,Resigned,2023,3,216,91.87
EMP00807,Jayesh,Dixit,Female,46,Single,Customer Support,Customer Support Executive,Contract,Remote,Master's,23,2023-08-24,466245,17.45,3,29,1,25,23,3.0,Zeeshan Jhaveri,Guwahati,West Bengal,India,Active,2025,5,165,90.04
EMP00808,Diya,Johal,Male,42,Single,Sales,Sales Manager,Full-Time,Hybrid,MBA,18,2024-07-24,1365040,19.61,3,64,6,27,4,2.5,Aaina Saraf,Kolkata,Maharashtra,India,Active,2018,3,190,98.91
EMP00809,Adah,Gera,Female,54,Married,Human Resources,Talent Acquisition Specialist,Full-Time,Remote,Bachelor's,31,2025-08-17,487099,14.44,3,59,11,5,5,2.0,Nehmat Rau,Guwahati,Assam,India,Active,2022,2,209,86.75
EMP00810,Madhav,Mangat,Female,32,Single,Customer Support,Customer Support Executive,Full-Time,Hybrid,Master's,6,2019-11-25,260215,9.16,2,43,9,5,1,2.1,Mahika Dutt,Kolkata,West Bengal,India,Active,2025,2,156,81.02
EMP00811,Sana,Buch,Male,55,Married,Human Resources,HR Executive,Part-Time,Onsite,Diploma,33,2023-05-13,471065,21.72,5,55,2,1,19,3.4,Neysa Rao,Chennai,Maharashtra,India,Active,2021,1,172,84.35
EMP00812,Jayant,Samra,Male,23,Single,Sales,Sales Executive,Part-Time,Remote,Bachelor's,0,2025-07-28,786861,12.17,5,26,10,19,4,3.0,Ishita Sarin,Mumbai,Telangana,India,Resigned,2024,1,233,92.97
EMP00813,Vedika,Wadhwa,Male,32,Married,Finance,Financial Analyst,Contract,Onsite,Master's,8,2018-09-13,756421,16.92,4,68,14,3,22,2.1,Pranay Singh,Delhi,Maharashtra,India,Active,2023,2,181,82.98
EMP00814,Aaina,Basak,Male,33,Married,Operations,Operations Manager,Full-Time,Hybrid,Master's,9,2024-05-12,820837,8.56,1,80,9,34,25,5.0,Anya Sekhon,Kolkata,Karnataka,India,Resigned,2022,3,216,96.98
EMP00815,Emir,Sarma,Female,44,Single,Human Resources,HR Manager,Contract,Onsite,MBA,23,2023-04-05,1126524,24.36,4,18,6,28,8,3.7,Damini Karan,Mumbai,Assam,India,Active,2023,2,163,77.91
EMP00816,Aaina,Dube,Male,55,Married,Finance,Financial Analyst,Contract,Onsite,Master's,29,2019-04-02,1038986,14.33,2,19,15,17,12,3.9,Navya Bera,Hyderabad,Telangana,India,Resigned,2018,2,167,88.02
EMP00817,Kiaan,Bajaj,Female,55,Married,Marketing,Marketing Manager,Part-Time,Hybrid,Diploma,30,2021-01-24,1472625,18.68,3,68,1,0,20,3.9,Hiran Bail,Chennai,Assam,India,Resigned,2022,1,145,86.3
EMP00818,Aarav,Joshi,Male,49,Married,IT,Software Engineer,Contract,Onsite,Diploma,26,2023-05-05,2145712,12.28,4,71,15,37,20,4.6,Hansh Barad,Guwahati,Tamil Nadu,India,Active,2025,3,193,91.65
EMP00819,Zeeshan,Thaman,Male,52,Married,Customer Support,Customer Support Executive,Contract,Remote,Master's,27,2019-03-30,351347,8.81,1,70,11,1,20,4.1,Yashvi Venkatesh,Hyderabad,Karnataka,India,Active,2021,2,192,89.54
EMP00820,Nakul,Sarraf,Male,57,Single,IT,Data Engineer,Part-Time,Hybrid,Diploma,35,2016-06-16,2356169,6.5,4,29,10,9,8,3.3,Rania Amble,Hyderabad,Maharashtra,India,Active,2023,3,187,83.62
EMP00821,Tarini,Dara,Male,31,Married,Marketing,Marketing Analyst,Contract,Onsite,Bachelor's,5,2025-03-29,562093,21.85,3,16,10,6,17,3.0,Anahi Sidhu,Guwahati,Telangana,India,Resigned,2019,2,161,96.73
EMP00822,Aarush,Kibe,Female,23,Single,IT,Software Engineer,Full-Time,Onsite,Master's,0,2022-05-11,1379145,14.76,3,67,1,21,13,4.6,Saanvi Karpe,Kolkata,Tamil Nadu,India,Active,2022,4,144,75.73
EMP00823,Kimaya,Dugar,Male,37,Married,Finance,Finance Manager,Contract,Remote,Master's,16,2023-04-27,1344689,5.77,1,64,10,29,24,2.6,Amani Seth,Kolkata,Karnataka,India,Resigned,2018,4,195,89.98
EMP00824,Prisha,Bassi,Male,33,Single,Finance,Financial Analyst,Full-Time,Onsite,Master's,12,2019-04-16,703043,18.05,3,58,3,30,2,3.3,Inaaya  Sekhon,Chennai,Delhi,India,Resigned,2018,3,176,90.51
EMP00825,Riya,Barad,Female,56,Single,Sales,Sales Manager,Contract,Hybrid,Diploma,31,2023-03-31,1205831,13.17,3,69,12,16,13,4.5,Bhamini Ratti,Pune,Assam,India,Active,2024,3,196,78.89
EMP00826,Shanaya,Sharma,Male,43,Single,Operations,Operations Manager,Contract,Onsite,Diploma,19,2025-04-13,1530729,24.07,4,11,8,30,14,2.5,Seher Koshy,Chennai,Delhi,India,Resigned,2018,5,157,87.82
EMP00827,Kashvi,Bhattacharyya,Female,26,Married,Finance,Accountant,Contract,Hybrid,Bachelor's,2,2022-09-15,364074,7.89,2,56,4,0,25,3.7,Anahi Balan,Kolkata,Maharashtra,India,Active,2022,2,211,92.12
EMP00828,Neelofar,Solanki,Male,39,Single,Finance,Accountant,Part-Time,Hybrid,Bachelor's,15,2022-07-16,652409,10.7,3,66,6,31,3,2.7,Dhanush Dhaliwal,Hyderabad,Telangana,India,Resigned,2024,4,229,78.79
EMP00829,Samar,Raj,Male,25,Single,Sales,Sales Manager,Full-Time,Remote,Master's,0,2015-12-07,1783526,17.4,3,34,8,18,18,4.7,Advik Singhal,Hyderabad,Tamil Nadu,India,Resigned,2022,4,226,92.32
EMP00830,Kiara,Andra,Female,36,Single,Operations,Operations Manager,Contract,Hybrid,Bachelor's,12,2022-03-06,858884,23.01,4,32,6,18,3,5.0,Tejas Mane,Kolkata,West Bengal,India,Active,2025,4,236,84.89
EMP00831,Indrans,Garg,Female,56,Single,IT,IT Support,Contract,Remote,Master's,33,2019-04-03,644614,24.12,4,15,7,39,23,4.4,Shalv Sarma,Pune,Delhi,India,Resigned,2018,3,196,81.39
EMP00832,Diya,Krishnamurthy,Female,58,Single,Sales,Sales Executive,Full-Time,Remote,Master's,33,2021-05-02,555314,12.14,4,70,7,34,8,3.7,Jiya Ratta,Delhi,Tamil Nadu,India,Active,2018,4,232,92.36
EMP00833,Lavanya,Agarwal,Male,56,Single,Operations,Operations Manager,Full-Time,Hybrid,Diploma,31,2022-10-10,1148003,24.43,5,66,14,36,16,2.8,Shray Mallick,Chennai,West Bengal,India,Resigned,2024,1,177,79.36
EMP00834,Badal,Dass,Female,28,Married,Finance,Accountant,Part-Time,Hybrid,MBA,3,2025-09-30,598743,10.58,3,59,7,39,5,3.5,Aayush Singh,Guwahati,Assam,India,Resigned,2019,2,175,75.11
EMP00835,Anay,Choudhury,Male,35,Married,IT,Software Engineer,Contract,Onsite,MBA,10,2023-02-05,1137874,13.14,4,66,5,17,16,4.8,Shaan Sankaran,Delhi,Karnataka,India,Resigned,2024,2,230,78.31
EMP00836,Sana,Dhingra,Female,51,Single,Finance,Financial Analyst,Contract,Hybrid,Master's,25,2025-11-01,851574,10.69,3,27,14,3,6,3.4,Saira Bora,Hyderabad,West Bengal,India,Active,2019,1,156,90.64
EMP00837,Hansh,Sachdeva,Male,22,Single,Finance,Finance Manager,Contract,Onsite,Master's,1,2022-11-01,1465797,11.77,4,42,6,22,13,2.2,Tanya Aggarwal,Bangalore,Telangana,India,Resigned,2024,5,145,97.78
EMP00838,Aarna,Swaminathan,Male,46,Single,Sales,Business Development Associate,Contract,Remote,Bachelor's,20,2018-01-21,500239,9.16,5,16,14,34,17,3.3,Heer Divan,Pune,Tamil Nadu,India,Resigned,2022,2,240,86.06
EMP00839,Bhamini,Khurana,Male,46,Single,Customer Support,Team Lead,Part-Time,Onsite,MBA,20,2021-02-10,618749,21.27,1,28,12,28,2,4.3,Hansh Bhasin,Hyderabad,West Bengal,India,Active,2023,4,162,79.82
EMP00840,Kartik,Tailor,Female,50,Single,Operations,Operations Executive,Part-Time,Remote,Master's,29,2024-08-18,415969,11.62,3,62,9,8,5,3.0,Nitya Brar,Pune,Tamil Nadu,India,Active,2025,4,223,75.97
EMP00841,Ryan,Gulati,Male,52,Single,Human Resources,HR Executive,Contract,Remote,Master's,30,2019-08-30,642509,10.67,3,34,11,16,23,3.8,Sumer Kaur,Hyderabad,Tamil Nadu,India,Resigned,2025,1,141,91.48
EMP00842,Lakshit,Balan,Female,38,Single,Marketing,Marketing Analyst,Part-Time,Remote,Master's,16,2017-09-06,616310,9.96,4,20,10,14,7,3.3,Yakshit Chada,Mumbai,Karnataka,India,Active,2018,5,226,75.42
EMP00843,Tara,Soman,Female,35,Married,Human Resources,HR Manager,Part-Time,Hybrid,MBA,9,2024-03-07,1179235,17.23,3,79,10,27,21,3.1,Rhea Som,Hyderabad,Maharashtra,India,Resigned,2023,2,228,90.73
EMP00844,Lagan,Khatri,Male,27,Married,Finance,Finance Manager,Contract,Hybrid,Bachelor's,5,2022-12-18,1780637,22.47,4,69,13,29,21,3.8,Zoya Upadhyay,Bangalore,Maharashtra,India,Resigned,2023,4,177,92.76
EMP00845,Raunak,Ganguly,Female,35,Married,Sales,Sales Executive,Full-Time,Onsite,Master's,9,2015-09-03,574807,16.65,2,26,15,11,23,5.0,Damini Ravel,Pune,Delhi,India,Resigned,2018,5,172,77.26
EMP00846,Indrans,Sagar,Male,57,Single,Customer Support,Customer Support Executive,Full-Time,Hybrid,Master's,36,2024-03-23,321458,10.24,3,6,6,15,4,3.5,Mahika Sani,Hyderabad,West Bengal,India,Active,2021,2,216,94.18
EMP00847,Akarsh,Raman,Male,33,Single,IT,IT Support,Contract,Onsite,Bachelor's,8,2022-10-05,386729,16.12,3,44,2,14,1,3.9,Jivika Contractor,Delhi,Tamil Nadu,India,Resigned,2024,3,186,78.94
EMP00848,Dharmajan,Dua,Male,58,Single,Human Resources,Talent Acquisition Specialist,Contract,Hybrid,MBA,32,2016-03-17,480782,5.72,1,32,2,4,15,4.4,Manikya Cherian,Mumbai,Maharashtra,India,Active,2021,2,142,94.09
EMP00849,Khushi,Chandran,Male,38,Single,Finance,Accountant,Contract,Hybrid,Bachelor's,14,2025-09-07,390167,6.86,4,20,13,4,12,4.9,Ritvik Kakar,Mumbai,Karnataka,India,Resigned,2018,2,237,96.42
EMP00850,Anahita,Andra,Female,35,Single,IT,IT Support,Full-Time,Onsite,Diploma,14,2024-08-22,616982,22.33,2,68,8,13,22,2.2,Mamooty Sachdev,Mumbai,Tamil Nadu,India,Resigned,2021,2,163,80.41
EMP00851,Rania,Arya,Male,47,Married,Finance,Financial Analyst,Contract,Hybrid,MBA,22,2023-12-18,807392,12.12,4,46,3,31,5,5.0,Heer Bajaj,Delhi,Delhi,India,Active,2024,1,167,97.98
EMP00852,Ehsaan,Kunda,Female,37,Married,IT,Software Engineer,Contract,Hybrid,Diploma,13,2023-09-23,1103719,23.87,3,44,8,26,8,2.8,Anay Bava,Pune,Delhi,India,Resigned,2019,2,144,85.01
EMP00853,Taran,Devi,Female,44,Single,Human Resources,HR Manager,Full-Time,Hybrid,Diploma,18,2018-09-25,1303022,7.37,4,32,2,11,17,2.9,Jiya Apte,Mumbai,Assam,India,Active,2024,1,151,87.91
EMP00854,Adah,Rajan,Female,23,Married,Finance,Accountant,Part-Time,Hybrid,MBA,0,2023-05-24,491355,18.49,1,42,13,5,8,4.4,Hrishita Hegde,Mumbai,Maharashtra,India,Active,2018,1,151,90.02
EMP00855,Jivika,Deo,Male,31,Married,Marketing,Marketing Manager,Full-Time,Onsite,Bachelor's,10,2016-07-17,1583286,13.13,4,62,14,37,10,4.8,Tara Kannan,Hyderabad,Maharashtra,India,Active,2019,2,192,95.09
EMP00856,Lakshay,Ahluwalia,Male,23,Married,Customer Support,Team Lead,Part-Time,Hybrid,Diploma,0,2024-08-07,986514,13.55,4,20,11,21,22,3.0,Sahil Chawla,Bangalore,Assam,India,Active,2025,3,195,78.26
EMP00857,Mehul,Madan,Female,22,Married,Sales,Sales Executive,Contract,Remote,Bachelor's,0,2020-08-12,514636,6.06,4,25,4,26,22,3.3,Aaryahi Ghosh,Guwahati,Tamil Nadu,India,Active,2020,5,176,90.91
EMP00858,Ayesha,Zacharia,Female,26,Married,Sales,Sales Manager,Part-Time,Onsite,Diploma,0,2019-07-18,988454,16.48,3,26,11,34,6,3.7,Suhana Khalsa,Kolkata,Maharashtra,India,Active,2024,3,188,81.85
EMP00859,Miraya,Bawa,Female,28,Married,Marketing,Marketing Manager,Part-Time,Onsite,Bachelor's,4,2020-04-18,1607931,24.36,2,43,7,7,3,5.0,Romil Varghese,Kolkata,Maharashtra,India,Resigned,2023,3,162,93.29
EMP00860,Biju,Tara,Male,55,Single,Sales,Sales Manager,Contract,Remote,Master's,33,2017-05-21,1413190,13.12,3,17,3,21,7,3.7,Khushi Chokshi,Mumbai,Tamil Nadu,India,Resigned,2024,4,233,75.49
EMP00861,Zain,Ahluwalia,Male,35,Married,IT,IT Support,Contract,Onsite,Diploma,10,2019-01-16,399044,20.03,4,67,1,1,14,4.8,Saksham Vasa,Kolkata,Delhi,India,Active,2025,1,213,99.1
EMP00862,Aniruddh,Mallick,Female,54,Married,IT,Software Engineer,Part-Time,Hybrid,MBA,32,2018-01-23,1991197,6.8,3,61,6,17,25,3.8,Badal Khalsa,Bangalore,Tamil Nadu,India,Active,2025,5,174,87.46
EMP00863,Onkar,Deep,Female,24,Single,IT,Data Engineer,Contract,Hybrid,Master's,0,2015-01-15,1162159,11.7,3,9,4,23,14,3.3,Anay Varughese,Hyderabad,Delhi,India,Active,2022,4,191,93.62
EMP00864,Onkar,Bala,Male,43,Married,Sales,Sales Executive,Contract,Hybrid,Master's,21,2016-05-27,325924,20.47,3,38,4,31,13,4.3,Hrishita Kothari,Kolkata,West Bengal,India,Active,2021,4,226,79.42
EMP00865,Kimaya,Gera,Male,28,Married,Sales,Business Development Associate,Part-Time,Hybrid,Bachelor's,3,2017-05-01,424750,7.56,4,73,2,12,21,3.9,Ivana Kulkarni,Mumbai,Karnataka,India,Resigned,2021,4,152,89.81
EMP00866,Aarna,Bedi,Female,29,Single,Customer Support,Team Lead,Contract,Remote,Diploma,8,2023-06-11,915000,8.96,3,42,11,29,19,4.9,Nirvi Badami,Pune,Tamil Nadu,India,Resigned,2021,3,232,99.04
EMP00867,Jayant,Luthra,Male,58,Single,IT,Software Engineer,Part-Time,Remote,Diploma,32,2022-02-16,747935,13.72,3,15,13,26,11,4.6,Trisha Kakar,Pune,Telangana,India,Active,2024,4,168,99.76
EMP00868,Jayant,Rao,Female,27,Single,Marketing,SEO Specialist,Contract,Hybrid,MBA,2,2020-04-13,672771,9.12,2,50,3,24,5,4.0,Mannat Comar,Pune,Delhi,India,Resigned,2023,5,176,75.18
EMP00869,Aniruddh,Dhawan,Female,40,Single,IT,Data Engineer,Contract,Onsite,Master's,16,2018-08-05,1012355,12.02,5,31,13,9,23,3.2,Jayesh Dugal,Guwahati,Delhi,India,Active,2020,2,176,97.95
EMP00870,Azad,Lata,Male,35,Married,Marketing,SEO Specialist,Contract,Hybrid,MBA,11,2021-04-30,355440,17.6,3,43,3,13,23,2.8,Ranbir Mahal,Guwahati,West Bengal,India,Active,2018,5,165,87.39
EMP00871,Suhana,Baral,Male,45,Married,Marketing,SEO Specialist,Part-Time,Hybrid,MBA,23,2025-04-07,569397,23.37,4,46,12,35,1,2.3,Reyansh Jaggi,Kolkata,West Bengal,India,Resigned,2025,4,151,89.84
EMP00872,Aayush,Sharma,Female,50,Single,Customer Support,Customer Support Executive,Part-Time,Remote,MBA,27,2025-12-14,375694,20.49,4,54,10,36,20,2.7,Mehul Sama,Chennai,Tamil Nadu,India,Resigned,2023,2,154,79.67
EMP00873,Fateh,Jha,Female,46,Single,Human Resources,Talent Acquisition Specialist,Contract,Onsite,Bachelor's,22,2018-12-27,664452,13.52,3,40,7,13,15,2.6,Anahi Salvi,Delhi,Assam,India,Resigned,2018,2,233,89.36
EMP00874,Badal,Toor,Male,42,Married,Operations,Operations Manager,Part-Time,Onsite,Bachelor's,21,2022-11-02,1027200,20.33,4,5,12,26,22,2.1,Divit Sawhney,Hyderabad,Assam,India,Resigned,2021,5,141,77.65
EMP00875,Parinaaz,D’Alia,Male,40,Single,Human Resources,HR Executive,Contract,Onsite,Master's,17,2017-01-25,535503,21.67,3,50,12,40,25,3.7,Divit Kannan,Guwahati,Maharashtra,India,Resigned,2025,1,201,75.19
EMP00876,Pranay,Ramaswamy,Male,31,Single,Human Resources,Talent Acquisition Specialist,Part-Time,Onsite,Bachelor's,10,2018-06-28,485425,23.71,1,38,3,22,5,3.4,Nitara Dugar,Hyderabad,Tamil Nadu,India,Resigned,2024,2,231,86.22
EMP00877,Ehsaan,Sarma,Male,47,Single,IT,Data Analyst,Contract,Onsite,Master's,22,2019-05-11,1120661,22.27,1,13,7,7,17,4.1,Reyansh Bhatia,Kolkata,Assam,India,Active,2021,1,163,83.11
EMP00878,Aayush,Joshi,Female,30,Single,IT,IT Support,Part-Time,Remote,Bachelor's,7,2021-07-06,355289,6.3,5,11,7,36,24,4.3,Tejas Lalla,Kolkata,Assam,India,Resigned,2018,5,155,85.12
EMP00879,Mishti,Magar,Female,57,Single,Sales,Sales Executive,Part-Time,Remote,Diploma,31,2025-07-23,379038,10.25,3,80,14,22,0,3.2,Akarsh Jha,Kolkata,Telangana,India,Resigned,2018,4,173,78.54
EMP00880,Adira,Subramaniam,Female,31,Married,Sales,Sales Executive,Full-Time,Onsite,Diploma,7,2018-06-03,764584,7.47,3,17,6,38,25,5.0,Kismat Golla,Pune,Tamil Nadu,India,Resigned,2018,2,240,99.05
EMP00881,Kabir,Zacharia,Male,50,Single,Marketing,Marketing Analyst,Part-Time,Hybrid,Diploma,24,2021-10-29,404130,8.15,4,66,13,38,20,3.5,Yashvi Ravel,Guwahati,Assam,India,Resigned,2018,2,148,97.42
EMP00882,Akarsh,Sodhi,Male,30,Married,Customer Support,Team Lead,Full-Time,Hybrid,Master's,8,2025-09-03,939188,5.17,5,62,7,19,19,3.1,Kaira Thakur,Kolkata,Karnataka,India,Active,2019,2,232,77.98
EMP00883,Trisha,Gade,Male,48,Married,Sales,Sales Manager,Contract,Remote,MBA,25,2025-04-20,1307931,18.89,3,14,14,6,25,4.4,Eva Malhotra,Kolkata,Telangana,India,Resigned,2025,5,237,88.6
EMP00884,Anika,Varughese,Female,31,Married,Operations,Operations Manager,Full-Time,Onsite,MBA,8,2015-07-04,816245,12.23,3,57,14,24,4,3.4,Zara Swaminathan,Chennai,Assam,India,Resigned,2020,4,167,94.18
EMP00885,Fateh,Sule,Female,56,Married,Sales,Business Development Associate,Full-Time,Onsite,Master's,33,2020-11-10,504889,15.22,3,36,1,11,17,3.4,Stuvan Sodhi,Mumbai,Karnataka,India,Resigned,2024,4,195,84.49
EMP00886,Neysa,Bajaj,Male,56,Married,Marketing,Marketing Manager,Full-Time,Remote,Bachelor's,30,2015-07-01,1035666,14.62,3,52,10,35,11,2.9,Jivika Dalal,Delhi,Karnataka,India,Resigned,2021,1,221,95.48
EMP00887,Manikya,Batta,Female,39,Single,Human Resources,HR Manager,Contract,Hybrid,Diploma,14,2015-12-01,1072739,5.57,4,40,4,23,7,2.1,Zain Edwin,Mumbai,Telangana,India,Active,2022,2,177,82.54
EMP00888,Farhan,Lala,Male,56,Married,IT,IT Support,Part-Time,Onsite,Bachelor's,31,2019-02-01,368594,24.05,3,33,8,16,6,2.6,Azad Tata,Delhi,Delhi,India,Active,2020,2,217,83.04
EMP00889,Alia,Lad,Male,50,Single,IT,Data Analyst,Contract,Hybrid,Diploma,26,2025-06-03,824695,24.25,5,50,7,25,12,2.4,Shlok Chakraborty,Bangalore,Maharashtra,India,Active,2020,1,214,95.72
EMP00890,Vedika,Desai,Female,56,Married,Finance,Finance Manager,Full-Time,Hybrid,MBA,32,2019-08-29,1040156,24.77,4,9,3,27,18,2.3,Kaira Kapur,Kolkata,Karnataka,India,Resigned,2021,3,206,95.28
EMP00891,Miraya,Ganesan,Female,57,Single,Sales,Business Development Associate,Full-Time,Onsite,Diploma,33,2024-11-06,401421,19.53,4,33,12,19,17,3.7,Nakul Sen,Hyderabad,Telangana,India,Resigned,2022,2,149,90.57
EMP00892,Ojas,Agate,Female,34,Married,Marketing,Marketing Manager,Contract,Remote,MBA,13,2023-06-19,1348444,9.4,4,44,4,27,2,4.4,Riaan Madan,Mumbai,Tamil Nadu,India,Resigned,2020,4,240,87.28
EMP00893,Nehmat,Ravi,Male,22,Single,Finance,Financial Analyst,Full-Time,Onsite,Diploma,0,2017-04-01,880968,6.94,4,14,8,26,8,4.8,Charvi Madan,Chennai,Assam,India,Resigned,2018,3,220,99.52
EMP00894,Tejas,Magar,Female,52,Married,Operations,Operations Executive,Contract,Onsite,Diploma,31,2018-11-04,411955,24.62,3,27,7,29,5,4.7,Nirvi Devan,Hyderabad,Tamil Nadu,India,Resigned,2019,3,186,97.88
EMP00895,Pihu,Bhargava,Female,32,Single,Marketing,Marketing Manager,Full-Time,Onsite,MBA,7,2017-03-11,1774026,18.47,4,57,7,0,18,3.4,Azad Bobal,Hyderabad,Tamil Nadu,India,Resigned,2025,5,177,95.73
EMP00896,Prerak,Sridhar,Female,48,Married,Operations,Operations Executive,Part-Time,Onsite,Bachelor's,23,2024-08-04,773873,11.98,4,54,11,33,14,4.5,Piya Yadav,Kolkata,Karnataka,India,Resigned,2022,3,222,75.9
EMP00897,Shayak,Lala,Male,23,Married,Operations,Operations Executive,Contract,Remote,MBA,0,2017-11-03,677021,9.59,4,40,13,15,14,2.6,Keya De,Hyderabad,West Bengal,India,Active,2020,5,155,81.19
EMP00898,Shayak,Tank,Female,55,Single,IT,IT Support,Contract,Hybrid,Diploma,31,2018-05-25,502544,9.12,4,23,1,20,3,4.7,Manjari Krishnan,Pune,West Bengal,India,Resigned,2024,3,228,99.59
EMP00899,Miraan,Rau,Male,49,Married,Customer Support,Team Lead,Full-Time,Hybrid,MBA,25,2024-09-07,527982,24.54,3,10,11,1,5,2.8,Pihu Chopra,Guwahati,West Bengal,India,Resigned,2021,5,165,99.9
EMP00900,Darshit,Jani,Female,27,Married,Customer Support,Customer Support Executive,Part-Time,Hybrid,Diploma,6,2019-10-16,430322,6.21,3,64,1,11,13,2.3,Jhanvi Kapoor,Delhi,Delhi,India,Active,2021,4,152,96.57
EMP00901,Aaryahi,Babu,Female,34,Single,IT,Data Analyst,Full-Time,Hybrid,MBA,8,2016-06-05,1022431,5.82,4,56,2,31,18,2.1,Anya Basu,Guwahati,Tamil Nadu,India,Active,2022,4,207,93.27
EMP00902,Sahil,Goda,Female,22,Married,IT,Software Engineer,Full-Time,Onsite,Bachelor's,0,2024-01-13,2000634,13.56,3,69,14,12,3,4.2,Diya Khanna,Hyderabad,Telangana,India,Resigned,2022,3,145,88.77
EMP00903,Neelofar,Singh,Male,35,Single,Operations,Operations Manager,Full-Time,Onsite,Master's,11,2023-04-30,1579319,23.21,5,56,10,2,4,3.1,Rania Varughese,Pune,Karnataka,India,Resigned,2018,2,143,86.0
EMP00904,Mohanlal,Chakraborty,Male,44,Married,Operations,Operations Executive,Contract,Remote,Bachelor's,18,2024-01-04,521105,11.02,5,22,11,12,2,4.6,Tushar Ganesh,Mumbai,Tamil Nadu,India,Active,2018,3,178,88.27
EMP00905,Anahi,Badami,Male,55,Married,Operations,Operations Manager,Part-Time,Remote,MBA,30,2017-06-09,1351830,22.36,2,29,8,34,5,2.3,Samarth Goyal,Hyderabad,Delhi,India,Resigned,2023,4,227,85.47
EMP00906,Lavanya,Thaman,Female,43,Single,IT,Data Analyst,Contract,Onsite,Master's,17,2018-10-10,1026183,18.09,4,19,5,32,17,2.9,Kiaan Bhatia,Chennai,Maharashtra,India,Active,2023,1,196,98.32
EMP00907,Renee,Bajwa,Male,45,Married,Marketing,Marketing Manager,Part-Time,Onsite,Bachelor's,22,2025-06-07,1432455,7.52,5,39,8,28,20,3.5,Jivika Dass,Bangalore,Assam,India,Resigned,2021,4,216,86.75
EMP00908,Khushi,Ravi,Female,25,Single,Human Resources,HR Executive,Full-Time,Hybrid,Diploma,3,2020-07-14,499434,13.94,3,80,3,31,3,3.9,Sara Walia,Mumbai,West Bengal,India,Resigned,2019,2,239,99.64
EMP00909,Raghav,Sani,Female,52,Married,Marketing,Marketing Analyst,Part-Time,Remote,Bachelor's,27,2022-08-15,729051,13.48,3,50,13,35,7,3.7,Saira Swamy,Kolkata,Delhi,India,Resigned,2025,4,193,87.72
EMP00910,Nakul,Rao,Female,22,Single,IT,Data Engineer,Contract,Onsite,Master's,0,2023-07-05,1591282,22.41,3,55,10,37,14,4.0,Manjari Gandhi,Pune,Maharashtra,India,Resigned,2018,1,144,84.21
EMP00911,Nirvaan,Sampath,Male,27,Married,Customer Support,Customer Support Executive,Contract,Remote,Bachelor's,1,2021-09-12,549192,16.19,3,5,1,31,18,3.8,Anvi Kanda,Chennai,Karnataka,India,Resigned,2019,4,238,86.32
EMP00912,Neelofar,Bhalla,Male,39,Married,Marketing,Marketing Analyst,Contract,Hybrid,Diploma,13,2023-05-21,554112,9.79,4,29,8,1,8,3.8,Shalv Dhaliwal,Hyderabad,Tamil Nadu,India,Active,2025,4,178,81.82
EMP00913,Saksham,Balan,Female,46,Single,IT,Software Engineer,Contract,Onsite,Diploma,20,2018-06-28,1222864,10.37,3,24,10,9,6,4.9,Eva Bose,Pune,West Bengal,India,Resigned,2019,1,224,99.66
EMP00914,Rania,Dhar,Female,31,Married,Finance,Financial Analyst,Part-Time,Onsite,MBA,6,2021-06-19,1160754,14.92,4,31,11,3,12,2.7,Samarth Rout,Chennai,Assam,India,Resigned,2023,5,189,92.16
EMP00915,Kismat,Ramakrishnan,Female,50,Single,Sales,Business Development Associate,Full-Time,Hybrid,Bachelor's,28,2023-09-12,704943,12.35,5,38,5,16,20,2.3,Navya Sawhney,Pune,Karnataka,India,Active,2022,3,162,76.06
EMP00916,Hridaan,Bhatnagar,Female,54,Single,Sales,Sales Executive,Contract,Remote,MBA,31,2015-12-26,443956,24.78,2,33,11,26,11,4.7,Aradhya Chada,Bangalore,Telangana,India,Resigned,2024,4,230,99.88
EMP00917,Uthkarsh,Buch,Female,25,Married,Finance,Accountant,Contract,Onsite,Bachelor's,0,2022-07-13,637292,11.68,3,42,6,33,8,2.4,Yuvraj  Hari,Mumbai,Telangana,India,Active,2023,5,219,85.73
EMP00918,Uthkarsh,Lala,Male,42,Married,Human Resources,HR Manager,Full-Time,Hybrid,Diploma,19,2017-06-01,903151,9.78,4,41,9,6,12,4.5,Azad Das,Mumbai,Karnataka,India,Active,2019,5,156,86.09
EMP00919,Seher,Chakrabarti,Male,48,Married,Finance,Financial Analyst,Contract,Hybrid,Bachelor's,27,2017-01-05,917483,7.88,3,22,3,21,10,4.2,Madhav Buch,Delhi,Maharashtra,India,Active,2023,4,210,87.19
EMP00920,Parinaaz,Ramakrishnan,Female,42,Married,Marketing,Marketing Manager,Full-Time,Hybrid,MBA,17,2015-01-12,1621583,14.46,5,39,11,14,0,2.2,Pihu Bansal,Guwahati,Tamil Nadu,India,Resigned,2021,2,153,92.66
EMP00921,Darshit,Krishna,Female,39,Single,Finance,Financial Analyst,Full-Time,Onsite,Master's,18,2016-08-28,777942,8.81,3,69,12,4,10,3.2,Vihaan Lata,Hyderabad,Telangana,India,Active,2021,4,165,94.1
EMP00922,Tanya,Swaminathan,Female,45,Single,Human Resources,HR Manager,Contract,Onsite,Master's,23,2020-05-28,902907,22.25,3,19,5,0,23,4.8,Rohan Sura,Guwahati,Maharashtra,India,Resigned,2023,4,207,77.71
EMP00923,Nehmat,Sagar,Female,45,Single,Marketing,Marketing Manager,Contract,Onsite,MBA,22,2019-12-26,959984,19.45,3,53,10,4,15,2.1,Tarini Bala,Hyderabad,Telangana,India,Resigned,2023,2,234,83.35
EMP00924,Divyansh,Dani,Female,23,Single,Finance,Accountant,Full-Time,Onsite,Diploma,1,2020-03-28,652277,15.25,3,8,14,37,21,4.6,Arnav Uppal,Delhi,Maharashtra,India,Active,2024,1,215,91.23
EMP00925,Faiyaz,Bobal,Female,58,Single,IT,Data Engineer,Contract,Hybrid,Master's,32,2024-06-20,950590,22.62,1,40,13,31,15,2.3,Vritika Sami,Hyderabad,West Bengal,India,Resigned,2022,4,143,99.1
EMP00926,Sara,Khalsa,Male,42,Married,Marketing,Marketing Analyst,Part-Time,Remote,Diploma,21,2022-02-16,585650,14.34,4,50,11,33,25,2.8,Aayush Dhingra,Pune,Telangana,India,Resigned,2021,3,209,78.02
EMP00927,Ivana,Dey,Male,53,Married,Finance,Finance Manager,Full-Time,Remote,Bachelor's,32,2016-04-07,1423371,17.23,4,65,10,23,12,2.2,Hunar Garde,Pune,Karnataka,India,Resigned,2019,2,188,95.25
EMP00928,Jayan,Bhasin,Male,58,Single,Human Resources,Talent Acquisition Specialist,Part-Time,Hybrid,Master's,35,2015-12-31,701568,13.47,4,66,12,32,25,2.5,Mehul Kara,Bangalore,Tamil Nadu,India,Resigned,2025,3,201,87.6
EMP00929,Faiyaz,Chahal,Female,32,Married,Human Resources,HR Executive,Contract,Onsite,Bachelor's,6,2021-04-06,561409,11.33,3,40,13,21,0,4.9,Anika Chaudry,Guwahati,Telangana,India,Resigned,2019,4,178,80.1
EMP00930,Lakshay,Loke,Female,35,Married,Finance,Finance Manager,Contract,Hybrid,Diploma,10,2018-05-18,1159664,8.73,4,53,12,32,1,3.8,Prisha Sandal,Kolkata,Delhi,India,Active,2024,5,188,97.25
EMP00931,Navya,Bala,Male,22,Married,Customer Support,Team Lead,Part-Time,Onsite,Master's,0,2025-12-13,508200,7.29,4,65,13,9,15,4.9,Zaina Behl,Delhi,Assam,India,Active,2024,5,219,91.04
EMP00932,Renee,Sule,Male,37,Married,Finance,Financial Analyst,Part-Time,Hybrid,MBA,13,2023-07-21,720344,13.32,4,25,5,5,13,2.5,Jivika Grewal,Bangalore,Maharashtra,India,Active,2023,3,189,90.57
EMP00933,Eshani,Chokshi,Male,37,Single,Operations,Operations Executive,Part-Time,Onsite,MBA,12,2016-08-13,528531,7.17,4,36,1,3,13,2.6,Ayesha Kashyap,Bangalore,Maharashtra,India,Resigned,2019,2,140,97.82
EMP00934,Urvi,Kata,Female,28,Single,Finance,Accountant,Part-Time,Hybrid,MBA,6,2022-02-06,550786,16.04,4,6,6,27,12,3.3,Miraya Dutta,Delhi,Telangana,India,Resigned,2025,5,161,89.15
EMP00935,Emir,Majumdar,Male,41,Single,Operations,Operations Manager,Part-Time,Remote,Diploma,16,2016-12-28,1098051,11.43,4,55,6,13,16,2.0,Siya Vig,Delhi,Assam,India,Active,2018,1,197,82.55
EMP00936,Shalv,Wali,Male,54,Married,Human Resources,HR Executive,Part-Time,Hybrid,Bachelor's,29,2015-07-31,508715,24.92,3,46,11,7,7,4.9,Arnav Halder,Kolkata,Assam,India,Active,2019,5,223,75.64
EMP00937,Divij,Mand,Male,25,Single,Human Resources,HR Executive,Full-Time,Remote,MBA,0,2017-02-20,621257,9.94,3,15,7,25,5,4.5,Priyansh Khalsa,Chennai,Delhi,India,Active,2024,4,145,95.34
EMP00938,Gokul,Khanna,Male,41,Single,Marketing,SEO Specialist,Full-Time,Remote,Bachelor's,18,2015-05-02,573664,22.65,4,27,8,4,1,3.1,Nishith Basu,Delhi,Maharashtra,India,Resigned,2020,3,199,95.11
EMP00939,Nirvi,Vohra,Male,33,Married,Finance,Accountant,Contract,Remote,Master's,11,2018-02-06,579044,20.54,2,75,11,14,17,3.4,Aniruddh Basu,Pune,Tamil Nadu,India,Active,2025,1,175,79.52
EMP00940,Nirvaan,Bains,Male,51,Married,Finance,Accountant,Part-Time,Hybrid,Bachelor's,25,2025-02-18,665665,19.46,3,65,1,29,23,3.7,Romil Magar,Chennai,Tamil Nadu,India,Resigned,2024,2,240,83.66
EMP00941,Ahana ,Saraf,Male,48,Married,Marketing,Marketing Manager,Contract,Remote,MBA,22,2019-09-01,1479280,10.88,4,29,4,21,3,3.7,Aayush Varma,Kolkata,Telangana,India,Resigned,2019,1,143,89.92
EMP00942,Kashvi,Hayre,Male,28,Single,Marketing,SEO Specialist,Full-Time,Onsite,Bachelor's,2,2018-11-04,482020,7.8,4,10,13,31,16,2.2,Anay Shere,Delhi,Assam,India,Active,2023,3,226,86.08
EMP00943,Jayesh,Guha,Female,30,Married,Operations,Operations Manager,Contract,Hybrid,Bachelor's,9,2024-11-02,1682127,5.54,3,35,9,1,17,4.4,Miraan Vohra,Delhi,Tamil Nadu,India,Active,2021,4,178,88.68
EMP00944,Farhan,Bhavsar,Male,24,Married,Sales,Business Development Associate,Contract,Onsite,Diploma,2,2016-01-15,362444,22.24,4,29,8,30,17,4.6,Samaira Kuruvilla,Kolkata,Telangana,India,Active,2018,3,164,91.11
EMP00945,Mishti,Bora,Female,35,Single,Operations,Operations Manager,Full-Time,Onsite,Diploma,10,2017-11-13,812569,20.2,3,63,6,7,7,5.0,Raunak Rao,Bangalore,Telangana,India,Active,2023,4,236,96.52
EMP00946,Shanaya,Din,Male,27,Single,Operations,Operations Manager,Contract,Onsite,Master's,5,2016-06-18,1259228,17.29,3,14,8,13,16,3.9,Ivan Desai,Bangalore,Maharashtra,India,Resigned,2025,2,144,81.87
EMP00947,Arhaan,Chaudhary,Female,42,Married,Human Resources,Talent Acquisition Specialist,Contract,Hybrid,Master's,19,2017-11-01,662821,23.14,4,18,11,2,7,2.3,Jayant Sahni,Hyderabad,Delhi,India,Resigned,2020,1,186,97.51
EMP00948,Divij,Mallick,Female,34,Single,Customer Support,Team Lead,Full-Time,Onsite,MBA,9,2021-09-27,887386,12.18,3,63,13,40,2,3.9,Jiya Bera,Hyderabad,Assam,India,Active,2023,3,176,98.42
EMP00949,Navya,Dada,Female,55,Married,Customer Support,Customer Support Executive,Full-Time,Onsite,Diploma,33,2020-01-18,395349,12.34,5,20,13,19,15,3.5,Indrans Thaker,Mumbai,Karnataka,India,Active,2018,3,210,85.69
EMP00950,Suhana,Sundaram,Male,48,Single,Marketing,Marketing Analyst,Part-Time,Hybrid,Bachelor's,26,2020-11-07,896614,18.86,3,6,8,7,16,4.0,Kaira Goel,Kolkata,Assam,India,Active,2025,2,157,82.7
EMP00951,Rhea,Basu,Female,55,Married,Marketing,Marketing Manager,Full-Time,Hybrid,Bachelor's,33,2019-09-30,1173449,7.11,3,78,5,36,4,4.8,Nehmat Manda,Kolkata,Maharashtra,India,Active,2024,3,171,78.4
EMP00952,Vidur,Badami,Female,44,Single,Human Resources,HR Manager,Part-Time,Remote,MBA,23,2025-05-05,1089635,6.83,4,42,13,22,12,3.9,Jayesh Chacko,Bangalore,Delhi,India,Active,2019,3,173,77.73
EMP00953,Myra,Sarna,Female,23,Single,Human Resources,HR Executive,Contract,Hybrid,Master's,0,2021-08-21,422094,11.32,3,36,15,27,25,3.3,Nehmat Bassi,Delhi,Assam,India,Resigned,2019,3,225,94.11
EMP00954,Divit,Konda,Male,31,Single,IT,Data Engineer,Full-Time,Remote,MBA,10,2018-01-11,2011422,16.1,4,44,14,6,8,3.8,Ojas Walia,Hyderabad,Tamil Nadu,India,Active,2021,3,222,79.28
EMP00955,Yuvaan,Bajaj,Female,23,Married,IT,Data Analyst,Contract,Remote,Bachelor's,0,2018-10-08,809005,11.12,4,40,5,30,8,2.8,Tara Garde,Mumbai,Maharashtra,India,Resigned,2018,4,212,88.3
EMP00956,Ranbir,Gaba,Female,41,Single,IT,Software Engineer,Part-Time,Hybrid,MBA,20,2019-05-18,1437434,19.62,1,37,2,6,4,3.8,Samarth Khanna,Mumbai,Maharashtra,India,Resigned,2018,5,218,96.36
EMP00957,Ritvik,Bath,Male,38,Married,Customer Support,Customer Support Executive,Part-Time,Remote,Diploma,15,2016-08-01,279764,16.14,4,79,11,23,1,3.1,Saira Kale,Kolkata,West Bengal,India,Active,2025,5,173,89.25
EMP00958,Dhanush,Kadakia,Male,41,Single,Operations,Operations Manager,Contract,Remote,Diploma,20,2018-10-08,1563237,22.25,5,40,3,33,7,4.7,Jhanvi Subramanian,Guwahati,West Bengal,India,Active,2025,4,174,92.76
EMP00959,Bhamini,Chawla,Female,39,Married,Customer Support,Team Lead,Full-Time,Onsite,Master's,13,2015-06-15,778867,13.85,4,42,8,10,1,4.8,Uthkarsh Uppal,Pune,West Bengal,India,Resigned,2022,2,166,90.62
EMP00960,Alisha,Kohli,Male,35,Married,Sales,Business Development Associate,Contract,Onsite,Diploma,12,2017-12-21,463219,24.13,4,13,8,0,15,3.7,Saksham Chandran,Pune,Assam,India,Resigned,2021,4,148,84.03
EMP00961,Indrans,Kant,Male,29,Married,Sales,Sales Manager,Full-Time,Hybrid,Bachelor's,8,2017-10-15,1207991,19.84,4,34,14,29,14,3.6,Veer Sarkar,Mumbai,Assam,India,Active,2025,3,217,90.97
EMP00962,Prerak,Bajwa,Female,31,Single,Operations,Operations Executive,Full-Time,Remote,Master's,6,2020-11-22,432115,6.51,3,46,3,17,11,3.0,Divij Bahri,Guwahati,Karnataka,India,Active,2025,3,197,94.74
EMP00963,Sahil,Som,Female,34,Married,Human Resources,HR Executive,Contract,Onsite,Diploma,10,2016-11-16,357214,11.49,4,74,8,1,1,4.0,Eva Kannan,Hyderabad,Maharashtra,India,Resigned,2019,3,182,76.08
EMP00964,Parinaaz,Goswami,Female,37,Married,IT,IT Support,Full-Time,Remote,Diploma,11,2016-12-21,370429,22.53,3,10,11,17,24,2.8,Shray Keer,Kolkata,Karnataka,India,Active,2022,1,194,94.6
EMP00965,Navya,Contractor,Male,38,Married,Operations,Operations Manager,Contract,Onsite,MBA,14,2020-01-14,1214493,9.33,5,69,5,9,13,3.4,Shlok Deo,Delhi,Delhi,India,Resigned,2021,1,195,93.51
EMP00966,Zoya,Kalla,Male,55,Single,Sales,Business Development Associate,Full-Time,Onsite,Master's,29,2022-07-07,351438,14.39,4,60,13,23,12,2.6,Samar Kurian,Hyderabad,Assam,India,Resigned,2019,2,186,84.73
EMP00967,Advik,Dugar,Female,31,Single,Marketing,Marketing Analyst,Part-Time,Onsite,Bachelor's,8,2015-10-24,707745,18.96,4,5,9,0,18,2.6,Alia Saini,Kolkata,Karnataka,India,Active,2021,4,183,91.36
EMP00968,Vidur,Bal,Male,42,Married,Finance,Finance Manager,Part-Time,Hybrid,Master's,19,2020-10-12,1612668,12.75,3,11,14,15,7,3.3,Nishith Kumar,Pune,Delhi,India,Resigned,2024,2,150,97.66
EMP00969,Lavanya,Iyengar,Male,41,Married,Marketing,Marketing Manager,Full-Time,Hybrid,Master's,18,2020-06-29,1056490,19.18,3,13,15,32,11,4.1,Zaina Kala,Bangalore,Maharashtra,India,Active,2020,2,231,80.47
EMP00970,Samarth,Brahmbhatt,Male,42,Married,Customer Support,Customer Support Executive,Part-Time,Hybrid,Master's,18,2016-05-17,287261,16.53,5,53,12,17,3,4.7,Suhana Hayre,Pune,Telangana,India,Resigned,2023,4,223,85.02
EMP00971,Badal,Mammen,Female,47,Married,Customer Support,Team Lead,Full-Time,Hybrid,Diploma,26,2023-06-07,807293,15.58,3,28,15,19,10,3.8,Kismat Joshi,Guwahati,Delhi,India,Resigned,2023,3,234,81.9
EMP00972,Yuvraj ,Dani,Male,26,Single,Finance,Financial Analyst,Full-Time,Remote,MBA,4,2019-11-01,542564,9.94,5,60,7,8,9,2.6,Ira Dar,Kolkata,Tamil Nadu,India,Active,2021,1,150,77.71
EMP00973,Dishani,Majumdar,Female,23,Single,Human Resources,Talent Acquisition Specialist,Part-Time,Remote,Diploma,0,2017-12-12,531906,24.15,3,37,10,12,13,4.6,Taimur Gera,Kolkata,Telangana,India,Resigned,2019,2,182,83.73
EMP00974,Nirvaan,Bajaj,Female,49,Single,Marketing,SEO Specialist,Part-Time,Hybrid,MBA,23,2025-04-01,385804,17.68,4,19,12,38,19,3.3,Tara Handa,Bangalore,Tamil Nadu,India,Active,2024,5,176,78.43
EMP00975,Anahi,Sharaf,Male,29,Single,IT,Data Engineer,Full-Time,Hybrid,Bachelor's,7,2024-05-19,1061644,16.44,5,63,9,0,6,3.9,Madhav Ramaswamy,Hyderabad,Telangana,India,Resigned,2020,3,232,81.77
EMP00976,Jiya,Goyal,Female,24,Married,Operations,Operations Executive,Full-Time,Onsite,MBA,1,2016-09-08,550939,22.88,3,68,1,5,8,2.2,Jivika Gola,Chennai,Tamil Nadu,India,Resigned,2021,3,146,87.2
EMP00977,Aaina,Kashyap,Male,35,Single,Sales,Sales Executive,Part-Time,Hybrid,Master's,9,2023-07-10,892451,14.79,3,47,9,6,21,3.1,Neysa Thaman,Chennai,West Bengal,India,Resigned,2019,4,156,86.1
EMP00978,Hunar,Desai,Female,42,Single,Marketing,Marketing Analyst,Contract,Remote,Master's,21,2018-10-14,624390,22.69,2,22,12,11,14,4.5,Indranil Grover,Kolkata,Telangana,India,Active,2018,4,160,86.81
EMP00979,Alia,Mann,Female,33,Single,Customer Support,Team Lead,Part-Time,Remote,Bachelor's,10,2020-08-27,577614,20.8,4,51,4,22,19,2.3,Rhea Chaudhary,Bangalore,Delhi,India,Active,2024,3,216,77.22
EMP00980,Umang,Mall,Female,38,Single,Human Resources,Talent Acquisition Specialist,Part-Time,Remote,Diploma,14,2018-02-04,531693,15.17,4,26,8,40,1,4.5,Kanav Kuruvilla,Guwahati,Tamil Nadu,India,Resigned,2025,1,147,90.04
EMP00981,Vivaan,Lad,Female,45,Married,Finance,Financial Analyst,Contract,Remote,Master's,20,2021-01-22,545715,10.79,2,26,7,23,17,4.4,Aarush Tank,Kolkata,Delhi,India,Active,2022,4,185,91.21
EMP00982,Saksham,Gaba,Female,55,Married,Customer Support,Team Lead,Part-Time,Remote,Bachelor's,32,2024-08-05,556741,20.71,3,77,11,25,18,3.9,Sumer Banerjee,Kolkata,Telangana,India,Active,2025,3,159,79.56
EMP00983,Shayak,Bose,Male,39,Married,Customer Support,Team Lead,Full-Time,Hybrid,Master's,15,2023-04-06,939971,23.71,3,55,3,29,20,2.9,Saira Sem,Mumbai,Delhi,India,Resigned,2018,5,149,80.52
EMP00984,Lagan,Atwal,Male,57,Married,Marketing,Marketing Analyst,Part-Time,Onsite,MBA,34,2017-01-02,751888,8.96,5,76,7,19,18,2.2,Shanaya Raj,Guwahati,Tamil Nadu,India,Active,2022,4,191,86.45
EMP00985,Darshit,Kapoor,Male,50,Married,IT,Data Analyst,Part-Time,Onsite,Master's,24,2015-07-26,952386,11.68,4,50,15,32,5,3.9,Alisha Kothari,Bangalore,Tamil Nadu,India,Resigned,2020,4,188,89.14
EMP00986,Mahika,Hegde,Female,31,Single,Customer Support,Customer Support Executive,Full-Time,Hybrid,Bachelor's,7,2017-05-13,350892,23.75,5,60,5,16,20,2.9,Raghav Ahuja,Pune,Maharashtra,India,Active,2024,5,190,79.22
EMP00987,Yakshit,Kale,Male,55,Single,Customer Support,Team Lead,Full-Time,Onsite,Master's,30,2023-07-01,718674,15.89,3,76,5,14,21,2.4,Anay Mall,Kolkata,Karnataka,India,Resigned,2024,5,148,95.11
EMP00988,Tara,Bera,Male,53,Single,Operations,Operations Executive,Full-Time,Remote,Diploma,31,2020-07-16,750756,17.74,4,51,4,40,4,4.1,Hazel Goswami,Delhi,Karnataka,India,Active,2020,1,161,87.13
EMP00989,Misha,Sami,Female,57,Married,Finance,Financial Analyst,Full-Time,Remote,MBA,33,2016-05-15,536662,22.0,4,15,10,6,20,3.6,Diya Ghose,Chennai,Delhi,India,Resigned,2019,3,149,82.82
EMP00990,Raunak,Gola,Male,49,Single,Operations,Operations Manager,Full-Time,Remote,Bachelor's,23,2018-06-01,848850,12.61,4,41,15,0,17,4.0,Pranay Chanda,Mumbai,Karnataka,India,Active,2020,3,229,76.9
EMP00991,Yakshit,Bhatia,Male,44,Married,Finance,Financial Analyst,Part-Time,Onsite,Bachelor's,23,2022-08-30,903052,7.26,3,8,15,13,5,3.3,Priyansh Goda,Guwahati,Assam,India,Resigned,2020,5,140,79.49
EMP00992,Zoya,Anne,Female,54,Single,Human Resources,HR Manager,Full-Time,Onsite,MBA,33,2017-02-12,969053,5.55,1,30,11,1,9,3.0,Emir Mahajan,Hyderabad,Maharashtra,India,Resigned,2023,2,210,82.28
EMP00993,Vritika,Subramaniam,Female,36,Single,Marketing,SEO Specialist,Part-Time,Remote,Diploma,15,2015-09-13,643146,17.82,3,5,4,21,16,4.9,Alia Das,Kolkata,Telangana,India,Active,2020,5,143,77.95
EMP00994,Shamik,Bhandari,Female,22,Married,Operations,Operations Executive,Part-Time,Remote,Bachelor's,1,2016-06-18,673984,14.22,3,13,1,11,9,4.0,Riya Divan,Chennai,Tamil Nadu,India,Resigned,2025,5,195,97.81
EMP00995,Aniruddh,Thaker,Female,34,Married,IT,IT Support,Contract,Hybrid,Diploma,8,2025-09-04,644794,13.78,3,47,14,6,24,4.7,Adah Subramanian,Hyderabad,Delhi,India,Resigned,2024,1,152,87.1
EMP00996,Gatik,Bhatia,Male,28,Single,IT,Software Engineer,Full-Time,Onsite,MBA,5,2023-11-11,1864168,17.72,3,22,8,32,5,3.9,Arnav Sharma,Bangalore,Tamil Nadu,India,Resigned,2025,2,186,92.72
EMP00997,Ritvik,Dayal,Female,32,Single,Marketing,Marketing Analyst,Contract,Hybrid,Master's,9,2020-02-22,872457,16.71,3,73,13,33,9,2.7,Renee Ramachandran,Pune,Assam,India,Resigned,2020,2,217,76.94
EMP00998,Miraya,Buch,Female,51,Married,Operations,Operations Manager,Contract,Remote,MBA,30,2022-06-02,1244729,22.64,4,22,5,3,3,5.0,Fateh Chakraborty,Bangalore,Assam,India,Resigned,2021,4,161,94.99
EMP00999,Vaibhav,Dewan,Female,35,Married,IT,IT Support,Part-Time,Onsite,MBA,12,2017-01-15,442027,8.33,3,78,6,6,14,4.4,Arhaan Sidhu,Chennai,Delhi,India,Resigned,2024,2,204,77.74
EMP01000,Rania,Kale,Female,29,Single,Sales,Sales Executive,Part-Time,Remote,Bachelor's,5,2016-10-23,482072,6.22,5,72,11,20,6,2.9,Ira Date,Delhi,Karnataka,India,Resigned,2019,5,168,96.42
EMP01001,Madhav,Lall,Male,37,Married,Marketing,Marketing Manager,Contract,Hybrid,Bachelor's,11,2016-12-27,996248,13.52,3,11,5,24,5,4.2,Advik Dugar,Pune,Maharashtra,India,Active,2024,5,220,85.33
EMP01002,Hansh,Mandal,Female,41,Single,Operations,Operations Manager,Full-Time,Hybrid,Bachelor's,20,2025-03-29,809425,8.74,4,29,3,20,0,4.9,Raunak Deshmukh,Bangalore,Tamil Nadu,India,Resigned,2021,2,154,98.14
EMP01003,Vidur,D’Alia,Male,27,Married,Human Resources,Talent Acquisition Specialist,Part-Time,Remote,MBA,4,2019-05-21,768058,12.85,2,13,15,10,1,3.9,Himmat Dara,Kolkata,Assam,India,Resigned,2020,2,230,96.1
EMP01004,Miraan,Sunder,Female,44,Single,Marketing,Marketing Analyst,Part-Time,Hybrid,Diploma,19,2023-01-21,745871,5.32,3,66,6,14,0,2.9,Dhanuk Khatri,Delhi,Maharashtra,India,Resigned,2021,5,174,93.24
EMP01005,Vihaan,Madan,Male,22,Married,IT,Data Analyst,Part-Time,Remote,Master's,0,2018-07-20,1078330,6.74,3,64,4,39,13,2.3,Onkar Dewan,Chennai,Delhi,India,Resigned,2020,2,188,82.77
EMP01006,Baiju,Balay,Male,28,Married,Operations,Operations Manager,Contract,Hybrid,MBA,5,2025-04-05,1152705,20.47,3,80,13,15,15,3.0,Hridaan Dhar,Kolkata,West Bengal,India,Resigned,2023,2,182,76.9
EMP01007,Eshani,Chaudry,Female,57,Single,Finance,Accountant,Full-Time,Remote,Master's,33,2025-07-09,685661,18.3,4,55,4,20,5,3.0,Nehmat Bahri,Mumbai,West Bengal,India,Active,2018,5,173,93.99
EMP01008,Damini,Bhargava,Male,27,Married,Sales,Business Development Associate,Contract,Remote,Bachelor's,4,2023-01-05,816061,10.42,3,14,10,21,5,3.5,Seher Varughese,Bangalore,Maharashtra,India,Resigned,2021,2,173,97.13
EMP01009,Nayantara,Dewan,Male,53,Single,Human Resources,HR Executive,Contract,Onsite,Master's,32,2020-11-29,625553,6.22,4,54,2,4,15,4.4,Tiya Koshy,Chennai,Karnataka,India,Active,2022,2,193,91.32
EMP01010,Kavya,Kala,Female,33,Married,Customer Support,Team Lead,Part-Time,Hybrid,MBA,9,2015-08-11,761447,11.62,5,48,4,29,14,4.7,Shamik Bakshi,Kolkata,Karnataka,India,Active,2023,3,165,83.96
EMP01011,Manjari,Dada,Male,25,Married,Operations,Operations Executive,Full-Time,Remote,Diploma,0,2016-03-17,448876,10.01,4,48,11,4,9,3.3,Shamik Vora,Pune,Maharashtra,India,Resigned,2025,3,231,77.65
EMP01012,Kanav,Balay,Female,41,Single,Operations,Operations Executive,Contract,Remote,Master's,19,2023-05-16,587823,9.58,4,66,7,18,1,4.4,Manjari Chandra,Hyderabad,Tamil Nadu,India,Active,2025,4,238,77.79
EMP01013,Reyansh,Cherian,Male,56,Single,Sales,Business Development Associate,Full-Time,Hybrid,Bachelor's,34,2017-01-10,848964,24.37,3,46,7,18,9,2.5,Zain Vohra,Bangalore,Assam,India,Resigned,2025,5,186,83.26
EMP01014,Nakul,Setty,Male,26,Single,Marketing,Marketing Analyst,Full-Time,Onsite,MBA,0,2023-10-31,868341,18.32,5,10,11,9,24,3.4,Amira Karnik,Mumbai,Assam,India,Resigned,2021,3,229,96.27
EMP01015,Adah,Kala,Female,28,Married,Human Resources,Talent Acquisition Specialist,Contract,Onsite,MBA,6,2017-10-13,516161,23.41,4,30,9,11,22,4.9,Saira Cheema,Mumbai,West Bengal,India,Resigned,2019,3,185,93.57
EMP01016,Priyansh,Mani,Male,45,Married,Human Resources,Talent Acquisition Specialist,Part-Time,Remote,Master's,23,2018-08-24,618313,7.63,3,14,12,20,3,4.7,Mahika Kakar,Delhi,Tamil Nadu,India,Active,2023,4,217,85.1
EMP01017,Romil,Ravel,Male,31,Married,IT,Software Engineer,Contract,Remote,Diploma,5,2015-11-30,1764237,16.41,3,68,1,27,7,4.5,Hazel Tata,Bangalore,Delhi,India,Resigned,2019,4,172,78.33
EMP01018,Veer,Ghose,Female,52,Single,Human Resources,HR Executive,Full-Time,Remote,Bachelor's,31,2016-07-03,497622,13.26,3,54,6,23,21,3.0,Oorja Khare,Guwahati,Delhi,India,Resigned,2025,4,187,84.79
EMP01019,Kanav,Sarma,Male,55,Married,Operations,Operations Manager,Part-Time,Remote,Bachelor's,33,2016-11-11,1604246,16.14,3,46,7,19,22,4.1,Suhana Banik,Bangalore,Maharashtra,India,Active,2018,4,226,92.59
EMP01020,Taran,Saraf,Male,48,Single,IT,Data Engineer,Contract,Remote,Master's,24,2020-09-01,1915916,13.28,3,43,7,27,12,4.5,Dhanuk Sengupta,Chennai,Karnataka,India,Active,2021,2,227,87.28
EMP01021,Rhea,Saha,Female,39,Married,Human Resources,Talent Acquisition Specialist,Contract,Hybrid,Bachelor's,18,2016-12-09,657198,14.12,1,36,6,37,20,2.2,Kabir Dani,Pune,Karnataka,India,Active,2022,5,177,94.89
EMP01022,Mehul,Loke,Female,44,Married,IT,Data Analyst,Part-Time,Remote,Master's,21,2020-08-12,626672,24.18,4,57,7,5,7,4.1,Khushi Bhandari,Pune,Maharashtra,India,Resigned,2022,5,225,95.37
EMP01023,Divij,Varkey,Male,41,Married,Customer Support,Customer Support Executive,Contract,Hybrid,Diploma,15,2021-04-23,429967,19.9,5,9,12,1,24,3.5,Indrans Goyal,Bangalore,Delhi,India,Resigned,2021,4,141,98.09
EMP01024,Yakshit,Sarma,Male,31,Single,IT,Data Engineer,Full-Time,Onsite,Diploma,10,2015-12-23,1819267,12.92,4,75,4,40,22,3.4,Ojas Mander,Kolkata,West Bengal,India,Active,2018,2,222,86.09
EMP01025,Arnav,Iyengar,Male,36,Single,Sales,Sales Manager,Part-Time,Hybrid,Bachelor's,11,2020-08-23,805264,16.81,4,30,7,20,8,4.2,Taimur Bhattacharyya,Hyderabad,Karnataka,India,Resigned,2025,2,231,91.53
EMP01026,Nirvi,Badal,Male,54,Married,Customer Support,Team Lead,Part-Time,Remote,MBA,33,2020-10-20,969020,17.17,4,44,6,2,18,3.4,Nirvaan Ram,Mumbai,Maharashtra,India,Active,2019,5,225,76.39
EMP01027,Shayak,Rau,Female,55,Married,Human Resources,HR Manager,Full-Time,Onsite,Master's,30,2017-05-08,1035781,7.87,4,45,2,6,6,2.6,Armaan Iyengar,Mumbai,Karnataka,India,Resigned,2020,5,221,81.33
EMP01028,Kimaya,Krishnamurthy,Male,26,Single,Customer Support,Customer Support Executive,Full-Time,Onsite,Diploma,5,2019-01-08,345127,18.59,4,80,10,28,19,5.0,Vihaan Saxena,Pune,Assam,India,Resigned,2018,4,161,96.04
EMP01029,Shray,Karnik,Male,26,Married,IT,Data Engineer,Contract,Remote,Master's,0,2025-01-19,2367422,12.7,3,77,4,12,13,3.1,Vardaniya Chaudhari,Bangalore,Maharashtra,India,Resigned,2019,3,179,88.98
EMP01030,Anahita,Batra,Female,36,Married,IT,Data Engineer,Part-Time,Hybrid,Bachelor's,14,2016-04-25,1049895,12.15,5,12,1,8,24,3.9,Piya Shroff,Bangalore,Delhi,India,Active,2021,4,141,84.45
EMP01031,Adira,Shanker,Female,29,Married,Marketing,Marketing Manager,Full-Time,Hybrid,Diploma,7,2020-05-28,967260,19.38,4,45,12,23,3,4.9,Misha Lala,Chennai,Telangana,India,Active,2023,2,232,85.48
EMP01032,Aaryahi,Khurana,Male,29,Single,Customer Support,Customer Support Executive,Full-Time,Onsite,Master's,8,2022-12-06,470442,10.18,3,73,11,23,1,3.0,Charvi Lalla,Mumbai,Delhi,India,Resigned,2023,5,194,76.29
EMP01033,Rasha,Bala,Male,44,Single,Operations,Operations Manager,Full-Time,Hybrid,Master's,19,2023-05-16,1155469,14.28,2,29,11,30,16,3.1,Samaira Guha,Pune,Assam,India,Active,2024,5,199,98.96
EMP01034,Purab,Chawla,Male,33,Single,Sales,Sales Manager,Contract,Remote,Master's,10,2019-09-08,1522558,15.21,3,78,10,7,25,4.1,Adira Agate,Pune,Delhi,India,Resigned,2021,5,172,96.69
EMP01035,Hiran,Kalita,Female,39,Married,Human Resources,Talent Acquisition Specialist,Contract,Remote,MBA,17,2019-01-16,545859,24.68,3,65,9,12,5,3.7,Prisha Taneja,Pune,Karnataka,India,Resigned,2019,4,204,89.61
EMP01036,Siya,Kapadia,Female,27,Married,Marketing,Marketing Manager,Full-Time,Onsite,MBA,5,2016-07-24,1462295,12.9,3,78,3,33,17,4.8,Nirvi Kale,Kolkata,West Bengal,India,Active,2019,4,165,81.1
EMP01037,Zara,Chaudry,Male,24,Single,Customer Support,Team Lead,Full-Time,Remote,Bachelor's,1,2019-05-06,647475,19.27,3,35,2,5,20,4.1,Lagan Ganguly,Pune,West Bengal,India,Active,2024,4,162,99.62
EMP01038,Ivan,Randhawa,Female,45,Single,Finance,Finance Manager,Contract,Onsite,Bachelor's,21,2018-01-27,1459333,8.65,3,9,9,32,9,3.2,Taimur Bumb,Mumbai,Karnataka,India,Resigned,2018,1,196,81.55
EMP01039,Misha,Choudhry,Female,54,Single,Operations,Operations Manager,Full-Time,Onsite,Master's,28,2017-03-27,1716078,11.93,2,27,6,4,13,4.2,Vaibhav Kadakia,Mumbai,West Bengal,India,Active,2019,1,227,86.6
EMP01040,Ojas,Kapadia,Female,45,Married,Finance,Finance Manager,Part-Time,Onsite,Bachelor's,20,2020-10-13,926774,8.41,2,63,13,7,15,4.8,Indrajit Jain,Bangalore,Karnataka,India,Active,2020,1,240,79.5
EMP01041,Prisha,Bahl,Male,33,Single,Operations,Operations Executive,Contract,Hybrid,Master's,10,2018-12-31,437160,6.08,3,22,12,3,15,4.5,Aaina Gole,Bangalore,Karnataka,India,Active,2020,4,172,90.01
EMP01042,Divij,Sarkar,Female,37,Married,Customer Support,Customer Support Executive,Full-Time,Hybrid,Diploma,12,2023-11-03,544724,18.11,3,8,4,33,0,4.5,Jayesh Sami,Mumbai,Tamil Nadu,India,Resigned,2018,3,147,93.85
EMP01043,Kismat,Bumb,Male,53,Married,Sales,Business Development Associate,Full-Time,Hybrid,MBA,27,2020-09-24,827786,22.08,3,18,12,30,18,2.0,Faiyaz Bumb,Kolkata,Telangana,India,Resigned,2023,4,207,91.99
EMP01044,Jivika,Subramanian,Male,55,Single,IT,Data Engineer,Part-Time,Onsite,Master's,34,2025-04-07,1183326,15.02,2,76,2,30,8,2.5,Charvi Raval,Bangalore,Assam,India,Resigned,2018,3,167,89.52
EMP01045,Parinaaz,Mahajan,Female,47,Single,Customer Support,Team Lead,Full-Time,Hybrid,Master's,25,2016-04-24,724056,14.75,2,45,9,25,15,4.7,Jayesh Kota,Bangalore,Tamil Nadu,India,Active,2021,1,166,98.91
EMP01046,Biju,Baria,Female,45,Married,Customer Support,Team Lead,Contract,Hybrid,Master's,21,2017-09-11,548754,18.44,4,43,13,16,19,4.0,Nitya Behl,Guwahati,Maharashtra,India,Resigned,2018,5,193,86.47
EMP01047,Advik,Varghese,Male,45,Married,Human Resources,Talent Acquisition Specialist,Full-Time,Onsite,Diploma,20,2018-06-23,701446,24.33,2,11,10,34,23,2.9,Inaaya  Raju,Chennai,Delhi,India,Active,2025,2,153,97.45
EMP01048,Gokul,Seth,Male,51,Single,IT,IT Support,Part-Time,Hybrid,Diploma,27,2022-06-03,461587,18.88,5,58,8,34,10,3.6,Damini Balay,Delhi,Tamil Nadu,India,Active,2019,2,202,93.95
EMP01049,Lavanya,Som,Male,32,Single,IT,Data Engineer,Contract,Hybrid,MBA,8,2025-03-23,2074948,16.31,3,63,13,3,22,4.9,Nayantara Yohannan,Mumbai,West Bengal,India,Active,2024,5,172,81.38
EMP01050,Ivana,Upadhyay,Female,41,Married,Operations,Operations Executive,Full-Time,Hybrid,Master's,19,2018-01-14,513760,19.85,3,25,10,31,5,2.8,Samarth Amble,Guwahati,Tamil Nadu,India,Active,2023,1,222,97.99
EMP01051,Stuvan,Hans,Male,48,Married,Marketing,Marketing Manager,Contract,Hybrid,Diploma,25,2017-03-09,1776940,7.41,4,23,10,20,6,3.0,Samiha Soman,Pune,Maharashtra,India,Active,2025,3,168,92.52
EMP01052,Myra,Garg,Female,32,Married,Sales,Sales Executive,Full-Time,Onsite,MBA,11,2025-10-19,510740,5.19,5,64,10,9,14,4.6,Manjari Ghosh,Chennai,Delhi,India,Resigned,2020,5,232,90.19
EMP01053,Reyansh,Bath,Female,35,Married,Human Resources,Talent Acquisition Specialist,Full-Time,Hybrid,Diploma,11,2018-04-19,729816,6.08,3,44,2,14,18,2.8,Yuvraj  Basak,Guwahati,Tamil Nadu,India,Active,2018,2,195,90.51
EMP01054,Samaira,Devi,Male,28,Married,Marketing,Marketing Manager,Full-Time,Onsite,Master's,5,2025-03-08,1169868,10.55,3,46,8,27,12,3.9,Myra Ratti,Delhi,Telangana,India,Resigned,2022,2,182,80.59
EMP01055,Alia,Char,Female,49,Single,Finance,Finance Manager,Part-Time,Remote,Bachelor's,27,2023-05-12,1283456,13.81,3,52,5,35,12,5.0,Nayantara Balakrishnan,Hyderabad,Telangana,India,Resigned,2025,1,186,99.1
EMP01056,Urvi,Basu,Female,45,Married,Finance,Finance Manager,Full-Time,Remote,Diploma,23,2025-08-11,1736599,17.96,3,56,10,35,12,3.0,Anya Agate,Hyderabad,Maharashtra,India,Resigned,2019,4,237,98.79
EMP01057,Akarsh,Chaudhuri,Female,45,Married,Customer Support,Team Lead,Full-Time,Hybrid,MBA,23,2022-10-16,850768,18.66,4,19,7,39,15,2.2,Vardaniya Chowdhury,Bangalore,Telangana,India,Resigned,2023,2,159,95.31
EMP01058,Ryan,Sibal,Male,38,Single,Finance,Finance Manager,Part-Time,Onsite,Bachelor's,13,2023-11-14,902528,14.75,3,43,5,38,21,4.8,Miraan Badami,Kolkata,Maharashtra,India,Active,2018,3,205,88.55
EMP01059,Keya,Contractor,Male,54,Single,IT,Data Analyst,Full-Time,Remote,Bachelor's,29,2018-09-12,534950,6.94,4,60,11,14,10,4.1,Gokul Sandhu,Chennai,West Bengal,India,Active,2020,1,160,97.81
EMP01060,Mamooty,Basak,Female,50,Single,Sales,Sales Manager,Contract,Remote,Bachelor's,28,2025-10-18,1986950,9.89,3,14,12,37,22,2.2,Arhaan Balasubramanian,Chennai,Telangana,India,Resigned,2023,4,227,83.85
EMP01061,Shalv,Aurora,Male,48,Married,Operations,Operations Executive,Full-Time,Remote,Master's,24,2023-07-06,648744,21.94,3,72,5,6,12,2.1,Yuvaan Singh,Bangalore,Karnataka,India,Resigned,2024,3,152,97.92
EMP01062,Kiara,Lad,Female,35,Married,Marketing,Marketing Analyst,Contract,Onsite,Bachelor's,13,2025-01-04,664233,16.79,4,40,11,23,8,2.0,Keya Saha,Pune,Karnataka,India,Resigned,2021,2,187,91.61
EMP01063,Zara,Bala,Male,31,Single,IT,IT Support,Full-Time,Hybrid,Diploma,9,2024-02-01,364364,6.61,4,9,14,30,17,4.9,Amani Cheema,Pune,Delhi,India,Resigned,2023,1,157,93.72
EMP01064,Riaan,Babu,Female,51,Married,Operations,Operations Manager,Contract,Hybrid,Diploma,27,2017-12-31,1354264,14.64,4,11,14,27,14,3.9,Nirvi Bhattacharyya,Mumbai,Telangana,India,Active,2019,1,177,75.04
EMP01065,Nakul,Dhingra,Female,37,Single,Finance,Finance Manager,Part-Time,Hybrid,Diploma,15,2017-10-22,1730844,14.02,3,21,10,20,6,2.5,Kaira Aggarwal,Guwahati,Karnataka,India,Resigned,2025,3,146,79.12
EMP01066,Miraan,Saraf,Male,55,Married,Human Resources,Talent Acquisition Specialist,Part-Time,Hybrid,Master's,33,2024-01-09,497885,12.37,4,43,14,31,17,3.5,Anya Sunder,Chennai,West Bengal,India,Resigned,2018,4,213,92.54
EMP01067,Vanya,Toor,Male,33,Married,Operations,Operations Executive,Full-Time,Onsite,Diploma,7,2022-08-27,719139,19.93,4,72,8,26,23,2.2,Madhup Rau,Kolkata,Assam,India,Resigned,2022,3,240,89.64
EMP01068,Yasmin,Rana,Female,57,Married,Operations,Operations Executive,Contract,Remote,Diploma,34,2016-04-15,571522,16.08,3,50,10,32,25,3.9,Zara Baria,Bangalore,Maharashtra,India,Active,2019,1,240,75.75
EMP01069,Anahi,Bal,Male,54,Single,Operations,Operations Manager,Contract,Hybrid,MBA,28,2016-12-29,1604487,15.3,4,6,11,28,3,3.5,Mishti Sawhney,Bangalore,Karnataka,India,Active,2020,4,226,97.5
EMP01070,Ela,Mangal,Male,47,Married,Sales,Business Development Associate,Part-Time,Hybrid,Diploma,24,2022-10-06,454005,18.6,4,35,4,13,8,3.5,Trisha Suresh,Kolkata,Karnataka,India,Active,2024,3,208,96.36
EMP01071,Akarsh,Khare,Female,26,Married,Sales,Sales Executive,Contract,Hybrid,MBA,2,2017-04-27,396626,14.49,3,38,1,36,19,4.4,Hiran Uppal,Delhi,West Bengal,India,Active,2020,3,238,80.76
EMP01072,Misha,Dugal,Male,37,Married,Marketing,SEO Specialist,Part-Time,Hybrid,MBA,12,2020-08-11,520878,23.95,4,27,1,5,23,3.2,Sahil Dugar,Delhi,Delhi,India,Resigned,2019,3,218,92.44
EMP01073,Gokul,Sha,Male,47,Single,Customer Support,Customer Support Executive,Full-Time,Hybrid,Bachelor's,23,2022-05-12,426629,12.78,4,30,1,13,0,2.2,Devansh Vyas,Guwahati,Assam,India,Active,2022,5,153,77.26
EMP01074,Manikya,Thaman,Male,34,Married,Operations,Operations Manager,Full-Time,Remote,Diploma,9,2023-08-01,1370556,17.18,3,43,1,30,22,3.8,Pihu Tak,Delhi,Karnataka,India,Resigned,2020,4,141,76.24
EMP01075,Pranay,Khanna,Male,35,Married,Finance,Finance Manager,Full-Time,Onsite,MBA,9,2017-10-09,1499710,6.26,2,22,8,23,15,3.8,Advik Gola,Pune,Assam,India,Active,2025,4,225,99.69
EMP01076,Indrajit,Deol,Female,32,Married,Sales,Sales Manager,Full-Time,Hybrid,Master's,7,2021-04-04,1477722,12.01,3,23,13,38,7,4.7,Lagan Rama,Pune,Karnataka,India,Resigned,2020,4,207,91.6
EMP01077,Umang,Amble,Female,48,Single,Customer Support,Team Lead,Contract,Remote,MBA,27,2017-12-25,990015,15.6,4,49,7,30,10,2.3,Madhav Rajagopalan,Pune,West Bengal,India,Resigned,2022,3,203,85.88
EMP01078,Vedika,Bhalla,Female,56,Single,IT,Software Engineer,Contract,Remote,Bachelor's,30,2020-01-04,1329876,11.9,5,24,15,30,18,2.5,Fateh Roy,Guwahati,Karnataka,India,Active,2025,2,176,99.67
EMP01079,Raghav,Basak,Male,32,Married,Human Resources,HR Manager,Contract,Remote,Bachelor's,8,2025-10-22,1329445,13.78,3,57,8,37,15,2.9,Aarush Saraf,Kolkata,West Bengal,India,Resigned,2023,2,218,86.03
EMP01080,Mohanlal,Gera,Female,50,Married,IT,Data Engineer,Part-Time,Hybrid,Master's,27,2020-11-16,2022437,13.77,3,66,6,15,18,2.5,Vaibhav Ramesh,Bangalore,Delhi,India,Resigned,2025,4,187,84.59
EMP01081,Vivaan,Lad,Male,27,Married,Customer Support,Customer Support Executive,Full-Time,Hybrid,MBA,4,2023-10-23,271228,16.01,1,41,10,3,10,2.9,Neysa Bahri,Hyderabad,Telangana,India,Active,2021,3,178,98.14
EMP01082,Tara,Sanghvi,Female,52,Single,Sales,Sales Manager,Contract,Hybrid,Diploma,27,2016-05-29,1652324,20.28,4,20,3,25,25,3.0,Ritvik Sekhon,Guwahati,Tamil Nadu,India,Active,2025,2,199,96.3
EMP01083,Kartik,Manne,Female,52,Single,Marketing,Marketing Analyst,Part-Time,Onsite,Master's,29,2015-07-14,601756,17.01,4,42,15,0,25,2.5,Mannat Ramanathan,Mumbai,Telangana,India,Active,2018,4,218,80.78
EMP01084,Neysa,Ramaswamy,Female,31,Single,Finance,Finance Manager,Part-Time,Onsite,MBA,6,2025-08-25,1066030,16.07,3,79,8,4,14,4.2,Heer Ramanathan,Guwahati,Telangana,India,Active,2022,1,203,83.23
EMP01085,Nitya,Ray,Male,57,Married,Sales,Sales Executive,Part-Time,Onsite,Master's,35,2022-09-30,800400,16.06,3,13,7,26,19,4.3,Onkar Brahmbhatt,Bangalore,West Bengal,India,Resigned,2021,4,212,96.94
EMP01086,Nayantara,De,Male,40,Married,IT,Software Engineer,Part-Time,Remote,Master's,16,2016-04-02,1887739,15.71,5,31,11,35,8,3.3,Nirvaan Sekhon,Pune,Maharashtra,India,Resigned,2025,4,187,99.89
EMP01087,Taimur,Bajaj,Male,50,Single,Sales,Business Development Associate,Contract,Onsite,MBA,24,2018-12-28,844635,21.12,4,73,14,21,22,3.6,Nirvi Banik,Bangalore,Delhi,India,Resigned,2025,5,177,93.9
EMP01088,Madhav,Bhagat,Female,31,Married,Customer Support,Team Lead,Contract,Hybrid,Diploma,10,2022-01-21,507223,6.79,4,19,13,7,13,3.9,Anvi Mammen,Mumbai,Telangana,India,Resigned,2025,3,145,76.05
EMP01089,Tushar,Borde,Male,57,Married,Customer Support,Team Lead,Full-Time,Onsite,Master's,36,2018-10-07,827058,13.07,3,69,11,21,13,3.5,Elakshi Deshmukh,Bangalore,Karnataka,India,Resigned,2023,5,235,77.43
EMP01090,Kaira,Devi,Male,36,Single,Human Resources,Talent Acquisition Specialist,Part-Time,Onsite,Diploma,13,2023-03-08,433880,14.92,4,38,1,2,24,2.5,Anya Soman,Hyderabad,Maharashtra,India,Resigned,2018,5,188,77.74
EMP01091,Samiha,Rau,Male,54,Single,Marketing,Marketing Analyst,Part-Time,Hybrid,MBA,31,2021-05-01,608666,10.22,3,17,11,38,3,3.2,Samiha Mahal,Bangalore,Karnataka,India,Resigned,2021,1,159,96.65
EMP01092,Myra,Ray,Female,30,Single,Finance,Accountant,Contract,Remote,Bachelor's,9,2016-03-18,587202,20.17,4,62,10,3,20,4.3,Samaira Kuruvilla,Delhi,West Bengal,India,Active,2022,2,188,98.45
EMP01093,Manikya,Dhingra,Female,38,Married,Customer Support,Customer Support Executive,Full-Time,Onsite,Bachelor's,12,2017-12-21,512262,21.7,4,41,15,9,19,4.8,Siya Mani,Guwahati,Tamil Nadu,India,Active,2022,5,204,87.13
EMP01094,Taimur,Handa,Male,34,Married,Marketing,Marketing Analyst,Contract,Remote,Master's,13,2015-03-27,871310,12.05,3,39,7,7,9,2.8,Lakshit Jaggi,Hyderabad,Karnataka,India,Resigned,2024,1,211,79.94
EMP01095,Vivaan,Madan,Male,31,Married,Customer Support,Team Lead,Contract,Onsite,Master's,6,2023-01-27,954175,18.94,3,74,6,21,0,3.3,Stuvan Garg,Guwahati,Maharashtra,India,Active,2024,2,166,82.67
EMP01096,Keya,Gandhi,Female,35,Married,Operations,Operations Executive,Contract,Hybrid,Diploma,14,2022-05-13,728012,20.05,4,70,15,39,10,3.8,Kashvi Bahl,Bangalore,Tamil Nadu,India,Resigned,2022,5,218,79.85
EMP01097,Dhanuk,Manne,Male,53,Single,Human Resources,HR Executive,Full-Time,Hybrid,Diploma,29,2019-09-05,531706,16.94,1,14,3,13,24,3.0,Shlok Amble,Chennai,Maharashtra,India,Active,2021,2,165,77.55
EMP01098,Anahita,Sabharwal,Male,28,Married,Sales,Business Development Associate,Contract,Remote,MBA,2,2025-07-22,432585,14.69,2,40,2,23,6,2.8,Aradhya Gala,Delhi,Assam,India,Resigned,2019,1,226,84.44
EMP01099,Saksham,Dash,Male,48,Single,Marketing,Marketing Analyst,Part-Time,Remote,Diploma,24,2020-08-10,898374,7.51,4,23,13,6,20,2.2,Shanaya Dyal,Chennai,Maharashtra,India,Active,2023,4,218,97.25
EMP01100,Fateh,Vala,Female,47,Single,Marketing,Marketing Manager,Part-Time,Remote,Diploma,26,2015-03-14,1343182,24.71,4,25,7,5,24,2.2,Jiya Krishnamurthy,Guwahati,Maharashtra,India,Resigned,2021,5,142,79.88
EMP01101,Ritvik,Wable,Male,31,Single,Human Resources,Talent Acquisition Specialist,Full-Time,Remote,Diploma,6,2025-01-08,578933,9.57,4,72,9,28,19,2.4,Ishaan Cheema,Hyderabad,Delhi,India,Active,2021,2,157,89.37
EMP01102,Ritvik,Chawla,Female,42,Single,Operations,Operations Executive,Contract,Hybrid,Diploma,21,2025-10-23,394730,9.33,3,11,5,23,19,3.2,Heer Raju,Kolkata,West Bengal,India,Resigned,2023,3,222,75.43
EMP01103,Adira,Thaker,Male,37,Single,Customer Support,Team Lead,Full-Time,Hybrid,Diploma,15,2021-02-06,916074,16.61,4,41,12,23,18,2.8,Manikya Lal,Delhi,Maharashtra,India,Active,2022,4,143,77.27
EMP01104,Vaibhav,Bahri,Male,35,Single,IT,Software Engineer,Full-Time,Remote,Diploma,13,2025-05-01,1279500,6.71,2,75,5,24,3,3.3,Dishani Venkatesh,Chennai,Karnataka,India,Resigned,2022,1,182,94.06
EMP01105,Anaya,Raval,Male,57,Single,IT,Data Engineer,Contract,Remote,Diploma,35,2015-04-29,1774922,14.58,3,19,6,27,7,2.3,Raunak Ratta,Pune,West Bengal,India,Resigned,2024,1,161,82.37
EMP01106,Yakshit,Bhat,Male,50,Married,Finance,Financial Analyst,Contract,Onsite,Master's,25,2019-02-09,585095,6.97,3,64,2,10,12,4.9,Dharmajan Chaudry,Hyderabad,Assam,India,Active,2019,1,173,79.06
EMP01107,Yasmin,Chakrabarti,Male,40,Married,Sales,Sales Executive,Part-Time,Onsite,Bachelor's,14,2016-10-05,527366,8.84,3,45,6,25,19,2.0,Rania Doctor,Delhi,Telangana,India,Active,2025,4,151,86.54
EMP01108,Badal,Divan,Male,24,Single,Marketing,Marketing Analyst,Full-Time,Onsite,Bachelor's,1,2017-04-24,447434,18.31,5,59,6,37,12,4.6,Dhanuk Dhar,Hyderabad,Karnataka,India,Active,2024,1,230,97.36
EMP01109,Hrishita,Vala,Male,31,Single,Marketing,Marketing Manager,Contract,Hybrid,MBA,9,2024-03-12,1776835,7.53,4,23,15,9,8,2.2,Ivan Sibal,Delhi,West Bengal,India,Resigned,2024,1,168,87.96
EMP01110,Ritvik,Dhillon,Female,43,Married,IT,Data Engineer,Full-Time,Remote,Master's,22,2016-02-05,1581053,14.52,3,60,13,17,18,5.0,Faiyaz Baral,Delhi,Delhi,India,Resigned,2024,2,220,77.63
EMP01111,Vritika,Khare,Female,53,Married,Operations,Operations Executive,Part-Time,Hybrid,Master's,27,2025-08-12,769812,9.76,4,40,12,17,3,4.1,Indrajit Mani,Hyderabad,Telangana,India,Resigned,2021,4,237,90.07
EMP01112,Jhanvi,Joshi,Male,49,Married,Human Resources,HR Executive,Full-Time,Onsite,Bachelor's,26,2022-06-16,613173,11.55,4,62,9,39,12,4.4,Yuvraj  Bhavsar,Hyderabad,Maharashtra,India,Resigned,2025,5,159,87.55
EMP01113,Kavya,Jain,Male,31,Married,IT,Data Engineer,Contract,Remote,Bachelor's,6,2020-01-05,1626305,20.24,5,8,15,32,20,2.5,Lagan Tara,Delhi,West Bengal,India,Resigned,2020,5,159,94.46
EMP01114,Samar,Sangha,Female,27,Single,Finance,Financial Analyst,Full-Time,Remote,MBA,3,2017-09-15,1009655,18.01,3,27,4,16,2,2.7,Jivika Sethi,Guwahati,Assam,India,Resigned,2020,1,226,97.4
EMP01115,Kartik,Kuruvilla,Male,38,Married,Operations,Operations Executive,Part-Time,Onsite,Diploma,16,2015-02-18,500726,14.89,4,47,3,21,18,4.4,Arhaan Hora,Kolkata,West Bengal,India,Resigned,2020,4,166,86.51
EMP01116,Stuvan,Chaudhari,Male,36,Single,Sales,Sales Manager,Part-Time,Hybrid,MBA,13,2016-09-02,1067721,24.09,3,29,1,3,3,4.5,Rasha Jaggi,Chennai,Telangana,India,Active,2020,2,157,95.57
EMP01117,Nitara,Thaman,Male,32,Single,Finance,Financial Analyst,Part-Time,Onsite,Master's,11,2017-07-23,761379,7.81,3,26,4,28,16,3.9,Misha Yogi,Mumbai,Tamil Nadu,India,Active,2025,1,187,77.67
EMP01118,Darshit,Dhingra,Male,50,Married,Finance,Financial Analyst,Part-Time,Hybrid,MBA,26,2025-05-18,1127644,5.62,3,39,11,28,1,4.6,Farhan Deep,Mumbai,Maharashtra,India,Resigned,2021,3,181,91.25
EMP01119,Dhanuk,Dhingra,Female,35,Married,IT,Software Engineer,Contract,Hybrid,Master's,13,2024-07-30,1187256,14.29,4,75,8,17,15,5.0,Indranil Garg,Pune,Assam,India,Resigned,2019,3,170,80.41
EMP01120,Eshani,Suri,Male,23,Single,Human Resources,HR Manager,Full-Time,Hybrid,Bachelor's,0,2023-08-28,1130928,9.61,1,36,4,21,23,3.5,Raunak Batta,Delhi,West Bengal,India,Active,2021,4,213,90.78
EMP01121,Saanvi,Srivastava,Female,28,Married,Finance,Financial Analyst,Full-Time,Hybrid,MBA,6,2019-08-24,553314,21.69,5,36,5,27,17,3.7,Reyansh Warrior,Mumbai,Karnataka,India,Active,2024,4,219,90.89
EMP01122,Diya,Dutta,Female,50,Married,Finance,Financial Analyst,Part-Time,Hybrid,MBA,25,2024-02-18,535867,24.03,4,58,13,38,24,3.3,Lavanya Ganesan,Delhi,Assam,India,Resigned,2022,3,163,75.84
EMP01123,Kanav,Yohannan,Male,45,Married,Sales,Sales Manager,Contract,Onsite,Bachelor's,22,2015-08-16,1388477,12.75,3,15,15,4,7,3.4,Yakshit Saran,Delhi,Assam,India,Resigned,2022,4,185,82.73
EMP01124,Sumer,Saha,Male,25,Married,Sales,Sales Executive,Part-Time,Hybrid,Master's,0,2025-12-12,732373,11.33,3,41,6,22,5,3.3,Raunak Butala,Delhi,Delhi,India,Active,2025,5,182,93.46
EMP01125,Aayush,Singh,Female,32,Married,Human Resources,Talent Acquisition Specialist,Part-Time,Hybrid,Diploma,6,2016-04-04,585023,22.56,3,14,13,28,2,4.5,Suhana Apte,Delhi,Telangana,India,Active,2021,2,229,81.19
EMP01126,Dhruv,Soni,Male,52,Single,IT,IT Support,Full-Time,Remote,Diploma,30,2019-07-05,448298,17.65,2,74,5,16,21,2.8,Biju Borra,Chennai,Assam,India,Resigned,2020,5,198,93.7
EMP01127,Alisha,Bhakta,Female,39,Married,Sales,Business Development Associate,Contract,Onsite,Diploma,17,2016-01-14,528130,13.36,4,66,1,31,17,2.8,Zeeshan Gulati,Guwahati,Delhi,India,Resigned,2018,3,171,81.85
EMP01128,Tara,Lala,Male,58,Married,Finance,Accountant,Contract,Onsite,Master's,35,2016-04-01,572012,7.26,3,53,15,38,6,3.3,Shamik Shenoy,Guwahati,Assam,India,Active,2023,4,236,96.43
EMP01129,Baiju,Barad,Male,23,Single,Sales,Business Development Associate,Part-Time,Hybrid,MBA,0,2016-04-23,374331,10.12,2,51,15,28,14,2.8,Hridaan Sarin,Hyderabad,West Bengal,India,Resigned,2020,3,189,99.83
EMP01130,Parinaaz,Sood,Female,39,Married,Finance,Accountant,Full-Time,Onsite,Master's,17,2017-11-24,526595,14.5,1,62,13,21,6,3.7,Indrans Bir,Guwahati,Maharashtra,India,Resigned,2020,4,191,75.57
EMP01131,Shalv,Acharya,Female,56,Single,Marketing,SEO Specialist,Part-Time,Hybrid,Bachelor's,32,2024-02-04,686291,13.4,3,68,6,6,13,2.9,Raunak Singh,Delhi,Tamil Nadu,India,Active,2024,2,227,85.71
EMP01132,Zara,Babu,Male,52,Single,Sales,Sales Executive,Contract,Hybrid,Bachelor's,31,2024-08-01,403922,7.83,1,72,11,3,15,4.8,Amani Dayal,Guwahati,Karnataka,India,Active,2020,4,213,96.51
EMP01133,Seher,Wason,Female,40,Married,Finance,Accountant,Full-Time,Remote,Master's,16,2021-12-28,548880,5.55,5,38,10,35,14,2.6,Saanvi Chauhan,Kolkata,Tamil Nadu,India,Active,2023,5,189,99.6
EMP01134,Shanaya,Goswami,Male,38,Single,Operations,Operations Manager,Contract,Remote,Diploma,12,2022-04-01,1297071,14.5,4,11,11,40,17,2.4,Kiaan Kulkarni,Delhi,West Bengal,India,Active,2019,4,160,83.94
EMP01135,Anvi,Garde,Male,34,Single,Customer Support,Team Lead,Contract,Hybrid,Diploma,9,2018-12-14,808901,8.31,4,39,9,32,21,3.5,Mishti Chokshi,Chennai,West Bengal,India,Resigned,2019,1,177,75.45
EMP01136,Uthkarsh,Bora,Male,32,Single,Marketing,Marketing Manager,Contract,Hybrid,Master's,7,2024-10-11,1131107,20.73,1,18,15,4,22,2.7,Kashvi Hegde,Mumbai,Delhi,India,Resigned,2023,4,207,98.08
EMP01137,Zoya,Dayal,Male,36,Single,Sales,Business Development Associate,Contract,Onsite,Diploma,10,2019-06-09,823243,10.5,3,12,14,14,2,2.6,Neelofar Rana,Guwahati,Karnataka,India,Resigned,2018,4,169,75.17
EMP01138,Alia,Ganguly,Male,50,Married,Human Resources,Talent Acquisition Specialist,Full-Time,Remote,Diploma,29,2025-06-19,511712,11.69,5,38,15,39,5,4.5,Divyansh Talwar,Pune,West Bengal,India,Active,2020,3,150,99.4
EMP01139,Kashvi,Kohli,Female,56,Single,Sales,Sales Executive,Contract,Hybrid,Diploma,32,2018-10-30,884174,24.93,2,24,7,39,20,3.8,Anahita Kapur,Pune,Maharashtra,India,Resigned,2022,5,182,84.4
EMP01140,Urvi,Bedi,Male,22,Married,Sales,Sales Manager,Contract,Onsite,Bachelor's,1,2018-12-04,1611157,12.65,3,68,9,6,23,3.1,Jivika Bains,Mumbai,Maharashtra,India,Resigned,2023,3,202,76.05
EMP01141,Eva,Viswanathan,Male,57,Married,Finance,Accountant,Full-Time,Remote,Diploma,36,2020-07-07,491993,18.38,2,49,9,1,16,4.0,Jivin Bhatt,Bangalore,West Bengal,India,Resigned,2025,1,177,78.57
EMP01142,Anya,Roy,Female,58,Single,Human Resources,HR Manager,Contract,Remote,MBA,34,2023-02-20,822052,10.03,5,64,11,30,4,4.6,Nakul Anand,Delhi,Karnataka,India,Active,2018,4,195,75.35
EMP01143,Jayesh,Jhaveri,Male,29,Single,Operations,Operations Manager,Contract,Remote,MBA,4,2018-11-25,1248679,16.72,2,16,8,27,13,2.4,Jivin Sibal,Kolkata,Maharashtra,India,Active,2019,3,160,86.31
EMP01144,Arhaan,Sachdev,Male,53,Single,Finance,Finance Manager,Full-Time,Onsite,Master's,28,2019-01-29,1194008,11.84,4,73,7,40,24,3.2,Samiha Chowdhury,Bangalore,Maharashtra,India,Active,2024,1,235,75.36
EMP01145,Pranay,Chopra,Male,44,Married,IT,Data Analyst,Contract,Hybrid,Master's,20,2016-09-01,752662,24.65,2,61,6,39,3,3.2,Ayesha Kapadia,Hyderabad,Tamil Nadu,India,Resigned,2021,4,146,78.32
EMP01146,Devansh,Shanker,Female,46,Single,Sales,Sales Executive,Contract,Remote,MBA,20,2024-08-30,455369,22.84,3,31,15,35,25,4.3,Samarth Doshi,Mumbai,Telangana,India,Active,2024,4,181,88.5
EMP01147,Anvi,Krishnan,Female,37,Single,IT,Data Engineer,Part-Time,Hybrid,Diploma,13,2025-10-07,1768407,22.67,5,36,10,24,8,4.9,Kismat Joshi,Hyderabad,Telangana,India,Active,2018,3,200,75.37
EMP01148,Nakul,Sha,Male,58,Married,Marketing,Marketing Manager,Full-Time,Hybrid,MBA,33,2020-12-09,1236217,5.49,3,74,8,21,9,2.5,Hridaan Malhotra,Bangalore,Tamil Nadu,India,Resigned,2018,4,160,83.61
EMP01149,Romil,Rattan,Male,45,Married,Finance,Financial Analyst,Full-Time,Onsite,Bachelor's,20,2015-02-23,576510,12.18,3,31,12,22,0,2.3,Priyansh Barad,Chennai,Maharashtra,India,Active,2018,1,203,81.46
EMP01150,Kanav,Lal,Male,45,Single,Human Resources,HR Manager,Contract,Remote,MBA,20,2023-03-30,1047309,8.56,3,64,8,37,8,2.6,Lavanya Dua,Mumbai,West Bengal,India,Active,2023,4,165,85.29
EMP01151,Kiaan,Badami,Male,31,Single,Human Resources,HR Manager,Contract,Hybrid,MBA,5,2015-11-28,829077,18.86,5,49,4,27,9,3.8,Advik Apte,Chennai,Karnataka,India,Resigned,2019,3,144,93.85
EMP01152,Rhea,Agarwal,Male,40,Single,IT,Data Engineer,Contract,Onsite,Diploma,15,2016-03-21,2313036,5.08,3,71,14,13,7,2.4,Vardaniya Kibe,Mumbai,Tamil Nadu,India,Active,2025,1,173,75.14
EMP01153,Rhea,Gara,Male,56,Single,Customer Support,Team Lead,Contract,Onsite,Master's,32,2017-10-01,999312,9.02,1,31,9,12,13,4.6,Taran Soni,Mumbai,Tamil Nadu,India,Resigned,2018,1,217,94.93
EMP01154,Hridaan,Shukla,Male,51,Married,IT,Software Engineer,Contract,Onsite,Diploma,26,2018-04-21,2084599,5.23,5,27,9,25,14,3.1,Baiju Agate,Pune,Assam,India,Active,2020,4,215,76.17
EMP01155,Umang,Krishnan,Male,32,Single,Operations,Operations Executive,Full-Time,Onsite,Bachelor's,11,2019-02-22,680980,15.62,5,61,8,39,25,2.8,Anaya Hora,Mumbai,Tamil Nadu,India,Resigned,2022,3,207,99.65
EMP01156,Indrans,Sharaf,Male,39,Married,IT,Data Analyst,Contract,Onsite,Diploma,16,2025-08-03,1165218,17.71,3,58,12,1,13,2.9,Hazel Deo,Mumbai,Tamil Nadu,India,Resigned,2018,2,196,88.1
EMP01157,Siya,Goswami,Male,37,Married,Operations,Operations Manager,Part-Time,Onsite,MBA,13,2022-12-01,1046347,24.31,4,48,2,18,5,2.8,Nitya Setty,Kolkata,Assam,India,Active,2025,5,160,86.24
EMP01158,Ojas,Bajaj,Female,52,Married,Operations,Operations Executive,Part-Time,Onsite,Master's,26,2018-12-12,585416,11.32,4,70,10,7,19,3.0,Miraya Dora,Chennai,Delhi,India,Resigned,2023,5,240,85.55
EMP01159,Dishani,Ranganathan,Male,33,Single,Marketing,Marketing Analyst,Contract,Onsite,Diploma,11,2021-11-04,749284,7.76,4,32,11,35,13,3.1,Anya Swaminathan,Chennai,West Bengal,India,Resigned,2020,5,192,97.34
EMP01160,Anahita,Jani,Male,45,Single,Human Resources,HR Executive,Full-Time,Hybrid,Diploma,24,2017-07-17,560472,22.24,3,56,11,30,7,4.6,Drishya Dhillon,Mumbai,Tamil Nadu,India,Resigned,2019,3,217,94.58
EMP01161,Vaibhav,Grover,Female,25,Single,IT,Data Analyst,Full-Time,Onsite,MBA,0,2015-01-27,760695,8.62,4,67,11,25,4,4.1,Nirvi Jani,Hyderabad,Telangana,India,Resigned,2021,1,203,94.34
EMP01162,Devansh,Kapadia,Male,48,Single,Finance,Financial Analyst,Part-Time,Hybrid,MBA,25,2016-03-22,1097216,9.9,5,57,1,9,11,4.5,Hridaan Mall,Chennai,Assam,India,Resigned,2023,2,195,91.84
EMP01163,Aniruddh,Varghese,Male,42,Single,Sales,Sales Executive,Part-Time,Onsite,Bachelor's,17,2024-07-02,385662,18.46,4,45,15,38,20,4.6,Siya Loke,Bangalore,Assam,India,Active,2021,1,152,84.98
EMP01164,Aarna,Devi,Female,23,Married,Sales,Business Development Associate,Full-Time,Hybrid,Diploma,0,2017-08-04,687309,19.39,4,11,11,31,22,4.7,Eshani Tiwari,Guwahati,Delhi,India,Active,2022,1,212,94.88
EMP01165,Dhanuk,Doctor,Female,26,Single,Marketing,SEO Specialist,Full-Time,Hybrid,Bachelor's,3,2022-01-15,616265,5.04,3,69,3,8,16,3.9,Divyansh Borah,Guwahati,Tamil Nadu,India,Active,2023,5,235,81.53
EMP01166,Manjari,Sidhu,Female,46,Married,Sales,Business Development Associate,Part-Time,Onsite,Bachelor's,23,2018-12-07,494301,19.85,4,35,10,37,10,2.6,Manjari Bahri,Delhi,Delhi,India,Active,2019,1,149,79.56
EMP01167,Tanya,Wagle,Female,28,Single,Sales,Business Development Associate,Part-Time,Onsite,Master's,2,2016-09-15,614880,8.71,3,7,10,28,0,3.2,Kimaya Deol,Chennai,Telangana,India,Active,2020,4,182,86.33
EMP01168,Kashvi,Mani,Male,55,Married,Human Resources,HR Manager,Part-Time,Hybrid,MBA,30,2021-10-19,967737,7.15,4,54,14,39,13,4.0,Dishani Bahri,Kolkata,Tamil Nadu,India,Resigned,2025,5,159,88.18
EMP01169,Nayantara,Rana,Male,23,Married,Marketing,Marketing Analyst,Part-Time,Hybrid,Diploma,2,2023-04-29,886811,22.6,4,34,8,4,20,3.8,Dhruv Kapur,Pune,Telangana,India,Active,2025,4,186,90.76
EMP01170,Aaryahi,Bhasin,Male,23,Single,Finance,Financial Analyst,Part-Time,Remote,Diploma,1,2024-01-01,1022937,21.69,4,58,15,14,16,3.1,Shanaya Upadhyay,Kolkata,Delhi,India,Resigned,2020,4,176,91.89
EMP01171,Kavya,Raj,Female,33,Married,Customer Support,Team Lead,Contract,Onsite,MBA,7,2023-09-09,733031,21.18,4,44,4,28,19,4.4,Vardaniya Sankar,Pune,Telangana,India,Resigned,2023,5,237,94.07
EMP01172,Samaira,Ramaswamy,Female,38,Single,Marketing,Marketing Analyst,Contract,Remote,Bachelor's,16,2022-02-05,893487,23.75,4,74,6,28,1,2.3,Vihaan Chakrabarti,Pune,West Bengal,India,Active,2018,4,185,89.48
EMP01173,Aniruddh,Krishna,Female,45,Married,Sales,Sales Manager,Part-Time,Hybrid,Diploma,21,2024-04-17,1762843,21.88,4,48,7,0,5,4.5,Divit Mangal,Pune,Karnataka,India,Resigned,2021,2,215,91.07
EMP01174,Mannat,Bhatia,Female,25,Single,Marketing,SEO Specialist,Full-Time,Hybrid,Master's,3,2015-12-09,378581,20.52,3,47,14,26,3,4.6,Lakshit Brahmbhatt,Bangalore,Tamil Nadu,India,Active,2025,5,148,90.87
EMP01175,Kiaan,Vora,Female,34,Married,Customer Support,Team Lead,Part-Time,Onsite,Diploma,13,2016-09-02,944262,18.49,2,20,10,3,10,2.3,Aniruddh Sane,Chennai,West Bengal,India,Resigned,2018,5,219,84.68
EMP01176,Badal,Kapoor,Female,39,Married,Human Resources,Talent Acquisition Specialist,Contract,Onsite,Diploma,16,2020-03-04,477971,24.92,4,63,5,32,4,3.3,Kashvi Saini,Chennai,Tamil Nadu,India,Active,2021,1,239,98.63
EMP01177,Nirvi,Virk,Male,42,Married,IT,IT Support,Part-Time,Hybrid,Bachelor's,17,2015-09-23,644912,17.81,1,25,5,33,2,3.3,Gatik Salvi,Pune,Assam,India,Resigned,2018,5,175,91.75
EMP01178,Tarini,Dada,Female,35,Single,Finance,Finance Manager,Part-Time,Hybrid,MBA,12,2024-02-01,1147264,10.63,4,8,10,24,25,2.8,Dhruv Varty,Hyderabad,Telangana,India,Active,2023,1,217,94.01
EMP01179,Aarav,Manda,Male,31,Married,IT,Data Engineer,Contract,Hybrid,Diploma,8,2025-03-07,2207848,6.92,5,42,15,33,2,3.4,Aaryahi Kapoor,Guwahati,Telangana,India,Active,2022,2,140,85.23
EMP01180,Vaibhav,Malhotra,Male,57,Married,Customer Support,Team Lead,Full-Time,Hybrid,MBA,34,2015-07-25,592609,16.79,2,15,4,0,1,3.8,Riaan Dutt,Bangalore,Assam,India,Active,2022,5,178,90.84
EMP01181,Lagan,Keer,Female,28,Single,Marketing,SEO Specialist,Part-Time,Onsite,Master's,5,2017-12-17,369869,9.7,3,73,13,31,22,4.0,Prisha Raju,Hyderabad,Telangana,India,Resigned,2022,2,228,81.96
EMP01182,Anvi,Chana,Female,37,Single,IT,Software Engineer,Contract,Remote,Diploma,13,2016-01-10,2109706,9.84,3,31,4,23,25,3.4,Aayush Saxena,Bangalore,Assam,India,Resigned,2020,2,158,81.97
EMP01183,Aaina,Basu,Male,28,Married,Sales,Business Development Associate,Full-Time,Hybrid,Master's,3,2016-08-15,436916,15.39,1,44,9,20,23,2.6,Rohan Vaidya,Hyderabad,Tamil Nadu,India,Resigned,2020,5,164,96.68
EMP01184,Bhavin,Chokshi,Male,49,Married,Operations,Operations Manager,Full-Time,Remote,Diploma,28,2015-04-06,950581,19.95,3,7,8,5,13,5.0,Aarav Bumb,Kolkata,Assam,India,Resigned,2019,3,196,86.92
EMP01185,Anya,Verma,Male,56,Single,Sales,Sales Manager,Contract,Onsite,Diploma,34,2024-07-18,988218,21.02,4,14,15,11,17,3.0,Mohanlal Balasubramanian,Hyderabad,Assam,India,Active,2025,4,174,95.16
EMP01186,Ahana ,Salvi,Female,42,Single,Sales,Sales Executive,Contract,Onsite,MBA,21,2016-10-11,515495,11.8,2,53,8,33,1,2.1,Kashvi Reddy,Pune,Telangana,India,Active,2020,5,158,76.77
EMP01187,Gatik,Dash,Female,46,Single,Finance,Finance Manager,Contract,Onsite,Diploma,24,2020-10-15,1431468,17.27,5,58,11,38,10,2.2,Anahi Bhatia,Kolkata,Karnataka,India,Active,2018,5,205,93.99
EMP01188,Taimur,Som,Female,23,Single,IT,IT Support,Full-Time,Remote,Master's,1,2023-07-21,315385,13.63,4,39,5,32,9,4.4,Uthkarsh Warrior,Guwahati,West Bengal,India,Resigned,2021,5,240,98.82
EMP01189,Mohanlal,Varughese,Female,26,Married,Customer Support,Customer Support Executive,Part-Time,Remote,Bachelor's,5,2023-01-08,387060,19.27,4,9,9,35,3,4.1,Khushi Loyal,Kolkata,Maharashtra,India,Active,2020,4,185,90.48
EMP01190,Shayak,Rajan,Male,22,Single,Marketing,SEO Specialist,Part-Time,Remote,Bachelor's,0,2019-05-07,584760,22.14,2,45,14,35,2,2.3,Hridaan Mallick,Hyderabad,Delhi,India,Resigned,2020,4,151,88.83
EMP01191,Kanav,Devi,Male,58,Single,IT,Data Analyst,Contract,Hybrid,Bachelor's,36,2015-02-09,839585,6.49,4,9,4,1,2,4.7,Shaan Bajaj,Chennai,West Bengal,India,Resigned,2019,2,191,75.9
EMP01192,Eva,Bhagat,Female,53,Married,Marketing,SEO Specialist,Full-Time,Hybrid,Master's,30,2016-08-08,457320,5.71,5,9,6,26,4,4.7,Azad Lata,Delhi,Assam,India,Resigned,2019,2,168,91.44
EMP01193,Alia,Bhatt,Female,50,Married,Human Resources,Talent Acquisition Specialist,Full-Time,Remote,Bachelor's,27,2019-06-10,707490,16.76,3,71,13,3,7,4.6,Samaira Brahmbhatt,Mumbai,Telangana,India,Active,2018,5,178,77.55
EMP01194,Tushar,Sinha,Female,53,Single,Finance,Finance Manager,Full-Time,Remote,Bachelor's,29,2019-03-25,1444751,20.26,4,42,11,32,22,4.7,Hiran Das,Mumbai,Delhi,India,Active,2020,1,152,84.38
EMP01195,Mahika,Bains,Male,55,Single,Sales,Sales Executive,Contract,Onsite,MBA,31,2021-09-23,417536,24.83,3,17,1,22,25,4.2,Raghav Rajan,Pune,Karnataka,India,Resigned,2025,2,141,78.55
EMP01196,Piya,Cherian,Female,57,Married,Human Resources,HR Manager,Full-Time,Onsite,Bachelor's,34,2024-06-24,784235,5.99,3,42,6,28,9,3.9,Sana Comar,Mumbai,West Bengal,India,Resigned,2022,4,165,99.35
EMP01197,Dhanush,Shankar,Female,50,Single,Marketing,SEO Specialist,Part-Time,Hybrid,Bachelor's,28,2016-07-07,363004,14.84,3,24,5,27,21,4.4,Shaan Raman,Mumbai,Delhi,India,Active,2023,2,182,83.08
EMP01198,Alisha,Sani,Male,27,Single,Finance,Finance Manager,Part-Time,Remote,Master's,4,2022-05-20,1341724,9.23,1,75,10,15,14,4.5,Gokul Apte,Pune,Tamil Nadu,India,Active,2018,5,160,95.03
EMP01199,Indrajit,Rout,Female,44,Single,Marketing,Marketing Manager,Contract,Onsite,Master's,18,2022-05-31,1294289,12.12,3,14,15,35,8,4.6,Kashvi Ram,Bangalore,Tamil Nadu,India,Resigned,2019,1,158,88.02
EMP01200,Keya,Dass,Male,28,Married,Operations,Operations Manager,Full-Time,Remote,Diploma,6,2023-07-30,1362794,14.78,3,72,13,33,1,4.7,Anya Basak,Kolkata,Assam,India,Active,2021,5,207,82.24
EMP01201,Ritvik,Chand,Male,52,Married,Human Resources,Talent Acquisition Specialist,Full-Time,Onsite,Diploma,27,2019-10-31,710625,20.97,1,60,5,22,22,3.4,Oorja Rout,Chennai,Delhi,India,Active,2023,3,192,87.38
EMP01202,Raghav,Chatterjee,Male,51,Single,IT,Data Engineer,Part-Time,Remote,Bachelor's,28,2021-09-21,1299832,22.86,4,18,7,20,13,3.2,Jayant Roy,Kolkata,Delhi,India,Resigned,2024,5,150,91.02
EMP01203,Zoya,Issac,Female,44,Single,Operations,Operations Manager,Full-Time,Hybrid,Diploma,22,2015-05-17,1284962,19.31,4,38,2,4,6,4.4,Onkar Shenoy,Bangalore,West Bengal,India,Active,2019,1,234,99.97
EMP01204,Stuvan,Uppal,Male,32,Married,Marketing,SEO Specialist,Part-Time,Remote,Diploma,7,2025-05-17,513596,17.74,4,46,7,6,24,2.1,Bhavin Keer,Chennai,Delhi,India,Active,2018,1,178,88.68
EMP01205,Uthkarsh,Deshpande,Male,28,Married,Sales,Sales Manager,Contract,Hybrid,Bachelor's,4,2020-09-08,1354911,23.55,3,13,13,35,16,4.4,Kavya Lal,Guwahati,Delhi,India,Resigned,2021,1,173,89.1
EMP01206,Sana,Dey,Female,27,Married,Operations,Operations Executive,Part-Time,Onsite,Master's,4,2020-10-15,756968,19.51,4,56,2,17,18,2.6,Saksham Subramanian,Pune,Tamil Nadu,India,Active,2021,2,233,86.88
EMP01207,Hansh,Luthra,Female,53,Married,Finance,Finance Manager,Part-Time,Remote,Master's,32,2016-10-22,1262131,15.22,3,44,4,3,20,2.9,Yuvaan Bahri,Mumbai,West Bengal,India,Active,2024,3,207,87.72
EMP01208,Aniruddh,Cheema,Male,23,Married,Human Resources,HR Manager,Contract,Onsite,Bachelor's,1,2022-10-17,1316206,10.48,5,76,13,36,7,3.7,Heer Comar,Kolkata,Tamil Nadu,India,Resigned,2021,4,215,87.91
EMP01209,Nayantara,Thaman,Male,33,Single,Finance,Financial Analyst,Part-Time,Onsite,Bachelor's,9,2025-08-12,1163055,21.98,4,54,11,1,2,3.7,Arnav Kale,Mumbai,Karnataka,India,Resigned,2025,1,160,75.93
EMP01210,Romil,Tank,Female,48,Single,IT,Software Engineer,Contract,Remote,Diploma,26,2023-06-29,1866349,16.15,1,58,7,28,14,4.6,Zaina Karnik,Mumbai,West Bengal,India,Resigned,2025,3,149,92.45
EMP01211,Yashvi,Bala,Male,36,Married,IT,Data Engineer,Full-Time,Onsite,Master's,13,2022-03-24,1618597,13.8,4,40,3,23,18,2.9,Hiran Bath,Bangalore,Delhi,India,Resigned,2018,3,156,81.72
EMP01212,Oorja,Vig,Female,44,Single,Sales,Sales Executive,Full-Time,Onsite,Bachelor's,19,2017-01-17,802675,11.08,3,25,12,14,14,3.5,Devansh Kashyap,Delhi,Telangana,India,Active,2024,5,210,98.45
EMP01213,Vardaniya,Kade,Male,42,Single,IT,IT Support,Part-Time,Hybrid,Diploma,19,2018-07-29,341983,12.29,4,28,6,30,25,3.0,Armaan Bains,Chennai,Tamil Nadu,India,Resigned,2021,2,211,76.78
EMP01214,Himmat,Devi,Female,53,Single,Human Resources,Talent Acquisition Specialist,Full-Time,Hybrid,Diploma,27,2025-03-02,606723,13.12,5,13,7,24,3,4.4,Onkar Gopal,Bangalore,Karnataka,India,Resigned,2023,4,216,86.58
EMP01215,Aarna,Sarin,Female,27,Married,IT,Data Analyst,Contract,Hybrid,Diploma,5,2020-09-21,912298,19.52,5,74,4,23,6,3.6,Abram Sundaram,Delhi,Tamil Nadu,India,Resigned,2023,5,211,75.9
EMP01216,Jivika,Rout,Male,23,Single,Human Resources,HR Manager,Contract,Remote,Bachelor's,0,2022-03-04,1139391,20.82,1,42,15,38,6,2.8,Vedika Sani,Hyderabad,Karnataka,India,Resigned,2018,1,200,79.64
EMP01217,Kartik,Jain,Female,57,Married,Marketing,SEO Specialist,Contract,Hybrid,Master's,33,2023-10-07,626237,19.87,3,63,4,18,3,4.2,Darshit Buch,Bangalore,Karnataka,India,Resigned,2025,2,199,76.99
EMP01218,Amani,Kapoor,Female,43,Single,Marketing,SEO Specialist,Full-Time,Onsite,Diploma,18,2018-07-08,362536,12.74,4,56,14,8,12,2.8,Pari Golla,Pune,Assam,India,Resigned,2018,5,238,86.97
EMP01219,Miraya,Kota,Female,27,Single,Marketing,Marketing Analyst,Full-Time,Onsite,MBA,3,2021-05-02,427755,10.05,3,24,5,23,9,4.5,Advika Gara,Bangalore,Tamil Nadu,India,Resigned,2022,1,198,82.94
EMP01220,Anaya,Rajan,Female,29,Single,Human Resources,Talent Acquisition Specialist,Contract,Hybrid,MBA,5,2017-10-03,403822,5.59,3,68,11,35,20,2.6,Lavanya Chauhan,Kolkata,Assam,India,Active,2023,4,197,95.94
EMP01221,Stuvan,Zachariah,Male,41,Single,Marketing,Marketing Manager,Full-Time,Onsite,Diploma,19,2023-08-27,1666633,7.6,4,20,4,35,12,4.1,Fateh Venkataraman,Pune,Karnataka,India,Active,2022,4,190,84.16
EMP01222,Nayantara,Dey,Male,53,Single,Customer Support,Team Lead,Part-Time,Onsite,Master's,27,2021-05-11,699381,15.65,1,14,11,3,17,4.8,Kiaan Bawa,Bangalore,Assam,India,Active,2023,2,189,83.03
EMP01223,Lakshay,Ben,Male,47,Married,Sales,Business Development Associate,Part-Time,Onsite,Diploma,21,2018-12-24,665154,24.52,3,39,8,20,20,2.3,Shamik Dhar,Bangalore,West Bengal,India,Resigned,2021,2,168,80.98
EMP01224,Shayak,Sha,Female,41,Single,Sales,Sales Manager,Contract,Remote,Diploma,15,2025-07-11,1738994,12.37,4,13,2,0,6,2.4,Bhavin Ramaswamy,Chennai,Telangana,India,Resigned,2023,3,176,85.74
EMP01225,Umang,Gulati,Male,25,Married,Human Resources,HR Executive,Contract,Hybrid,Master's,2,2024-03-05,465543,11.86,5,31,2,32,19,4.1,Urvi Ramakrishnan,Pune,Delhi,India,Resigned,2018,4,228,99.74
EMP01226,Zain,Venkatesh,Female,54,Married,Human Resources,HR Executive,Full-Time,Remote,Bachelor's,31,2023-10-09,498753,13.03,3,45,13,16,1,2.1,Lagan Viswanathan,Pune,Maharashtra,India,Active,2023,5,198,80.46
EMP01227,Mohanlal,Iyengar,Female,37,Single,Marketing,Marketing Analyst,Part-Time,Onsite,Diploma,16,2018-09-06,800462,9.86,4,31,3,3,18,4.6,Divit Thaman,Hyderabad,Telangana,India,Active,2018,1,170,93.98
EMP01228,Ishaan,Tandon,Male,33,Married,Operations,Operations Executive,Full-Time,Remote,Bachelor's,8,2025-08-09,611004,16.57,3,34,12,28,17,3.1,Amani Halder,Hyderabad,Assam,India,Resigned,2025,5,163,94.63
EMP01229,Umang,Kurian,Female,58,Married,IT,Data Analyst,Full-Time,Onsite,MBA,35,2022-08-12,1131777,18.58,1,62,12,40,22,3.1,Yashvi Raval,Guwahati,Maharashtra,India,Active,2020,4,152,98.48
EMP01230,Yuvraj ,Bhagat,Female,55,Married,Customer Support,Team Lead,Part-Time,Remote,Master's,30,2018-12-31,650748,5.83,3,38,11,37,0,2.9,Kavya Kapoor,Chennai,Assam,India,Resigned,2018,4,170,90.89
EMP01231,Kartik,D’Alia,Female,56,Married,IT,IT Support,Part-Time,Remote,Bachelor's,32,2015-11-27,506981,14.77,4,55,11,27,2,3.7,Nayantara Verma,Hyderabad,Delhi,India,Resigned,2023,4,186,78.38
EMP01232,Ishaan,Iyer,Female,37,Single,Operations,Operations Executive,Full-Time,Onsite,Diploma,13,2021-02-05,523292,5.48,2,54,5,3,15,2.9,Prisha Bala,Kolkata,Maharashtra,India,Resigned,2025,2,167,78.27
EMP01233,Vihaan,Dubey,Male,38,Married,Sales,Sales Manager,Part-Time,Onsite,Bachelor's,13,2024-05-20,928569,19.53,2,25,1,34,3,4.0,Mohanlal Sampath,Guwahati,Maharashtra,India,Resigned,2024,3,199,90.94
EMP01234,Dhanuk,Jayaraman,Male,43,Married,Operations,Operations Manager,Contract,Hybrid,Diploma,18,2023-04-20,1417685,11.29,5,79,14,38,2,2.7,Devansh Rana,Mumbai,Tamil Nadu,India,Active,2022,3,167,79.84
EMP01235,Rasha,Maharaj,Male,56,Married,Finance,Financial Analyst,Full-Time,Onsite,Master's,35,2017-12-16,533845,6.05,4,48,4,5,13,4.5,Yakshit Raju,Hyderabad,Tamil Nadu,India,Active,2019,4,162,99.55
EMP01236,Gatik,Jha,Female,23,Married,Finance,Finance Manager,Part-Time,Remote,Bachelor's,0,2017-10-13,1783856,7.0,5,12,12,19,9,3.3,Divyansh Bhavsar,Pune,Tamil Nadu,India,Active,2018,5,207,97.5
EMP01237,Ishaan,Rajagopal,Female,49,Married,Customer Support,Team Lead,Full-Time,Hybrid,MBA,28,2019-08-30,780038,13.55,3,44,7,33,20,3.7,Anya Deep,Kolkata,Telangana,India,Resigned,2022,2,183,79.31
EMP01238,Ishita,Singh,Female,46,Single,Marketing,SEO Specialist,Contract,Hybrid,Bachelor's,25,2025-05-18,650176,18.58,4,8,8,15,21,4.4,Rati Mallick,Delhi,Karnataka,India,Active,2024,2,158,80.59
EMP01239,Nirvaan,Korpal,Male,53,Married,Operations,Operations Manager,Full-Time,Onsite,Bachelor's,27,2020-06-20,1041281,11.42,5,79,3,5,12,4.1,Nitara Dhingra,Pune,West Bengal,India,Active,2021,1,213,88.38
EMP01240,Anvi,Lalla,Female,55,Married,Sales,Sales Executive,Part-Time,Remote,Bachelor's,29,2022-03-01,727202,21.01,4,17,15,9,9,3.5,Lagan Varkey,Chennai,Delhi,India,Active,2024,3,203,82.54
EMP01241,Lagan,Rao,Female,47,Married,IT,Software Engineer,Full-Time,Remote,Bachelor's,25,2016-07-27,2109323,22.23,4,53,9,22,8,2.6,Hansh Balasubramanian,Delhi,Delhi,India,Resigned,2024,4,168,81.65
EMP01242,Adira,Cheema,Male,50,Married,Sales,Sales Executive,Part-Time,Hybrid,Diploma,24,2021-12-26,490950,5.58,2,52,8,23,2,3.9,Nehmat Manda,Hyderabad,Maharashtra,India,Active,2023,4,173,92.07
EMP01243,Lakshay,Soman,Female,48,Single,Operations,Operations Executive,Part-Time,Onsite,Bachelor's,25,2020-06-08,609733,12.74,3,21,9,38,9,2.0,Emir Sankar,Kolkata,Karnataka,India,Active,2022,1,202,85.6
EMP01244,Suhana,Joshi,Female,48,Married,Customer Support,Team Lead,Contract,Onsite,Bachelor's,23,2018-06-29,829963,18.48,4,45,14,36,16,2.4,Misha Dhillon,Guwahati,Maharashtra,India,Active,2025,4,229,77.63
EMP01245,Advika,Chander,Male,54,Married,Sales,Sales Manager,Part-Time,Onsite,MBA,31,2022-04-04,1390944,5.66,1,56,11,10,18,4.1,Elakshi Sachar,Kolkata,West Bengal,India,Resigned,2022,3,156,95.54
EMP01246,Mannat,Bhargava,Male,50,Single,Operations,Operations Manager,Full-Time,Hybrid,Master's,24,2021-03-23,1370163,14.12,4,5,9,33,24,2.5,Nehmat Lanka,Pune,Assam,India,Resigned,2020,2,146,97.71
EMP01247,Riya,Kohli,Male,26,Married,Finance,Financial Analyst,Contract,Remote,Master's,0,2020-02-04,944702,21.64,2,5,9,4,18,4.1,Pranay Ganesh,Chennai,Assam,India,Active,2024,2,182,88.45
EMP01248,Indrans,Bhandari,Female,32,Single,Customer Support,Customer Support Executive,Contract,Onsite,Master's,9,2018-06-08,323817,10.25,4,69,6,15,11,4.0,Riaan Saha,Delhi,West Bengal,India,Active,2018,3,181,99.0
EMP01249,Madhup,Bhatnagar,Male,35,Married,IT,IT Support,Part-Time,Hybrid,Bachelor's,11,2019-02-06,456057,21.19,4,28,3,40,21,3.7,Krish Bhatia,Delhi,West Bengal,India,Active,2022,3,240,87.9
EMP01250,Vanya,Doctor,Female,38,Married,IT,IT Support,Full-Time,Onsite,MBA,13,2018-01-12,397202,13.93,4,15,8,1,11,4.1,Manjari Hayre,Bangalore,Karnataka,India,Resigned,2023,4,204,75.61
EMP01251,Divyansh,Viswanathan,Male,22,Married,Operations,Operations Manager,Contract,Hybrid,Master's,0,2019-10-05,1099308,11.17,3,78,15,0,4,2.8,Shamik Raval,Pune,Maharashtra,India,Resigned,2025,4,160,95.94
EMP01252,Miraya,Zachariah,Male,40,Married,IT,IT Support,Full-Time,Remote,Master's,15,2020-06-07,329772,8.14,4,15,11,29,9,2.0,Zaina Kant,Guwahati,Karnataka,India,Resigned,2021,2,239,95.65
EMP01253,Inaaya ,Jani,Female,54,Single,IT,Software Engineer,Full-Time,Remote,Bachelor's,31,2025-06-09,1379002,6.08,4,56,8,17,16,3.0,Jayan Chaudhuri,Chennai,West Bengal,India,Resigned,2023,2,170,82.14
EMP01254,Saanvi,Chauhan,Female,38,Married,IT,Data Engineer,Contract,Onsite,MBA,16,2016-07-12,1310676,11.51,4,20,2,4,16,2.8,Renee Behl,Bangalore,Tamil Nadu,India,Active,2021,2,222,78.79
EMP01255,Tarini,Bala,Male,51,Married,Human Resources,Talent Acquisition Specialist,Contract,Hybrid,Diploma,28,2022-06-28,445676,10.06,3,17,10,33,10,3.8,Pranay Sarkar,Chennai,Assam,India,Resigned,2024,5,208,89.56
EMP01256,Onkar,Dugar,Male,47,Single,Operations,Operations Manager,Part-Time,Remote,Bachelor's,22,2015-11-30,1627761,7.68,5,62,2,10,23,3.3,Jayesh Vora,Hyderabad,Karnataka,India,Resigned,2022,1,157,97.67
EMP01257,Aaina,Rout,Female,43,Single,Customer Support,Team Lead,Full-Time,Onsite,Master's,20,2025-05-22,771806,20.3,4,35,2,28,6,5.0,Divit Mangal,Hyderabad,Tamil Nadu,India,Active,2021,2,187,92.33
EMP01258,Neelofar,Warrior,Male,40,Married,Human Resources,Talent Acquisition Specialist,Part-Time,Onsite,Bachelor's,18,2017-01-11,662113,7.59,4,24,8,12,4,4.2,Anahita Khare,Mumbai,West Bengal,India,Active,2025,4,169,95.76
EMP01259,Yakshit,Balay,Male,39,Married,Sales,Sales Executive,Full-Time,Hybrid,Master's,16,2017-04-30,557570,17.99,3,16,2,21,4,4.0,Stuvan Jhaveri,Hyderabad,Maharashtra,India,Resigned,2022,5,186,79.24
EMP01260,Jayan,Magar,Female,31,Single,Human Resources,Talent Acquisition Specialist,Full-Time,Hybrid,Bachelor's,7,2024-11-28,550630,15.13,4,22,6,0,8,2.1,Zeeshan Khurana,Hyderabad,West Bengal,India,Active,2021,3,186,98.75
EMP01261,Suhana,Amble,Male,45,Married,Marketing,Marketing Analyst,Contract,Onsite,Master's,20,2020-09-16,630036,13.12,4,30,4,31,22,3.2,Romil Choudhry,Chennai,Maharashtra,India,Resigned,2022,4,187,75.66
EMP01262,Suhana,Goel,Male,43,Single,Marketing,SEO Specialist,Full-Time,Hybrid,Diploma,21,2015-03-05,558092,21.76,1,56,4,2,8,2.3,Madhup Ratti,Kolkata,West Bengal,India,Active,2023,5,150,94.04
EMP01263,Veer,Sarma,Male,41,Single,Customer Support,Customer Support Executive,Full-Time,Remote,Master's,18,2024-06-23,422954,20.48,4,26,12,9,8,2.2,Charvi Choudhary,Mumbai,Maharashtra,India,Active,2020,4,207,98.46
EMP01264,Advik,Khare,Female,32,Married,Finance,Finance Manager,Part-Time,Hybrid,Bachelor's,9,2022-05-24,1571816,22.99,4,71,15,37,8,3.6,Rania Gala,Guwahati,West Bengal,India,Resigned,2021,4,148,97.63
EMP01265,Rasha,Mall,Male,22,Single,Human Resources,Talent Acquisition Specialist,Part-Time,Hybrid,Diploma,0,2017-02-14,713217,19.15,5,30,15,31,23,4.6,Mahika Dhillon,Kolkata,Tamil Nadu,India,Active,2022,2,204,78.9
EMP01266,Saksham,Gandhi,Male,32,Married,Sales,Sales Manager,Part-Time,Remote,Master's,6,2016-11-11,973464,11.23,5,10,5,37,22,4.8,Jivika Sastry,Bangalore,Tamil Nadu,India,Active,2022,3,189,86.07
EMP01267,Pari,Suresh,Female,58,Married,Human Resources,Talent Acquisition Specialist,Contract,Remote,Bachelor's,36,2022-06-18,770269,11.81,4,34,9,12,10,4.3,Neysa Kaul,Chennai,Karnataka,India,Resigned,2023,5,184,76.48
EMP01268,Biju,Sarraf,Male,52,Married,Operations,Operations Executive,Contract,Remote,MBA,30,2018-11-15,782958,24.08,4,49,12,18,14,3.1,Sara Edwin,Hyderabad,Maharashtra,India,Resigned,2020,2,198,96.11
EMP01269,Shaan,Wagle,Female,33,Single,Customer Support,Customer Support Executive,Contract,Hybrid,Diploma,12,2023-05-15,409006,11.04,3,69,7,27,21,2.1,Jhanvi Upadhyay,Kolkata,West Bengal,India,Resigned,2020,3,238,83.12
EMP01270,Kashvi,Kaur,Male,23,Single,Finance,Finance Manager,Contract,Onsite,MBA,0,2016-09-30,1327793,9.82,3,57,2,2,19,4.9,Nayantara Som,Delhi,Telangana,India,Active,2020,3,160,93.44
EMP01271,Lagan,Barad,Male,50,Married,Customer Support,Team Lead,Part-Time,Onsite,Bachelor's,29,2018-02-03,741278,12.44,4,9,1,5,23,3.8,Anika Sant,Chennai,Delhi,India,Active,2019,5,201,82.68
EMP01272,Samar,Gaba,Male,39,Single,IT,Data Analyst,Full-Time,Hybrid,Bachelor's,18,2015-04-15,574854,18.42,3,38,7,1,22,2.8,Inaaya  Suri,Kolkata,Maharashtra,India,Active,2023,3,240,75.23
EMP01273,Manjari,Wagle,Female,55,Single,Human Resources,HR Manager,Part-Time,Hybrid,Bachelor's,34,2023-03-01,1177845,18.71,1,49,7,4,10,2.2,Pihu Srivastava,Kolkata,Tamil Nadu,India,Resigned,2019,1,182,78.05
EMP01274,Manjari,Som,Male,33,Married,Human Resources,Talent Acquisition Specialist,Full-Time,Remote,Master's,9,2019-11-15,534246,5.14,4,9,2,22,6,2.4,Devansh Dhillon,Mumbai,Tamil Nadu,India,Resigned,2023,2,178,98.16
EMP01275,Jayan,Koshy,Male,24,Single,IT,IT Support,Full-Time,Onsite,Diploma,3,2023-01-24,643349,23.83,4,39,13,37,3,2.3,Priyansh Subramaniam,Bangalore,Telangana,India,Active,2025,3,233,76.92
EMP01276,Kabir,Deol,Male,31,Married,Operations,Operations Manager,Full-Time,Remote,Master's,10,2021-12-25,1782353,18.98,3,13,15,25,13,3.4,Nehmat Dash,Chennai,Delhi,India,Active,2024,4,200,87.44
EMP01277,Yuvaan,Baria,Male,46,Single,IT,Software Engineer,Contract,Remote,Master's,22,2022-06-09,1755532,20.83,2,50,13,12,23,3.2,Rania Iyer,Pune,Telangana,India,Active,2018,1,197,95.66
EMP01278,Kashvi,Kapadia,Female,42,Married,Finance,Finance Manager,Part-Time,Remote,Diploma,16,2024-02-07,1783588,5.41,4,28,1,15,19,3.6,Hansh Chad,Kolkata,Assam,India,Active,2021,5,216,91.2
EMP01279,Pranay,Shanker,Male,47,Married,Sales,Sales Executive,Part-Time,Hybrid,MBA,26,2019-05-22,656902,11.23,4,51,11,2,13,2.2,Aaryahi Das,Chennai,Assam,India,Active,2020,3,167,85.44
EMP01280,Abram,Gupta,Male,22,Married,Marketing,Marketing Analyst,Part-Time,Hybrid,Bachelor's,0,2019-03-03,704748,24.48,4,35,5,31,16,4.3,Trisha Shetty,Pune,West Bengal,India,Resigned,2023,1,228,99.92
EMP01281,Indrajit,Dhingra,Male,34,Married,Customer Support,Customer Support Executive,Part-Time,Hybrid,Diploma,13,2018-02-17,379913,13.84,3,79,15,25,1,3.1,Rasha Vasa,Pune,West Bengal,India,Resigned,2021,3,149,97.22
EMP01282,Onkar,Uppal,Male,53,Single,Finance,Accountant,Part-Time,Remote,Diploma,28,2022-06-02,610292,5.19,4,5,4,7,0,4.1,Navya Baral,Mumbai,Tamil Nadu,India,Resigned,2023,4,230,88.01
EMP01283,Bhavin,Dhar,Female,47,Single,Customer Support,Team Lead,Part-Time,Remote,Bachelor's,23,2016-04-11,876188,11.81,2,26,3,27,20,4.3,Anya Brahmbhatt,Mumbai,Delhi,India,Resigned,2018,2,206,91.24
EMP01284,Umang,Malhotra,Female,43,Married,Customer Support,Team Lead,Part-Time,Remote,MBA,21,2018-12-27,643879,11.07,4,27,2,12,19,2.7,Yashvi Kibe,Kolkata,Telangana,India,Resigned,2021,4,238,91.1
EMP01285,Taran,Majumdar,Male,25,Single,Human Resources,Talent Acquisition Specialist,Part-Time,Hybrid,Bachelor's,2,2025-11-13,629825,11.35,4,73,3,18,18,4.4,Jhanvi Varty,Bangalore,Maharashtra,India,Resigned,2025,4,234,75.11
EMP01286,Tejas,Gala,Female,27,Married,IT,IT Support,Full-Time,Onsite,Master's,1,2015-07-01,589598,22.63,5,43,11,16,22,3.7,Yasmin Dayal,Kolkata,Tamil Nadu,India,Active,2022,4,189,90.07
EMP01287,Amani,Savant,Female,38,Married,Human Resources,Talent Acquisition Specialist,Full-Time,Remote,MBA,12,2016-05-05,678427,6.24,4,42,2,38,25,4.1,Eva Choudhary,Kolkata,Delhi,India,Resigned,2023,1,162,90.15
EMP01288,Diya,Sabharwal,Female,38,Single,Finance,Finance Manager,Contract,Onsite,Bachelor's,16,2022-03-29,1118874,13.87,4,10,9,19,7,3.3,Baiju Khatri,Guwahati,Assam,India,Resigned,2023,1,144,94.43
EMP01289,Alia,Wable,Male,52,Married,Finance,Finance Manager,Contract,Onsite,Master's,26,2018-07-29,1311524,24.21,3,58,10,14,4,2.8,Veer Bhatti,Kolkata,West Bengal,India,Resigned,2023,1,196,88.19
EMP01290,Oorja,Ganesan,Female,45,Married,Operations,Operations Manager,Full-Time,Hybrid,Master's,19,2022-08-22,826896,17.52,4,30,7,9,10,4.9,Jiya Sarin,Guwahati,West Bengal,India,Resigned,2024,3,173,75.0
EMP01291,Khushi,Kaur,Female,52,Married,Finance,Accountant,Part-Time,Hybrid,MBA,30,2025-07-12,451326,5.28,3,54,7,14,21,4.3,Ritvik Biswas,Kolkata,Tamil Nadu,India,Resigned,2023,5,185,83.23
EMP01292,Samar,Sant,Male,32,Married,Marketing,Marketing Manager,Full-Time,Onsite,MBA,8,2018-05-07,1418914,23.09,4,26,13,29,12,2.4,Ojas Sarraf,Guwahati,Maharashtra,India,Resigned,2021,3,223,99.31
EMP01293,Neelofar,Chakraborty,Male,23,Married,Customer Support,Team Lead,Part-Time,Remote,MBA,0,2017-07-09,929984,23.76,3,72,12,0,9,2.5,Kismat Date,Bangalore,Karnataka,India,Resigned,2025,1,154,83.77
EMP01294,Kavya,Swaminathan,Male,52,Married,IT,IT Support,Part-Time,Hybrid,Bachelor's,31,2017-03-03,422970,13.48,4,32,12,18,0,2.9,Rohan Dua,Pune,Tamil Nadu,India,Resigned,2025,4,162,98.39
EMP01295,Ojas,Dugar,Male,33,Married,Human Resources,Talent Acquisition Specialist,Part-Time,Onsite,MBA,8,2016-07-21,698580,18.84,4,63,11,17,16,2.6,Nirvi Saraf,Hyderabad,Delhi,India,Active,2018,5,164,82.31
EMP01296,Purab,Saran,Male,50,Married,Human Resources,HR Executive,Part-Time,Hybrid,Diploma,26,2023-09-19,475397,24.5,4,5,13,28,2,3.8,Kismat Tara,Delhi,Delhi,India,Active,2024,3,180,81.09
EMP01297,Tushar,Vora,Female,40,Married,Finance,Financial Analyst,Part-Time,Remote,Master's,17,2019-06-28,508511,6.91,5,13,13,28,10,4.4,Tanya Mahajan,Mumbai,Karnataka,India,Resigned,2020,3,210,79.9
EMP01298,Shayak,Gera,Male,39,Single,Human Resources,HR Executive,Contract,Hybrid,Master's,14,2025-01-30,463457,20.03,4,79,5,19,21,4.4,Riaan Din,Guwahati,Assam,India,Active,2020,1,188,95.52
EMP01299,Kimaya,Vasa,Male,30,Married,Customer Support,Customer Support Executive,Full-Time,Remote,Bachelor's,9,2018-01-30,428886,7.77,4,26,8,38,21,2.1,Saksham Soni,Bangalore,Telangana,India,Active,2018,1,187,97.22
EMP01300,Hiran,Kannan,Female,44,Single,Customer Support,Team Lead,Full-Time,Hybrid,Bachelor's,23,2021-12-21,956220,23.31,4,30,2,33,0,3.5,Alisha Sastry,Kolkata,Delhi,India,Active,2019,1,184,81.65
EMP01301,Shamik,Bhalla,Female,30,Single,Sales,Business Development Associate,Part-Time,Remote,Bachelor's,7,2022-01-30,791686,22.8,4,7,12,26,10,5.0,Adah Sarma,Pune,Assam,India,Active,2019,1,183,97.35
EMP01302,Abram,Sidhu,Male,48,Married,Customer Support,Customer Support Executive,Full-Time,Remote,MBA,26,2023-04-27,251563,24.3,3,47,2,26,1,4.2,Yasmin Chowdhury,Chennai,Telangana,India,Active,2022,5,203,76.08
EMP01303,Seher,Baria,Male,43,Married,Marketing,SEO Specialist,Part-Time,Hybrid,Diploma,18,2021-03-08,366562,18.74,4,35,2,12,18,3.9,Fateh De,Hyderabad,Delhi,India,Active,2023,5,188,88.27
EMP01304,Damini,Batra,Male,34,Single,Operations,Operations Executive,Full-Time,Remote,MBA,10,2017-12-05,619443,24.34,1,62,8,2,6,4.4,Ishaan Loke,Pune,Tamil Nadu,India,Resigned,2023,2,228,76.54
EMP01305,Stuvan,Shukla,Female,57,Single,Sales,Business Development Associate,Contract,Onsite,Master's,34,2020-02-23,357475,18.64,5,70,1,2,0,4.0,Arnav Sandal,Delhi,Maharashtra,India,Resigned,2023,2,180,83.17
EMP01306,Myra,Manne,Female,46,Married,Finance,Finance Manager,Full-Time,Remote,Bachelor's,25,2021-06-01,1184758,22.7,2,37,6,8,3,2.9,Neysa Zachariah,Kolkata,Delhi,India,Resigned,2018,5,191,93.74
EMP01307,Samiha,Bedi,Female,48,Married,Customer Support,Customer Support Executive,Contract,Hybrid,Master's,25,2025-06-12,364950,8.74,4,53,8,7,13,3.6,Kaira Grover,Kolkata,West Bengal,India,Resigned,2019,3,170,82.68
EMP01308,Raghav,Sami,Female,54,Married,Marketing,Marketing Analyst,Full-Time,Remote,Bachelor's,31,2016-12-18,668665,19.0,3,24,9,4,13,3.5,Neelofar Chaudhary,Guwahati,Karnataka,India,Active,2018,3,214,76.99
EMP01309,Indrans,Gulati,Female,58,Married,Sales,Business Development Associate,Contract,Onsite,Master's,36,2020-03-01,639307,16.33,2,44,4,6,15,2.2,Akarsh Bal,Bangalore,Maharashtra,India,Active,2019,4,162,84.6
EMP01310,Rati,Chanda,Male,37,Single,Customer Support,Customer Support Executive,Full-Time,Remote,Master's,15,2022-05-01,445495,6.32,2,13,15,13,1,3.3,Kimaya Chaudhari,Chennai,Delhi,India,Active,2022,2,199,91.05
EMP01311,Shlok,Buch,Female,45,Married,IT,Data Analyst,Full-Time,Remote,Master's,19,2025-10-25,555652,11.95,3,56,12,33,14,4.6,Hiran Kulkarni,Pune,Assam,India,Resigned,2024,4,161,92.51
EMP01312,Inaaya ,Gopal,Female,35,Single,Operations,Operations Manager,Full-Time,Onsite,MBA,14,2017-02-17,992952,23.64,4,66,15,4,4,4.2,Krish Shah,Kolkata,Telangana,India,Active,2021,5,150,95.2
EMP01313,Yashvi,Vala,Female,48,Single,Finance,Financial Analyst,Full-Time,Onsite,Bachelor's,24,2016-04-02,1151642,23.27,2,52,13,21,2,3.5,Nirvaan Bandi,Hyderabad,Telangana,India,Resigned,2024,1,163,85.06
EMP01314,Rhea,Sarin,Female,33,Married,Finance,Financial Analyst,Part-Time,Remote,Bachelor's,8,2019-07-10,1063845,8.12,2,68,2,29,20,3.5,Ryan Kapadia,Chennai,Assam,India,Resigned,2020,3,179,98.43
EMP01315,Tanya,Goswami,Female,35,Married,Marketing,Marketing Manager,Part-Time,Onsite,MBA,11,2024-04-05,1022397,12.5,3,62,4,28,20,2.4,Keya Toor,Kolkata,Telangana,India,Active,2019,5,206,77.61
EMP01316,Madhav,Varty,Male,40,Single,Marketing,SEO Specialist,Full-Time,Hybrid,Master's,18,2018-09-01,663090,7.08,4,48,11,3,9,4.8,Seher Khurana,Delhi,Delhi,India,Resigned,2020,3,215,79.39
EMP01317,Navya,Kanda,Female,57,Single,Operations,Operations Executive,Part-Time,Hybrid,Master's,35,2021-06-11,595967,15.11,4,44,15,20,4,2.4,Mehul Deep,Bangalore,Maharashtra,India,Active,2020,1,175,76.82
EMP01318,Shray,Ghosh,Male,58,Single,Marketing,SEO Specialist,Contract,Onsite,MBA,36,2025-02-21,406022,12.79,1,78,6,28,5,4.5,Mamooty Din,Kolkata,Assam,India,Active,2018,3,233,75.03
EMP01319,Prisha,Lala,Female,47,Married,Operations,Operations Manager,Part-Time,Onsite,Bachelor's,22,2015-06-20,875696,10.95,4,9,15,2,25,4.8,Dishani Chhabra,Pune,Delhi,India,Active,2020,1,186,78.0
EMP01320,Vihaan,Kuruvilla,Male,29,Married,Customer Support,Team Lead,Part-Time,Remote,Master's,3,2018-07-14,594107,7.87,3,15,15,31,1,3.4,Romil Suri,Hyderabad,Tamil Nadu,India,Active,2024,4,177,79.11
EMP01321,Tarini,Shroff,Male,27,Married,Operations,Operations Manager,Full-Time,Remote,Master's,5,2015-05-16,1645726,14.31,5,24,11,22,5,3.0,Zoya Bera,Chennai,Karnataka,India,Active,2024,2,220,79.68
EMP01322,Rania,Sachar,Female,47,Single,Sales,Business Development Associate,Contract,Hybrid,Bachelor's,24,2022-08-22,569215,11.24,2,20,8,37,18,4.0,Amani Ahuja,Delhi,Maharashtra,India,Active,2024,3,173,82.34
EMP01323,Sana,Chand,Female,38,Single,IT,Data Analyst,Part-Time,Onsite,MBA,15,2023-07-01,511125,22.45,3,39,5,11,24,2.3,Aarush Dube,Mumbai,West Bengal,India,Resigned,2024,2,162,96.54
EMP01324,Taran,Kara,Male,26,Married,Operations,Operations Manager,Full-Time,Onsite,Diploma,3,2020-06-10,1425847,11.61,4,23,15,9,4,4.6,Azad Madan,Pune,Maharashtra,India,Resigned,2024,3,226,87.11
EMP01325,Reyansh,Kothari,Female,45,Married,Finance,Finance Manager,Part-Time,Onsite,Bachelor's,21,2017-11-24,914743,15.84,4,28,14,7,11,2.1,Manjari Dhingra,Hyderabad,West Bengal,India,Resigned,2021,1,143,76.24
EMP01326,Uthkarsh,Dave,Female,45,Single,Customer Support,Customer Support Executive,Contract,Remote,Master's,23,2020-06-07,295610,18.7,3,62,13,7,6,5.0,Advik Virk,Chennai,Assam,India,Resigned,2022,2,203,95.58
EMP01327,Baiju,Chanda,Male,37,Single,Operations,Operations Executive,Part-Time,Remote,Master's,12,2021-11-06,670716,9.62,4,80,11,26,2,4.2,Shayak Gole,Guwahati,Delhi,India,Resigned,2022,3,156,79.64
EMP01328,Rhea,Bera,Female,30,Single,Sales,Business Development Associate,Full-Time,Onsite,Diploma,7,2017-11-26,403429,11.77,3,61,14,12,24,4.1,Nitya Sarna,Delhi,West Bengal,India,Active,2024,2,239,98.98
EMP01329,Tejas,Seth,Male,28,Married,Customer Support,Team Lead,Full-Time,Remote,Bachelor's,6,2024-11-08,975403,16.66,4,32,2,4,21,2.3,Aarav Golla,Chennai,West Bengal,India,Resigned,2023,1,239,85.27
EMP01330,Mehul,Gill,Female,54,Single,Finance,Accountant,Part-Time,Remote,Diploma,29,2021-07-04,570473,18.33,3,44,7,8,6,4.2,Shanaya Lalla,Kolkata,Telangana,India,Resigned,2020,3,217,77.59
EMP01331,Ivan,Bali,Male,34,Married,Marketing,Marketing Analyst,Part-Time,Remote,Bachelor's,13,2019-10-27,476087,14.07,5,78,12,5,21,2.3,Mahika Sarin,Bangalore,Tamil Nadu,India,Resigned,2021,5,181,75.37
EMP01332,Himmat,Kumer,Female,32,Married,Operations,Operations Executive,Part-Time,Onsite,Bachelor's,10,2017-08-21,468055,19.03,5,34,15,40,2,4.6,Ahana  Mannan,Kolkata,Delhi,India,Active,2023,3,153,87.12
EMP01333,Madhav,Karpe,Female,31,Single,Marketing,Marketing Manager,Part-Time,Hybrid,Master's,10,2021-05-29,1082163,7.14,4,70,10,6,24,2.9,Dhanush Bora,Kolkata,Telangana,India,Resigned,2023,1,165,80.42
EMP01334,Krish,Basu,Male,36,Married,IT,IT Support,Contract,Hybrid,Master's,12,2016-03-30,537332,21.09,2,38,2,24,15,2.5,Navya Sagar,Guwahati,Assam,India,Resigned,2018,4,219,94.24
EMP01335,Shanaya,Vohra,Male,50,Married,Finance,Finance Manager,Part-Time,Remote,Bachelor's,25,2019-10-12,1350922,14.06,5,19,1,31,8,3.0,Advika Dave,Mumbai,Karnataka,India,Resigned,2019,4,154,82.37
EMP01336,Lagan,Kara,Male,39,Married,Finance,Finance Manager,Contract,Onsite,Bachelor's,15,2024-06-25,1786462,9.36,2,50,13,22,21,3.0,Neysa Sinha,Hyderabad,Delhi,India,Active,2021,1,166,78.71
EMP01337,Samiha,Kohli,Female,54,Married,IT,IT Support,Full-Time,Hybrid,Diploma,32,2020-06-14,568564,8.53,3,39,3,36,4,3.5,Chirag Bajaj,Delhi,West Bengal,India,Active,2024,3,167,99.13
EMP01338,Ira,Dash,Female,43,Married,Sales,Business Development Associate,Contract,Onsite,MBA,18,2023-06-30,698902,7.43,4,24,10,3,19,3.7,Bhavin Soman,Chennai,Delhi,India,Active,2022,5,230,77.97
EMP01339,Veer,Tata,Female,38,Married,Finance,Financial Analyst,Part-Time,Hybrid,Diploma,16,2018-12-30,1107957,23.68,5,7,8,40,22,4.4,Zara Dhar,Kolkata,Maharashtra,India,Resigned,2025,5,217,87.21
EMP01340,Eshani,Yohannan,Male,22,Single,Human Resources,Talent Acquisition Specialist,Contract,Remote,MBA,0,2022-03-25,769095,6.76,4,77,1,4,15,4.1,Zain Loyal,Mumbai,Maharashtra,India,Active,2023,1,148,94.58
EMP01341,Neelofar,Bir,Male,38,Married,Human Resources,HR Manager,Full-Time,Remote,Master's,15,2019-12-13,885057,21.47,5,41,7,18,10,2.7,Aarav Gokhale,Chennai,Telangana,India,Resigned,2023,1,213,97.97
EMP01342,Biju,Loke,Female,57,Married,Finance,Finance Manager,Contract,Onsite,Master's,36,2018-04-06,993528,9.08,3,42,10,40,23,4.2,Yuvraj  Ranganathan,Kolkata,Assam,India,Active,2025,1,210,92.99
EMP01343,Reyansh,Lall,Male,56,Married,Finance,Financial Analyst,Contract,Onsite,Diploma,31,2022-01-06,517691,23.2,2,35,15,34,25,4.3,Ishaan Korpal,Bangalore,Assam,India,Resigned,2025,5,180,80.99
EMP01344,Kismat,Karan,Male,39,Single,Sales,Sales Manager,Part-Time,Onsite,MBA,18,2018-06-22,1746564,17.46,3,23,12,14,16,2.8,Aaryahi Dhar,Mumbai,Tamil Nadu,India,Active,2018,2,219,91.87
EMP01345,Jivika,Bhattacharyya,Female,55,Married,Customer Support,Team Lead,Part-Time,Onsite,Master's,29,2016-07-21,929935,9.71,2,27,11,18,17,3.7,Hridaan Verma,Hyderabad,Telangana,India,Resigned,2020,1,149,75.04
EMP01346,Samaira,Golla,Female,45,Married,Human Resources,Talent Acquisition Specialist,Contract,Onsite,Master's,23,2022-11-04,561572,16.48,4,11,6,28,14,2.1,Nirvaan Viswanathan,Kolkata,Delhi,India,Active,2022,1,232,76.31
EMP01347,Zoya,Sethi,Male,54,Single,Operations,Operations Manager,Full-Time,Hybrid,Bachelor's,32,2016-06-21,858487,14.34,5,32,15,27,24,3.3,Madhav Reddy,Bangalore,Maharashtra,India,Active,2025,3,193,79.01
EMP01348,Sahil,Wason,Male,41,Married,Customer Support,Customer Support Executive,Part-Time,Remote,Diploma,18,2017-05-26,267237,20.22,4,68,2,19,9,4.7,Riya Hora,Bangalore,Karnataka,India,Resigned,2022,5,185,88.58
EMP01349,Aarav,Kuruvilla,Male,48,Married,Sales,Sales Manager,Part-Time,Onsite,Diploma,25,2019-11-25,1474353,5.06,3,5,2,21,2,4.6,Kismat Hayer,Pune,Karnataka,India,Resigned,2025,5,185,76.16
EMP01350,Riya,Sura,Female,41,Single,Operations,Operations Executive,Full-Time,Remote,Master's,19,2023-10-22,750045,16.22,4,25,1,40,5,2.5,Riya Kanda,Chennai,Karnataka,India,Resigned,2020,4,188,81.09
EMP01351,Veer,Bhagat,Female,40,Single,Operations,Operations Executive,Part-Time,Onsite,MBA,17,2024-12-11,745204,9.46,5,34,4,34,10,3.0,Yuvraj  Seshadri,Hyderabad,Delhi,India,Active,2025,3,150,78.24
EMP01352,Kanav,Brahmbhatt,Male,24,Married,Human Resources,Talent Acquisition Specialist,Contract,Hybrid,Diploma,1,2022-10-09,447088,17.7,5,11,2,39,22,2.3,Lagan Samra,Guwahati,Telangana,India,Resigned,2018,1,230,84.05
EMP01353,Dishani,Dora,Female,55,Single,Marketing,SEO Specialist,Part-Time,Hybrid,Bachelor's,31,2023-09-16,507122,19.12,3,9,6,40,13,2.9,Renee Cheema,Hyderabad,Maharashtra,India,Active,2021,4,187,95.87
EMP01354,Kartik,Kurian,Male,50,Married,Customer Support,Team Lead,Part-Time,Onsite,Bachelor's,27,2015-01-10,607468,18.86,4,80,13,38,10,3.7,Vardaniya Mahajan,Bangalore,Delhi,India,Resigned,2019,3,189,89.08
EMP01355,Yuvaan,Swaminathan,Female,23,Married,Operations,Operations Manager,Full-Time,Onsite,MBA,1,2021-09-15,828442,23.55,3,65,2,24,18,4.0,Emir Hegde,Kolkata,Delhi,India,Resigned,2023,5,205,92.37
EMP01356,Indrans,Subramanian,Male,27,Single,Sales,Business Development Associate,Part-Time,Remote,Master's,5,2022-10-08,644210,10.51,4,25,15,39,10,3.9,Tiya Chadha,Guwahati,Maharashtra,India,Resigned,2019,2,202,87.58
EMP01357,Bhamini,Hegde,Male,37,Married,Customer Support,Team Lead,Part-Time,Onsite,MBA,12,2017-09-09,772136,14.52,4,70,2,15,10,4.4,Neelofar Randhawa,Mumbai,Assam,India,Resigned,2020,3,219,89.78
EMP01358,Riya,Khanna,Female,33,Single,Human Resources,Talent Acquisition Specialist,Part-Time,Onsite,Bachelor's,10,2023-10-08,486016,14.96,3,12,1,13,8,2.7,Saksham Lad,Hyderabad,Tamil Nadu,India,Active,2021,4,204,79.08
EMP01359,Zara,Basu,Female,43,Married,Finance,Financial Analyst,Part-Time,Hybrid,MBA,22,2015-12-01,1010140,18.36,4,39,2,32,4,2.6,Devansh Rege,Bangalore,Assam,India,Active,2019,2,232,83.32
EMP01360,Anaya,Desai,Female,37,Single,Operations,Operations Executive,Contract,Remote,MBA,14,2016-03-05,661152,14.79,3,50,10,17,23,4.4,Urvi Sunder,Chennai,Delhi,India,Active,2025,3,192,80.77
EMP01361,Urvi,Dey,Female,38,Married,Sales,Business Development Associate,Full-Time,Onsite,Master's,15,2015-01-08,713732,22.9,4,55,9,32,24,2.8,Anay Sachdev,Delhi,West Bengal,India,Resigned,2020,1,170,98.48
EMP01362,Anvi,Roy,Male,49,Single,Human Resources,HR Executive,Part-Time,Remote,Master's,23,2023-09-18,611750,10.76,5,5,13,10,10,2.4,Hiran Sarma,Kolkata,Assam,India,Resigned,2020,1,196,82.44
EMP01363,Sara,Kara,Female,44,Married,Human Resources,Talent Acquisition Specialist,Part-Time,Onsite,Master's,22,2020-06-01,425845,24.39,3,72,9,6,0,4.8,Jayesh Ganguly,Bangalore,Maharashtra,India,Resigned,2023,1,233,76.52
EMP01364,Divyansh,Kari,Female,54,Single,IT,Data Engineer,Full-Time,Onsite,MBA,30,2023-08-01,1466794,11.79,4,5,3,15,9,4.4,Gokul Hayre,Kolkata,Delhi,India,Resigned,2025,1,238,89.89
EMP01365,Prisha,Sagar,Female,39,Single,Finance,Finance Manager,Part-Time,Hybrid,Diploma,18,2015-02-21,1205178,15.05,2,34,4,24,6,4.5,Fateh Rajan,Mumbai,West Bengal,India,Active,2020,1,161,84.15
EMP01366,Seher,Balay,Male,26,Single,IT,IT Support,Contract,Hybrid,Diploma,4,2025-06-24,392527,15.13,2,74,6,40,2,3.1,Elakshi Shenoy,Pune,West Bengal,India,Resigned,2018,1,208,76.21
EMP01367,Elakshi,Sarna,Female,23,Single,Sales,Sales Manager,Contract,Hybrid,Diploma,0,2018-04-30,1266138,24.43,5,35,8,34,11,4.5,Dhruv Karan,Delhi,Telangana,India,Resigned,2023,5,149,96.64
EMP01368,Damini,Bajwa,Male,33,Single,Finance,Financial Analyst,Part-Time,Remote,MBA,9,2025-05-20,581566,5.74,2,24,12,13,24,4.3,Kismat Handa,Chennai,Tamil Nadu,India,Active,2023,2,159,89.39
EMP01369,Zaina,Mane,Female,47,Married,Sales,Sales Manager,Part-Time,Hybrid,Diploma,25,2024-07-08,961212,19.91,5,61,14,18,5,2.4,Divij Chahal,Pune,Telangana,India,Resigned,2024,1,203,82.6
EMP01370,Miraya,Butala,Male,39,Married,Marketing,Marketing Manager,Contract,Onsite,Diploma,18,2015-02-18,1173389,23.25,4,55,2,14,15,2.7,Indrajit Balan,Delhi,West Bengal,India,Active,2019,3,188,96.15
EMP01371,Keya,Kala,Female,45,Married,Finance,Finance Manager,Part-Time,Onsite,Master's,23,2021-10-05,1193558,13.54,4,70,1,26,17,3.0,Aarav Mand,Guwahati,Karnataka,India,Resigned,2025,3,157,83.74
EMP01372,Urvi,Dutta,Male,25,Single,Sales,Sales Executive,Part-Time,Onsite,Bachelor's,3,2022-02-01,800625,15.87,5,45,8,27,25,3.2,Arhaan Rajagopalan,Guwahati,Tamil Nadu,India,Resigned,2023,1,153,96.15
EMP01373,Ahana ,Lalla,Female,32,Married,IT,Software Engineer,Full-Time,Hybrid,Master's,8,2022-08-14,921252,21.29,2,76,6,24,6,2.1,Kimaya Bains,Kolkata,West Bengal,India,Active,2021,1,148,82.21
EMP01374,Jivin,Bora,Male,28,Single,Customer Support,Team Lead,Full-Time,Remote,Diploma,4,2018-01-25,580579,5.56,2,16,1,37,8,3.4,Divit Bath,Chennai,West Bengal,India,Resigned,2018,5,199,86.9
EMP01375,Jivika,Deshpande,Male,35,Single,Operations,Operations Executive,Part-Time,Onsite,Diploma,14,2020-05-02,669426,12.63,4,12,10,3,0,4.6,Indrajit Krishna,Mumbai,West Bengal,India,Active,2018,5,183,94.66
EMP01376,Dhanuk,Dani,Female,22,Single,Customer Support,Team Lead,Part-Time,Onsite,Bachelor's,1,2015-06-17,942954,5.1,5,74,13,7,2,3.1,Hazel Sachdev,Guwahati,West Bengal,India,Resigned,2019,1,154,82.04
EMP01377,Yasmin,Sachdev,Female,49,Married,Sales,Sales Executive,Contract,Hybrid,MBA,26,2015-12-01,417517,11.54,5,24,1,4,15,4.9,Sahil Soni,Chennai,Telangana,India,Active,2019,5,224,99.11
EMP01378,Kimaya,Saha,Female,38,Married,Finance,Accountant,Full-Time,Onsite,Master's,13,2024-05-08,531031,8.07,4,41,8,7,21,2.5,Uthkarsh Kala,Pune,Maharashtra,India,Active,2020,1,170,77.65
EMP01379,Aaryahi,Sundaram,Female,49,Single,IT,IT Support,Contract,Remote,Diploma,27,2020-01-16,456911,23.91,5,60,7,24,13,2.9,Ryan Kalita,Delhi,Telangana,India,Active,2022,4,155,99.6
EMP01380,Divit,Sura,Male,38,Single,Sales,Business Development Associate,Full-Time,Hybrid,Diploma,14,2018-09-04,592125,13.52,4,71,11,37,6,3.0,Prerak Vyas,Chennai,Delhi,India,Resigned,2022,5,238,94.97
EMP01381,Biju,Basu,Male,43,Single,Marketing,Marketing Manager,Part-Time,Hybrid,Diploma,20,2018-06-04,1145031,15.29,5,44,3,11,6,2.5,Zeeshan Cherian,Bangalore,Assam,India,Resigned,2023,4,225,84.21
EMP01382,Adah,Sabharwal,Male,22,Married,IT,Software Engineer,Full-Time,Remote,Bachelor's,0,2022-06-14,853564,12.07,2,15,15,6,9,3.8,Kimaya Devi,Bangalore,Tamil Nadu,India,Active,2019,3,209,86.57
EMP01383,Pranay,Dayal,Male,24,Single,Operations,Operations Manager,Full-Time,Remote,Diploma,1,2018-10-15,840341,14.76,4,38,11,3,0,2.4,Neelofar Krishnan,Mumbai,Telangana,India,Resigned,2023,4,212,82.23
EMP01384,Samaira,Joshi,Male,34,Married,Marketing,Marketing Manager,Full-Time,Hybrid,Master's,10,2019-08-19,1337446,13.64,5,69,4,29,10,4.7,Ritvik Kapoor,Bangalore,Tamil Nadu,India,Active,2018,4,225,99.87
EMP01385,Shray,Kar,Female,29,Married,Sales,Business Development Associate,Full-Time,Onsite,Diploma,6,2019-04-12,610687,21.02,4,79,4,30,8,2.5,Khushi Rattan,Chennai,Karnataka,India,Resigned,2020,2,176,83.5
EMP01386,Hrishita,Kapur,Female,39,Single,Operations,Operations Manager,Full-Time,Remote,MBA,17,2015-04-19,1393358,21.02,4,54,10,28,22,4.8,Madhup Bahri,Mumbai,Maharashtra,India,Active,2023,3,165,89.87
EMP01387,Mahika,Boase,Male,45,Married,Customer Support,Customer Support Executive,Contract,Remote,Diploma,23,2024-09-18,314494,7.84,3,67,8,7,2,2.9,Gokul Ranganathan,Bangalore,Maharashtra,India,Resigned,2019,3,194,89.48
EMP01388,Purab,Shroff,Female,53,Married,Sales,Sales Executive,Full-Time,Onsite,Master's,31,2021-03-15,639379,22.11,4,66,3,21,13,3.3,Anya Sundaram,Bangalore,Maharashtra,India,Active,2024,5,224,93.06
EMP01389,Ishita,Khosla,Female,31,Married,Marketing,Marketing Manager,Contract,Hybrid,MBA,5,2018-04-16,1626663,10.83,5,21,11,37,3,3.3,Veer Sachar,Kolkata,Delhi,India,Active,2019,1,180,84.54
EMP01390,Ojas,Deshmukh,Male,23,Married,Operations,Operations Manager,Part-Time,Hybrid,Bachelor's,0,2018-07-02,978028,8.99,5,23,6,7,17,4.7,Zara Dass,Guwahati,Telangana,India,Active,2025,1,222,91.75
EMP01391,Lagan,Dubey,Male,42,Single,IT,Data Engineer,Part-Time,Remote,Master's,20,2022-08-23,1510290,19.12,3,56,9,22,3,2.6,Vihaan Bera,Hyderabad,West Bengal,India,Resigned,2025,5,188,85.1
EMP01392,Yakshit,Dhaliwal,Female,33,Married,Human Resources,HR Manager,Part-Time,Hybrid,Bachelor's,11,2015-08-28,724356,17.97,3,31,6,39,13,2.8,Madhav Deep,Bangalore,Telangana,India,Resigned,2018,3,165,89.22
EMP01393,Vritika,Sarraf,Male,35,Married,IT,Data Engineer,Full-Time,Onsite,Bachelor's,9,2020-10-09,1121616,15.12,4,79,4,7,18,3.7,Zara Bhargava,Kolkata,Tamil Nadu,India,Active,2025,5,156,77.41
EMP01394,Lavanya,Handa,Male,55,Married,Sales,Sales Executive,Part-Time,Hybrid,Bachelor's,33,2016-02-03,308351,14.75,4,33,3,5,10,3.5,Mehul Yogi,Delhi,Delhi,India,Active,2025,3,212,81.15
EMP01395,Ishaan,Roy,Female,53,Single,Finance,Accountant,Part-Time,Hybrid,Master's,31,2016-07-17,673406,13.27,4,63,4,7,12,3.6,Suhana Bhandari,Kolkata,Karnataka,India,Active,2021,3,143,79.7
EMP01396,Hridaan,Solanki,Female,52,Married,Sales,Sales Manager,Contract,Onsite,Diploma,30,2015-02-20,1735019,24.17,4,18,9,13,19,2.8,Pranay Sheth,Mumbai,Assam,India,Resigned,2018,2,238,76.63
EMP01397,Yakshit,Bahl,Male,46,Married,Human Resources,HR Executive,Full-Time,Remote,Diploma,20,2018-06-25,545777,12.37,3,71,12,10,10,3.4,Armaan Jayaraman,Bangalore,Tamil Nadu,India,Resigned,2024,4,186,85.55
EMP01398,Fateh,Kapadia,Male,24,Single,Finance,Finance Manager,Full-Time,Remote,MBA,0,2023-09-03,1536364,5.7,2,19,15,37,15,4.2,Arhaan Aurora,Hyderabad,Telangana,India,Active,2025,1,202,79.95
EMP01399,Jayant,Sangha,Female,25,Married,Operations,Operations Executive,Part-Time,Onsite,Diploma,2,2024-02-23,764544,6.71,4,43,9,39,14,2.9,Tushar Arya,Delhi,West Bengal,India,Resigned,2024,1,222,96.69
EMP01400,Jiya,Chaudhari,Male,33,Single,Human Resources,HR Manager,Part-Time,Hybrid,Bachelor's,12,2021-08-09,1369638,17.83,3,7,9,38,18,5.0,Seher Sehgal,Hyderabad,Delhi,India,Resigned,2019,1,174,93.87
EMP01401,Eshani,Suri,Female,48,Single,Human Resources,Talent Acquisition Specialist,Part-Time,Hybrid,Master's,26,2019-12-20,516892,15.43,4,77,5,1,17,3.3,Umang Shankar,Guwahati,West Bengal,India,Active,2020,5,197,85.28
EMP01402,Vidur,Dass,Male,34,Single,Marketing,Marketing Analyst,Full-Time,Onsite,MBA,13,2016-04-10,518845,16.54,5,36,12,36,18,2.1,Miraya Jain,Mumbai,Assam,India,Active,2020,3,153,99.43
EMP01403,Vanya,Keer,Female,47,Single,Marketing,Marketing Analyst,Contract,Onsite,Master's,23,2017-05-30,828474,6.97,2,66,14,25,5,4.4,Arnav Luthra,Guwahati,Delhi,India,Resigned,2022,5,238,78.33
EMP01404,Jayan,Magar,Female,27,Single,Operations,Operations Manager,Part-Time,Hybrid,Diploma,5,2025-01-07,1208404,6.03,4,55,2,40,10,3.3,Charvi Dhaliwal,Pune,Assam,India,Resigned,2020,2,196,87.79
EMP01405,Nitara,Konda,Male,28,Married,Operations,Operations Manager,Part-Time,Hybrid,Master's,4,2020-03-09,1498202,13.85,4,78,3,0,4,5.0,Kartik Kannan,Chennai,Delhi,India,Active,2018,2,217,88.63
EMP01406,Dhanuk,Viswanathan,Female,40,Married,IT,Data Analyst,Full-Time,Onsite,Master's,16,2019-09-17,1182756,14.41,4,26,12,0,6,3.1,Dhruv Dayal,Guwahati,Tamil Nadu,India,Resigned,2022,3,201,92.63
EMP01407,Priyansh,Bassi,Male,22,Married,Marketing,SEO Specialist,Part-Time,Hybrid,Diploma,0,2017-05-28,417615,9.65,4,52,5,26,12,2.9,Sumer Uppal,Bangalore,Telangana,India,Resigned,2024,2,158,95.2
EMP01408,Mamooty,Cherian,Female,49,Single,Sales,Sales Manager,Contract,Onsite,Master's,24,2019-12-01,947361,20.12,4,54,11,40,14,3.8,Trisha Sathe,Kolkata,Delhi,India,Active,2021,5,197,95.47
EMP01409,Mishti,Dua,Female,47,Single,IT,Software Engineer,Contract,Onsite,MBA,23,2021-03-09,1494596,7.66,4,35,14,31,25,3.7,Taran Bhatt,Mumbai,West Bengal,India,Resigned,2024,1,225,79.92
EMP01410,Madhav,Dhar,Female,44,Single,Finance,Accountant,Contract,Remote,Bachelor's,18,2016-12-23,430723,12.18,4,34,8,34,13,3.7,Dharmajan Malhotra,Chennai,West Bengal,India,Active,2021,1,186,80.39
EMP01411,Indrans,Jain,Male,49,Single,Marketing,SEO Specialist,Full-Time,Onsite,MBA,25,2015-06-25,641558,5.43,4,57,10,38,3,2.7,Nitara Lad,Hyderabad,West Bengal,India,Active,2022,4,191,96.21
EMP01412,Taran,Reddy,Male,31,Married,IT,Data Engineer,Contract,Hybrid,Bachelor's,7,2020-05-02,2259659,23.6,5,59,10,39,25,2.2,Bhavin Bassi,Chennai,Tamil Nadu,India,Active,2022,5,236,86.68
EMP01413,Ishaan,Dugal,Male,53,Married,Finance,Accountant,Full-Time,Remote,Bachelor's,29,2023-01-31,518607,5.21,4,44,3,9,5,3.5,Jivika Sankar,Bangalore,West Bengal,India,Resigned,2018,4,193,95.12
EMP01414,Bhamini,Buch,Male,49,Single,IT,IT Support,Part-Time,Onsite,Bachelor's,28,2023-07-27,305122,24.02,1,48,15,9,24,3.1,Aarush Tank,Hyderabad,Tamil Nadu,India,Active,2020,2,173,81.4
EMP01415,Oorja,Tiwari,Male,33,Married,Sales,Sales Manager,Part-Time,Onsite,MBA,8,2018-10-19,1448315,16.75,5,35,4,38,6,2.1,Faiyaz Shroff,Mumbai,Karnataka,India,Resigned,2023,1,141,95.99
EMP01416,Ehsaan,Garde,Female,29,Single,Customer Support,Customer Support Executive,Contract,Onsite,Master's,4,2019-08-12,326160,5.15,3,71,9,20,4,3.9,Hiran Das,Chennai,Maharashtra,India,Resigned,2020,1,204,83.98
EMP01417,Devansh,Korpal,Female,25,Married,Sales,Sales Manager,Part-Time,Hybrid,Bachelor's,0,2024-09-10,1656464,17.44,4,35,1,17,8,2.6,Arhaan Banik,Guwahati,Telangana,India,Active,2023,3,205,86.43
EMP01418,Kanav,Trivedi,Male,43,Married,IT,IT Support,Part-Time,Onsite,MBA,20,2015-06-01,505173,22.2,4,33,11,8,24,3.3,Vedika Bhargava,Mumbai,Assam,India,Resigned,2018,3,219,75.52
EMP01419,Fateh,Dhingra,Female,45,Single,IT,Data Engineer,Contract,Remote,Bachelor's,24,2022-03-22,1546725,7.76,3,24,12,37,1,3.3,Jhanvi Toor,Chennai,West Bengal,India,Active,2022,2,172,91.89
EMP01420,Uthkarsh,Dora,Male,28,Married,Finance,Financial Analyst,Contract,Remote,Master's,6,2015-11-27,551571,11.17,5,52,2,34,7,2.7,Mamooty Mangal,Kolkata,Telangana,India,Active,2025,3,221,78.84
EMP01421,Madhav,Sawhney,Female,47,Married,Sales,Sales Manager,Full-Time,Onsite,MBA,26,2018-08-03,1961398,14.08,3,11,14,20,15,2.3,Riya Bora,Mumbai,West Bengal,India,Resigned,2022,5,232,97.99
EMP01422,Ishaan,Gopal,Female,55,Married,Customer Support,Team Lead,Part-Time,Hybrid,MBA,31,2024-11-13,501955,9.7,2,55,14,23,13,4.6,Heer Dave,Pune,Delhi,India,Resigned,2025,4,195,84.01
EMP01423,Zara,Loyal,Female,24,Married,IT,Data Engineer,Full-Time,Onsite,Master's,3,2021-12-07,1287027,13.08,4,55,2,39,20,4.1,Kismat Goyal,Mumbai,Telangana,India,Resigned,2021,2,151,91.46
EMP01424,Yuvaan,Batra,Female,26,Single,Human Resources,Talent Acquisition Specialist,Contract,Onsite,Diploma,2,2017-03-28,625954,16.15,4,19,13,11,7,4.6,Eshani Bawa,Hyderabad,Tamil Nadu,India,Resigned,2022,2,155,80.39
EMP01425,Taran,Issac,Male,53,Single,Operations,Operations Manager,Contract,Hybrid,MBA,29,2022-10-22,909423,7.99,4,12,8,21,14,2.4,Taimur Singh,Mumbai,Tamil Nadu,India,Resigned,2022,3,180,76.95
EMP01426,Rhea,Bhatnagar,Female,28,Single,Operations,Operations Executive,Full-Time,Remote,MBA,4,2018-03-31,786205,12.62,3,36,5,7,9,2.3,Yakshit Dora,Pune,Telangana,India,Active,2024,3,149,83.77
EMP01427,Manikya,Din,Female,52,Single,Marketing,Marketing Analyst,Part-Time,Onsite,MBA,29,2017-02-08,729929,11.54,5,18,5,6,21,4.3,Hunar Dube,Guwahati,Assam,India,Active,2024,5,144,98.89
EMP01428,Tarini,Butala,Male,47,Married,Marketing,Marketing Analyst,Contract,Hybrid,MBA,23,2021-09-02,672871,10.01,1,9,15,12,20,2.0,Rohan Arya,Mumbai,Telangana,India,Active,2024,1,173,83.94
EMP01429,Miraya,Chander,Female,25,Single,Operations,Operations Executive,Full-Time,Onsite,Diploma,4,2022-07-24,773504,22.81,3,46,14,31,7,3.0,Siya Ganguly,Mumbai,Karnataka,India,Resigned,2021,3,166,83.18
EMP01430,Emir,Kuruvilla,Male,45,Married,Finance,Financial Analyst,Full-Time,Hybrid,MBA,19,2019-09-10,554968,22.65,3,12,11,26,1,4.1,Aarush Kadakia,Delhi,Karnataka,India,Active,2019,4,177,77.28
EMP01431,Tarini,Sarraf,Male,27,Married,Human Resources,Talent Acquisition Specialist,Part-Time,Onsite,Master's,4,2021-11-23,592511,15.76,3,71,3,36,21,3.8,Mannat Sundaram,Chennai,Karnataka,India,Active,2020,3,148,91.02
EMP01432,Anika,Dass,Male,33,Single,Sales,Sales Manager,Contract,Remote,Bachelor's,12,2018-08-12,1459941,8.35,3,63,7,31,13,3.9,Aarna Hayer,Kolkata,Delhi,India,Resigned,2023,2,222,94.43
EMP01433,Myra,Loyal,Female,26,Married,Customer Support,Team Lead,Full-Time,Remote,Master's,4,2017-01-01,824236,23.76,4,51,9,33,6,4.1,Kismat Ganesh,Hyderabad,Delhi,India,Active,2023,1,202,79.89
EMP01434,Abram,Chopra,Female,23,Married,Sales,Sales Manager,Full-Time,Remote,Bachelor's,1,2019-09-17,1336358,22.2,5,22,3,1,5,3.3,Shalv Bawa,Kolkata,Delhi,India,Active,2020,5,185,97.78
EMP01435,Yakshit,Saxena,Male,30,Single,Human Resources,HR Manager,Contract,Remote,MBA,5,2025-12-12,1129165,20.23,5,68,9,25,15,2.3,Zeeshan Vasa,Bangalore,West Bengal,India,Resigned,2020,2,162,92.66
EMP01436,Charvi,Shenoy,Female,44,Married,Marketing,Marketing Analyst,Contract,Remote,Diploma,20,2018-10-15,498711,5.13,3,22,5,6,11,2.5,Anya Bhatnagar,Kolkata,Karnataka,India,Resigned,2022,1,226,89.58
EMP01437,Tanya,Bhatnagar,Female,56,Married,Human Resources,Talent Acquisition Specialist,Part-Time,Remote,Master's,33,2021-11-11,718260,9.69,2,77,11,6,18,4.0,Armaan Kashyap,Mumbai,Maharashtra,India,Active,2022,1,186,83.42
EMP01438,Himmat,Subramaniam,Male,47,Married,Marketing,SEO Specialist,Full-Time,Remote,Bachelor's,26,2020-10-29,614605,19.25,4,32,14,23,17,4.1,Jhanvi Rajan,Hyderabad,Assam,India,Active,2022,5,172,96.06
EMP01439,Krish,Banik,Female,47,Married,Finance,Finance Manager,Contract,Hybrid,Master's,22,2025-06-26,919090,24.77,4,74,1,36,13,4.6,Kimaya Joshi,Chennai,Delhi,India,Resigned,2020,2,152,81.54
EMP01440,Mehul,Khatri,Female,28,Single,Sales,Sales Manager,Part-Time,Onsite,Bachelor's,7,2016-11-15,1091393,10.84,4,79,12,36,23,3.1,Tiya Tripathi,Mumbai,Tamil Nadu,India,Resigned,2018,1,230,81.05
EMP01441,Himmat,Mangal,Female,39,Single,Sales,Sales Manager,Part-Time,Remote,MBA,17,2022-01-21,1334056,5.52,3,48,14,36,23,4.9,Onkar Barad,Guwahati,Karnataka,India,Resigned,2020,3,226,80.93
EMP01442,Sana,Kibe,Male,43,Married,IT,IT Support,Contract,Onsite,Bachelor's,21,2020-12-02,501417,17.15,4,5,10,34,1,4.0,Ryan Das,Hyderabad,Assam,India,Active,2023,5,149,76.87
EMP01443,Yashvi,Khanna,Male,37,Married,Sales,Business Development Associate,Full-Time,Remote,Bachelor's,13,2017-05-23,663816,11.47,4,30,3,35,14,2.7,Divit Dyal,Mumbai,Maharashtra,India,Active,2020,3,188,89.38
EMP01444,Vritika,Verma,Male,50,Single,Customer Support,Team Lead,Contract,Onsite,MBA,29,2018-01-17,843936,18.83,3,32,6,12,2,2.4,Rasha Shere,Delhi,Karnataka,India,Resigned,2023,2,230,84.48
EMP01445,Aarna,Kothari,Male,47,Married,Marketing,Marketing Analyst,Contract,Hybrid,MBA,22,2017-04-28,496338,24.47,4,62,6,32,21,3.4,Parinaaz Kala,Kolkata,Telangana,India,Active,2023,2,155,91.73
EMP01446,Sara,Malhotra,Male,46,Single,Marketing,Marketing Analyst,Contract,Hybrid,Bachelor's,20,2022-08-31,547267,10.05,3,68,7,0,3,4.6,Zain Manda,Hyderabad,Delhi,India,Resigned,2024,2,192,98.36
EMP01447,Jayan,Ratti,Male,31,Single,Finance,Accountant,Full-Time,Remote,Master's,10,2025-06-16,514255,14.76,4,29,10,11,12,4.3,Krish Rattan,Bangalore,Assam,India,Active,2025,1,161,91.02
EMP01448,Mehul,Bhargava,Male,52,Married,Marketing,Marketing Manager,Contract,Remote,Master's,28,2024-08-27,1025439,24.41,5,24,10,34,9,3.4,Madhup Contractor,Hyderabad,Telangana,India,Resigned,2019,3,239,77.12
EMP01449,Pranay,Sarin,Female,46,Single,Human Resources,Talent Acquisition Specialist,Full-Time,Remote,Bachelor's,23,2025-03-31,752538,7.75,4,33,1,0,6,2.6,Lagan Saran,Bangalore,Delhi,India,Resigned,2023,1,228,92.18
EMP01450,Purab,Bhatt,Female,24,Single,IT,Software Engineer,Contract,Onsite,Diploma,0,2025-09-06,1170409,17.03,4,79,11,7,7,3.3,Seher Babu,Guwahati,West Bengal,India,Resigned,2020,2,190,75.19
EMP01451,Divij,Dey,Female,30,Single,IT,Data Engineer,Contract,Onsite,Diploma,4,2017-01-16,1315139,7.82,4,76,11,4,9,2.5,Kabir Kumer,Delhi,Maharashtra,India,Active,2018,1,206,81.79
EMP01452,Drishya,Bhatnagar,Male,29,Single,Operations,Operations Executive,Contract,Onsite,Bachelor's,5,2021-07-24,588326,7.84,3,26,5,3,9,3.6,Elakshi Roy,Chennai,Assam,India,Active,2024,1,226,84.44
EMP01453,Mohanlal,Borra,Male,48,Married,Finance,Finance Manager,Part-Time,Remote,Master's,27,2025-10-13,1703937,13.29,4,14,12,20,15,4.2,Samarth Bahri,Chennai,Maharashtra,India,Resigned,2020,3,208,80.26
EMP01454,Lavanya,Sethi,Male,49,Single,Sales,Sales Executive,Part-Time,Onsite,MBA,28,2023-12-31,424382,18.7,4,17,15,10,21,4.5,Shalv Grewal,Hyderabad,Tamil Nadu,India,Active,2019,1,152,82.13
EMP01455,Damini,Sankaran,Male,45,Single,Human Resources,HR Executive,Part-Time,Remote,Diploma,21,2017-02-22,481062,16.22,3,53,2,14,25,2.5,Hazel Vala,Chennai,Assam,India,Resigned,2025,1,209,76.92
EMP01456,Sana,Borra,Male,56,Married,IT,Software Engineer,Contract,Remote,MBA,31,2024-06-18,703511,19.76,2,43,12,13,3,2.1,Shalv Ratta,Chennai,Karnataka,India,Resigned,2025,5,220,89.72
EMP01457,Shalv,Ben,Male,48,Married,Finance,Accountant,Part-Time,Hybrid,Bachelor's,26,2021-04-23,361162,14.53,3,10,2,5,21,3.2,Madhup Bassi,Delhi,West Bengal,India,Resigned,2022,4,179,94.9
EMP01458,Nirvi,Buch,Female,23,Single,IT,Software Engineer,Full-Time,Remote,Diploma,0,2023-12-05,1524591,22.07,3,44,6,3,10,4.0,Vanya Yadav,Pune,Delhi,India,Active,2019,4,140,98.76
EMP01459,Jhanvi,Goswami,Male,40,Married,Sales,Business Development Associate,Part-Time,Remote,MBA,17,2022-08-05,580099,18.88,4,70,4,35,18,2.3,Inaaya  Thakur,Bangalore,Assam,India,Resigned,2023,4,184,84.6
EMP01460,Zoya,Kapadia,Female,49,Married,Operations,Operations Manager,Part-Time,Onsite,Master's,27,2016-02-18,909645,21.08,4,77,6,1,22,4.7,Myra Behl,Bangalore,Karnataka,India,Resigned,2020,3,198,85.53
EMP01461,Samaira,Hans,Female,37,Married,Sales,Sales Executive,Full-Time,Remote,Bachelor's,12,2022-12-23,570693,18.82,5,25,5,16,6,2.0,Vaibhav Datta,Kolkata,Delhi,India,Active,2018,5,141,82.01
EMP01462,Kismat,Chacko,Female,48,Single,Human Resources,HR Executive,Full-Time,Onsite,Diploma,23,2020-06-29,530719,19.71,4,10,11,31,1,3.7,Seher Agarwal,Chennai,West Bengal,India,Active,2024,5,148,94.44
EMP01463,Ira,Suresh,Female,34,Single,Customer Support,Customer Support Executive,Contract,Hybrid,Bachelor's,8,2020-10-15,499044,12.15,3,57,8,29,22,2.8,Aradhya Kumer,Guwahati,Tamil Nadu,India,Active,2022,1,228,78.46
EMP01464,Riaan,Jani,Female,50,Single,Sales,Sales Executive,Full-Time,Remote,Bachelor's,26,2023-12-01,795425,23.4,4,54,11,34,17,2.6,Yashvi Deshpande,Guwahati,Maharashtra,India,Resigned,2022,1,178,96.89
EMP01465,Lakshay,Subramaniam,Male,39,Single,Human Resources,HR Executive,Full-Time,Onsite,Bachelor's,15,2017-09-13,632046,9.84,3,25,3,28,24,3.0,Kimaya Seth,Chennai,Karnataka,India,Resigned,2022,2,237,79.47
EMP01466,Kashvi,Dasgupta,Female,24,Married,Human Resources,Talent Acquisition Specialist,Part-Time,Remote,Diploma,1,2025-07-23,715259,5.38,5,69,15,39,20,3.7,Urvi Chanda,Delhi,Maharashtra,India,Active,2021,3,191,93.23
EMP01467,Indrans,Khanna,Male,47,Single,Finance,Accountant,Part-Time,Onsite,Diploma,21,2020-05-30,661995,22.92,3,53,2,19,8,3.5,Hunar Kar,Pune,Delhi,India,Active,2018,2,154,86.28
EMP01468,Jayan,Khanna,Male,57,Married,IT,Software Engineer,Part-Time,Hybrid,Diploma,35,2024-03-22,2186593,14.83,4,29,5,9,23,3.8,Vaibhav Bhattacharyya,Chennai,West Bengal,India,Resigned,2023,2,163,81.93
EMP01469,Veer,Sinha,Male,40,Married,Customer Support,Team Lead,Full-Time,Hybrid,Master's,19,2020-08-31,677608,10.31,4,51,7,35,11,3.6,Biju Dugar,Bangalore,Assam,India,Resigned,2019,4,184,78.61
EMP01470,Taimur,Jayaraman,Male,35,Single,Operations,Operations Manager,Contract,Onsite,Diploma,14,2025-12-09,1308791,22.05,4,14,4,26,24,5.0,Shray Sekhon,Bangalore,West Bengal,India,Resigned,2024,1,192,91.68
EMP01471,Aarna,Bose,Male,40,Single,IT,IT Support,Full-Time,Remote,MBA,17,2019-11-30,409703,22.84,5,19,7,34,23,4.0,Arnav Kanda,Kolkata,Telangana,India,Active,2025,5,146,88.29
EMP01472,Stuvan,Samra,Female,54,Single,Customer Support,Team Lead,Contract,Remote,MBA,30,2022-05-31,519395,24.9,5,28,12,21,11,4.9,Lakshit Bala,Hyderabad,Karnataka,India,Active,2023,4,211,86.31
EMP01473,Ira,Gulati,Female,42,Married,Customer Support,Customer Support Executive,Contract,Hybrid,MBA,21,2025-04-24,276314,12.2,4,11,5,5,23,4.1,Pihu Anand,Kolkata,Karnataka,India,Active,2020,5,163,80.72
EMP01474,Oorja,Ravel,Female,30,Married,IT,Data Analyst,Part-Time,Remote,Diploma,7,2017-02-10,1172278,7.14,5,63,10,13,4,3.9,Chirag Varty,Guwahati,Maharashtra,India,Active,2022,3,190,96.23
EMP01475,Umang,Gaba,Female,58,Single,IT,Data Engineer,Part-Time,Hybrid,MBA,33,2018-11-25,1999868,12.78,5,69,12,18,12,4.9,Hunar Soman,Kolkata,Maharashtra,India,Active,2022,2,227,98.22
EMP01476,Badal,Agarwal,Male,41,Married,IT,Software Engineer,Contract,Hybrid,Master's,18,2020-02-22,1415620,24.92,3,46,9,13,12,3.5,Siya Sachdev,Mumbai,Assam,India,Resigned,2025,4,187,76.93
EMP01477,Nehmat,Rama,Male,33,Single,Human Resources,HR Executive,Contract,Onsite,MBA,11,2017-04-22,433059,21.22,2,31,13,14,2,2.7,Mehul Maharaj,Pune,West Bengal,India,Active,2018,3,210,83.57
EMP01478,Abram,Dixit,Male,49,Single,Finance,Financial Analyst,Part-Time,Onsite,Bachelor's,23,2021-12-18,1131782,10.34,3,26,9,32,19,2.4,Piya Kakar,Hyderabad,West Bengal,India,Active,2024,4,147,86.43
EMP01479,Yasmin,Kaur,Female,41,Married,Customer Support,Customer Support Executive,Contract,Hybrid,MBA,19,2024-06-09,271754,15.27,3,59,13,10,12,4.1,Prerak Dubey,Mumbai,Assam,India,Active,2021,3,211,91.98
EMP01480,Adira,Kadakia,Female,46,Single,IT,IT Support,Part-Time,Hybrid,MBA,25,2016-07-07,357904,16.38,5,75,15,28,5,3.5,Ayesha Chaudhuri,Pune,Telangana,India,Resigned,2018,1,212,95.54
EMP01481,Neysa,Kade,Male,37,Single,Operations,Operations Manager,Contract,Onsite,Master's,11,2017-06-22,842035,16.52,3,21,1,11,4,3.1,Purab Karpe,Mumbai,Tamil Nadu,India,Active,2022,4,189,76.77
EMP01482,Yuvraj ,Jha,Female,22,Married,Marketing,Marketing Analyst,Full-Time,Remote,Diploma,0,2024-05-16,696359,23.96,4,69,7,3,23,2.6,Aradhya Madan,Pune,Maharashtra,India,Active,2023,1,159,92.22
EMP01483,Samar,Sami,Female,47,Married,Customer Support,Team Lead,Contract,Remote,MBA,21,2015-03-05,726109,8.32,3,55,7,24,17,3.5,Piya Grover,Mumbai,Maharashtra,India,Active,2018,1,167,94.0
EMP01484,Kavya,Dyal,Male,50,Married,Marketing,SEO Specialist,Part-Time,Remote,Bachelor's,28,2017-02-22,443476,11.85,5,23,13,27,24,2.4,Vedika Lata,Guwahati,West Bengal,India,Resigned,2025,5,193,99.97
EMP01485,Eshani,Khare,Female,25,Single,Marketing,Marketing Analyst,Full-Time,Hybrid,MBA,0,2015-06-23,599865,17.67,2,55,5,36,2,4.0,Sahil Som,Mumbai,Telangana,India,Active,2025,3,203,94.31
EMP01486,Dharmajan,Kala,Female,35,Single,Marketing,SEO Specialist,Contract,Hybrid,Master's,9,2016-02-08,631806,17.32,3,51,2,40,17,2.5,Tanya Devi,Pune,Telangana,India,Resigned,2023,4,145,76.64
EMP01487,Eshani,Chaudhary,Female,36,Married,Customer Support,Team Lead,Part-Time,Hybrid,Bachelor's,10,2017-10-19,541426,13.69,5,26,3,2,17,2.1,Bhavin Dua,Delhi,Tamil Nadu,India,Resigned,2024,1,218,99.24
EMP01488,Ira,Sagar,Male,28,Married,Marketing,SEO Specialist,Contract,Remote,Diploma,6,2024-09-08,602085,24.77,5,53,4,31,10,2.3,Misha Dutta,Pune,Maharashtra,India,Resigned,2023,4,209,85.8
EMP01489,Purab,Varkey,Female,39,Married,Sales,Sales Manager,Contract,Remote,MBA,15,2022-05-25,1990741,19.89,4,75,1,22,17,3.9,Miraan Dhingra,Mumbai,Tamil Nadu,India,Resigned,2021,3,211,97.87
EMP01490,Shanaya,Randhawa,Male,33,Single,Finance,Financial Analyst,Full-Time,Remote,MBA,7,2025-01-08,974758,5.87,5,62,15,30,2,2.2,Prerak Gade,Guwahati,Assam,India,Active,2024,1,203,82.77
EMP01491,Pari,Tank,Male,52,Single,Marketing,SEO Specialist,Contract,Onsite,Master's,31,2016-03-08,358053,7.18,1,6,10,17,17,4.0,Khushi Kaul,Delhi,Tamil Nadu,India,Active,2025,4,158,81.66
EMP01492,Zoya,Deo,Male,48,Married,Finance,Finance Manager,Contract,Hybrid,Bachelor's,22,2020-01-11,1666961,17.07,3,10,8,39,24,4.1,Amani Sachar,Mumbai,Assam,India,Active,2021,5,156,96.07
EMP01493,Vivaan,Chada,Female,29,Married,Marketing,SEO Specialist,Part-Time,Hybrid,MBA,3,2019-09-25,561375,23.53,1,69,11,29,14,4.2,Azad Bahri,Hyderabad,Assam,India,Resigned,2025,3,216,97.72
EMP01494,Pari,Ganesan,Male,52,Single,Marketing,SEO Specialist,Part-Time,Hybrid,Diploma,26,2019-11-12,565732,21.32,3,41,5,36,7,3.3,Indrans Bora,Guwahati,Delhi,India,Resigned,2022,4,140,93.6
EMP01495,Ranbir,Sachdeva,Male,27,Single,Customer Support,Team Lead,Contract,Onsite,Master's,3,2016-09-28,586186,14.96,3,68,14,37,21,4.1,Aradhya Virk,Guwahati,Tamil Nadu,India,Active,2018,4,156,79.71
EMP01496,Ojas,Dubey,Female,40,Married,Operations,Operations Executive,Full-Time,Hybrid,Master's,14,2018-11-17,739316,13.45,3,72,13,28,24,4.5,Diya Handa,Mumbai,Tamil Nadu,India,Resigned,2019,4,158,90.78
EMP01497,Saira,Viswanathan,Male,51,Married,Customer Support,Team Lead,Full-Time,Remote,MBA,27,2025-10-23,735311,20.72,4,70,14,4,21,4.1,Adira Sani,Bangalore,Telangana,India,Active,2025,1,206,96.66
EMP01498,Zeeshan,Char,Female,33,Married,IT,Data Analyst,Full-Time,Remote,Master's,10,2016-09-05,903480,22.19,3,49,5,16,2,4.8,Gokul Som,Hyderabad,Karnataka,India,Active,2024,3,235,90.49
EMP01499,Miraya,Bose,Male,47,Married,Sales,Business Development Associate,Part-Time,Remote,Diploma,26,2019-08-10,566042,10.19,4,5,15,20,5,2.1,Bhamini Kapadia,Pune,Telangana,India,Resigned,2024,4,202,87.68
EMP01500,Shlok,Sunder,Male,26,Married,Human Resources,HR Executive,Contract,Onsite,Diploma,4,2017-12-20,511972,12.28,1,53,5,4,16,4.3,Jhanvi Dixit,Kolkata,Delhi,India,Resigned,2019,1,144,82.48
EMP01501,Riaan,Samra,Male,33,Married,Operations,Operations Executive,Full-Time,Hybrid,Master's,7,2024-09-15,539987,7.68,4,24,11,15,18,3.7,Kanav Loke,Hyderabad,West Bengal,India,Active,2019,5,161,92.71
EMP01502,Vritika,Raj,Male,54,Married,IT,Data Analyst,Contract,Remote,Bachelor's,30,2016-07-27,678217,14.45,4,78,2,28,12,3.8,Stuvan Butala,Bangalore,Delhi,India,Active,2023,5,155,81.22
EMP01503,Rati,Arya,Male,27,Single,Finance,Accountant,Contract,Onsite,Master's,5,2017-04-24,437854,10.8,4,75,13,31,2,3.2,Nirvi Dash,Bangalore,Assam,India,Active,2024,2,188,78.25
EMP01504,Gatik,Gupta,Female,55,Single,Marketing,Marketing Analyst,Part-Time,Hybrid,Master's,32,2017-05-18,775725,23.68,4,25,9,13,12,4.3,Samiha Ahuja,Chennai,West Bengal,India,Resigned,2018,3,173,86.64
EMP01505,Kanav,Khanna,Female,49,Married,Operations,Operations Executive,Full-Time,Onsite,MBA,27,2019-12-19,463732,11.39,3,73,14,17,9,2.0,Vivaan Ben,Guwahati,West Bengal,India,Resigned,2022,4,157,92.92
EMP01506,Nishith,Chana,Female,42,Single,Customer Support,Customer Support Executive,Part-Time,Remote,MBA,19,2023-05-05,482544,8.44,5,26,9,39,9,3.6,Badal Bedi,Kolkata,Maharashtra,India,Resigned,2024,5,157,93.2
EMP01507,Bhavin,Gopal,Female,33,Married,Customer Support,Customer Support Executive,Contract,Remote,Master's,7,2020-09-14,310302,5.99,2,49,13,37,8,2.5,Himmat Deshmukh,Bangalore,Tamil Nadu,India,Active,2020,3,151,75.57
EMP01508,Lagan,Thaman,Male,52,Married,Customer Support,Customer Support Executive,Part-Time,Onsite,Bachelor's,31,2016-11-24,360979,5.25,4,43,3,2,7,3.4,Akarsh Batra,Delhi,West Bengal,India,Active,2023,1,188,88.55
EMP01509,Khushi,Ray,Female,22,Single,Finance,Accountant,Full-Time,Hybrid,Bachelor's,0,2019-04-11,543555,12.47,4,42,10,36,18,3.7,Aaina Kar,Mumbai,Delhi,India,Resigned,2022,5,232,87.21
EMP01510,Ryan,Chakrabarti,Male,44,Married,Marketing,Marketing Analyst,Contract,Onsite,MBA,18,2022-10-25,673226,21.06,2,44,8,27,20,2.2,Gatik Ratti,Chennai,West Bengal,India,Resigned,2018,1,199,99.62
EMP01511,Keya,Sunder,Male,25,Single,IT,Data Analyst,Contract,Onsite,MBA,1,2023-04-27,993047,18.33,4,60,15,34,23,3.6,Vanya Ganesan,Mumbai,West Bengal,India,Active,2019,3,178,78.64
EMP01512,Baiju,Saxena,Male,55,Married,Human Resources,HR Executive,Part-Time,Remote,Bachelor's,34,2024-06-19,612261,19.0,2,33,9,27,9,3.7,Hunar Doctor,Mumbai,Maharashtra,India,Active,2018,4,171,88.88
EMP01513,Samaira,Badami,Female,39,Single,Finance,Accountant,Part-Time,Onsite,Bachelor's,16,2024-05-24,489202,22.85,5,19,2,21,10,4.7,Darshit Kumar,Chennai,Karnataka,India,Resigned,2021,1,176,90.43
EMP01514,Reyansh,Shetty,Male,26,Married,Human Resources,Talent Acquisition Specialist,Part-Time,Remote,MBA,0,2015-07-11,618313,16.28,5,35,13,18,0,3.7,Rania Virk,Mumbai,Telangana,India,Resigned,2022,1,206,77.88
EMP01515,Raghav,Dey,Female,25,Married,Marketing,SEO Specialist,Contract,Onsite,MBA,2,2016-03-27,363357,10.12,3,72,10,34,6,3.7,Jayant Kapoor,Kolkata,Karnataka,India,Resigned,2019,2,238,99.76
EMP01516,Raunak,Kata,Male,52,Single,IT,Data Analyst,Contract,Onsite,Bachelor's,27,2015-01-30,728526,8.31,3,47,12,8,7,3.3,Nishith Goda,Pune,Maharashtra,India,Resigned,2019,5,143,86.25
EMP01517,Nakul,Gola,Female,30,Single,IT,Data Engineer,Contract,Hybrid,Bachelor's,4,2018-06-28,1942190,10.09,5,77,13,34,9,4.6,Fateh Sunder,Mumbai,Assam,India,Active,2022,1,228,96.96
EMP01518,Sumer,Rattan,Female,41,Single,Human Resources,HR Manager,Part-Time,Onsite,MBA,17,2018-05-28,1299224,8.63,3,56,15,3,14,4.9,Darshit Choudhary,Kolkata,Maharashtra,India,Resigned,2025,5,215,87.35
EMP01519,Divyansh,Mall,Male,57,Single,Marketing,SEO Specialist,Contract,Onsite,Master's,33,2023-10-15,472570,12.16,3,58,3,36,4,4.7,Seher Gaba,Mumbai,Maharashtra,India,Resigned,2025,2,193,83.58
EMP01520,Jayesh,Sehgal,Female,35,Married,IT,Data Analyst,Part-Time,Onsite,MBA,14,2024-05-24,1077597,5.34,3,33,3,3,1,3.4,Ishaan Hayre,Hyderabad,Delhi,India,Active,2019,1,183,85.09
EMP01521,Hazel,Mall,Female,48,Married,Operations,Operations Executive,Full-Time,Onsite,Master's,27,2018-08-19,408068,19.37,5,64,6,26,8,2.6,Anika Hans,Bangalore,Delhi,India,Active,2024,5,231,94.54
EMP01522,Aarush,Handa,Female,28,Married,Human Resources,HR Manager,Contract,Hybrid,Diploma,5,2015-01-13,863517,22.91,4,80,10,4,15,4.2,Vihaan Kibe,Pune,Delhi,India,Resigned,2021,4,197,95.83
EMP01523,Purab,Chowdhury,Female,30,Married,Human Resources,HR Manager,Part-Time,Remote,Master's,9,2016-05-18,939237,18.24,2,62,3,11,9,2.6,Divyansh Deep,Hyderabad,Maharashtra,India,Resigned,2020,1,148,76.72
EMP01524,Dharmajan,Kaul,Male,50,Single,Finance,Finance Manager,Full-Time,Onsite,Bachelor's,29,2016-10-24,1660673,5.62,4,36,14,31,24,4.0,Tiya Bhasin,Chennai,West Bengal,India,Active,2018,3,163,91.21
EMP01525,Mehul,Bahri,Female,43,Single,Human Resources,HR Manager,Full-Time,Hybrid,MBA,21,2021-07-25,1137884,15.58,3,6,15,14,18,3.6,Eshani Mann,Mumbai,West Bengal,India,Resigned,2024,3,199,86.83
EMP01526,Gokul,Sur,Female,35,Single,Marketing,SEO Specialist,Contract,Remote,Master's,9,2018-07-01,388233,8.27,4,38,1,4,12,3.9,Tejas Singh,Chennai,Telangana,India,Resigned,2022,3,198,94.73
EMP01527,Madhup,Sahni,Male,41,Married,Operations,Operations Manager,Full-Time,Onsite,Master's,19,2021-01-03,1450788,13.81,3,33,1,24,22,4.4,Tara Ahluwalia,Pune,Maharashtra,India,Active,2021,5,185,83.06
EMP01528,Zara,Dutta,Female,31,Single,Sales,Business Development Associate,Full-Time,Onsite,Diploma,7,2025-05-12,782066,11.87,4,37,10,15,19,4.8,Advika Bajaj,Kolkata,Tamil Nadu,India,Active,2019,5,164,88.73
EMP01529,Nitara,Char,Female,58,Married,Finance,Finance Manager,Part-Time,Onsite,Diploma,36,2025-06-26,913794,8.22,2,58,11,22,3,3.4,Yuvraj  Bhattacharyya,Pune,Delhi,India,Resigned,2020,3,169,95.45
EMP01530,Raunak,Sha,Male,41,Single,Customer Support,Customer Support Executive,Full-Time,Remote,MBA,20,2025-09-30,377985,16.2,3,5,5,20,10,2.6,Nitara Kakar,Bangalore,Maharashtra,India,Resigned,2021,1,210,89.35
EMP01531,Bhamini,Swamy,Male,58,Single,IT,Software Engineer,Contract,Onsite,Diploma,37,2015-04-08,1619953,14.75,3,42,12,10,12,3.0,Divit Deshpande,Chennai,Tamil Nadu,India,Resigned,2020,3,225,95.73
EMP01532,Riya,Basak,Female,29,Single,Sales,Business Development Associate,Full-Time,Onsite,Bachelor's,6,2015-03-16,434826,10.36,3,60,11,27,15,2.5,Aaryahi Bhatia,Delhi,Maharashtra,India,Resigned,2023,4,163,75.47
EMP01533,Ela,Mahajan,Male,42,Married,Customer Support,Team Lead,Contract,Onsite,Master's,20,2019-03-16,507205,24.22,3,64,12,33,6,3.7,Mishti Dhillon,Pune,West Bengal,India,Active,2019,1,191,90.81
EMP01534,Krish,Krishna,Female,55,Single,Sales,Business Development Associate,Full-Time,Onsite,MBA,34,2017-01-07,741540,21.08,2,8,12,31,8,2.0,Saksham Gala,Guwahati,Tamil Nadu,India,Active,2025,4,233,89.02
EMP01535,Charvi,Dalal,Female,38,Married,Customer Support,Customer Support Executive,Contract,Hybrid,Bachelor's,13,2015-07-13,273092,11.47,3,70,2,19,15,4.8,Riaan Baral,Bangalore,Delhi,India,Active,2021,4,220,94.2
EMP01536,Hiran,Srinivas,Male,47,Married,Human Resources,Talent Acquisition Specialist,Part-Time,Hybrid,Diploma,24,2015-09-16,547824,10.56,4,69,13,20,20,3.3,Khushi Jani,Kolkata,Assam,India,Resigned,2022,4,234,84.38
EMP01537,Nitya,Sehgal,Male,48,Married,Marketing,Marketing Manager,Part-Time,Onsite,Master's,24,2018-11-08,998977,10.46,4,43,7,31,3,4.2,Lagan Golla,Bangalore,Karnataka,India,Active,2018,1,150,75.68
EMP01538,Stuvan,Baria,Male,29,Single,Operations,Operations Executive,Contract,Remote,Master's,6,2022-10-12,595060,19.78,2,80,7,30,18,2.5,Badal Sarraf,Hyderabad,Assam,India,Active,2022,4,235,75.22
EMP01539,Ishita,Tripathi,Female,24,Married,Human Resources,Talent Acquisition Specialist,Part-Time,Hybrid,Master's,0,2020-08-02,671266,23.44,2,45,15,24,19,2.0,Badal Raman,Bangalore,Tamil Nadu,India,Resigned,2020,2,240,93.85
EMP01540,Samiha,Rajan,Male,55,Married,Finance,Finance Manager,Part-Time,Remote,Master's,34,2016-04-20,1118193,14.01,3,69,6,32,23,2.6,Jayan Chahal,Bangalore,Telangana,India,Resigned,2022,5,177,77.72
EMP01541,Inaaya ,Bhatnagar,Male,51,Single,Operations,Operations Manager,Contract,Onsite,Master's,25,2024-01-22,1596317,16.88,4,6,11,8,7,3.6,Anya Jha,Pune,Telangana,India,Resigned,2020,3,194,82.85
EMP01542,Hazel,Bahri,Male,31,Married,Sales,Sales Executive,Full-Time,Onsite,Master's,8,2015-01-20,874199,16.12,3,22,4,31,4,4.8,Raghav Virk,Delhi,Karnataka,India,Resigned,2020,2,167,92.14
EMP01543,Pranay,Barad,Male,54,Single,Finance,Financial Analyst,Part-Time,Hybrid,MBA,28,2016-12-23,914387,21.51,4,45,15,14,14,2.8,Stuvan Butala,Bangalore,Delhi,India,Resigned,2018,1,173,99.76
EMP01544,Farhan,Kurian,Male,38,Single,IT,IT Support,Full-Time,Onsite,Diploma,14,2023-12-30,327371,14.75,2,11,12,14,4,4.9,Shalv Sarraf,Pune,West Bengal,India,Resigned,2023,5,206,86.04
EMP01545,Dishani,Sunder,Male,42,Single,Marketing,Marketing Analyst,Part-Time,Onsite,Bachelor's,18,2023-02-26,801533,8.07,4,63,5,38,23,4.0,Biju Konda,Mumbai,West Bengal,India,Resigned,2020,3,209,75.9
EMP01546,Zoya,Chokshi,Female,32,Single,IT,Data Engineer,Part-Time,Remote,Bachelor's,9,2016-10-10,1898049,22.8,3,63,12,21,10,3.4,Saanvi Ben,Chennai,Assam,India,Resigned,2022,5,217,94.75
EMP01547,Yakshit,Karnik,Female,53,Single,IT,Data Analyst,Part-Time,Onsite,MBA,28,2023-10-23,673749,20.8,3,20,4,0,17,2.1,Devansh Boase,Kolkata,Tamil Nadu,India,Active,2018,2,205,98.58
EMP01548,Siya,Choudhary,Male,45,Single,Human Resources,HR Executive,Contract,Remote,Master's,21,2023-06-06,491281,22.5,3,77,12,34,15,3.4,Keya Bumb,Mumbai,Tamil Nadu,India,Active,2021,5,209,84.9
EMP01549,Urvi,Chaudhari,Female,24,Married,Customer Support,Customer Support Executive,Part-Time,Hybrid,Bachelor's,0,2022-01-20,549592,7.4,1,53,8,34,12,3.1,Nakul Sodhi,Mumbai,Maharashtra,India,Resigned,2022,2,196,94.46
EMP01550,Riaan,Apte,Female,51,Single,Finance,Accountant,Part-Time,Onsite,Master's,30,2018-10-01,614295,9.83,4,25,15,31,22,4.6,Mamooty Chawla,Chennai,Delhi,India,Resigned,2019,4,189,98.95
EMP01551,Renee,Sibal,Male,48,Married,Finance,Finance Manager,Contract,Remote,MBA,25,2016-10-11,1360504,18.81,4,61,6,25,23,3.6,Veer Chakrabarti,Pune,Assam,India,Resigned,2019,4,228,82.26
EMP01552,Devansh,Singhal,Female,30,Single,Marketing,Marketing Analyst,Part-Time,Onsite,MBA,8,2021-11-20,796431,6.41,2,71,15,34,7,3.6,Vidur Dey,Mumbai,Delhi,India,Active,2020,3,147,93.33
EMP01553,Shanaya,Deshmukh,Female,36,Married,Human Resources,Talent Acquisition Specialist,Full-Time,Hybrid,Diploma,15,2017-03-25,648900,16.16,4,63,5,11,9,3.3,Sahil Bhavsar,Chennai,Delhi,India,Active,2024,1,167,86.81
EMP01554,Ahana ,Kant,Male,50,Married,IT,Software Engineer,Part-Time,Hybrid,Bachelor's,24,2017-02-21,1882212,5.67,3,45,15,5,5,4.9,Ivana Raj,Pune,Delhi,India,Active,2023,1,217,79.99
EMP01555,Raghav,Jani,Male,54,Single,Sales,Sales Manager,Full-Time,Hybrid,Diploma,29,2016-06-18,1185031,23.29,4,13,1,15,5,3.2,Madhup Jani,Pune,West Bengal,India,Resigned,2021,1,164,99.29
EMP01556,Samar,Arya,Female,39,Married,Marketing,Marketing Analyst,Full-Time,Onsite,Master's,14,2021-09-10,618035,5.06,4,17,10,24,15,4.2,Shaan Raju,Chennai,Tamil Nadu,India,Resigned,2023,2,205,83.4
EMP01557,Biju,Majumdar,Male,45,Single,IT,Data Engineer,Part-Time,Onsite,Master's,24,2015-06-10,1266150,22.89,4,46,13,21,15,4.4,Chirag Sabharwal,Bangalore,Assam,India,Active,2025,2,187,81.73
EMP01558,Yashvi,Dar,Female,58,Married,Sales,Business Development Associate,Full-Time,Hybrid,Master's,37,2023-09-26,652288,15.87,4,77,8,28,21,3.2,Dishani Maharaj,Bangalore,West Bengal,India,Resigned,2022,1,217,92.36
EMP01559,Vanya,Sule,Female,35,Married,Customer Support,Customer Support Executive,Part-Time,Remote,MBA,10,2020-02-24,436560,19.95,3,15,12,1,21,2.8,Shray Doshi,Chennai,Maharashtra,India,Resigned,2020,2,208,80.6
EMP01560,Manikya,Rout,Male,24,Married,Sales,Business Development Associate,Full-Time,Hybrid,Bachelor's,0,2019-07-03,755417,14.74,3,9,5,22,17,3.8,Aarna Agate,Delhi,West Bengal,India,Active,2024,1,144,88.53
EMP01561,Sahil,Kade,Male,47,Married,Customer Support,Team Lead,Contract,Hybrid,Bachelor's,22,2018-08-30,675641,17.48,3,66,15,20,6,3.0,Arnav Dube,Delhi,Tamil Nadu,India,Resigned,2022,3,230,86.87
EMP01562,Zaina,Behl,Male,52,Single,Customer Support,Customer Support Executive,Part-Time,Onsite,MBA,29,2015-12-09,427884,11.16,4,58,9,12,9,4.9,Manikya Gandhi,Delhi,Telangana,India,Resigned,2024,3,159,86.82
EMP01563,Urvi,Viswanathan,Female,44,Single,Human Resources,HR Executive,Part-Time,Onsite,Diploma,18,2025-06-07,550704,17.69,4,40,7,15,3,3.7,Adira Chowdhury,Kolkata,Assam,India,Active,2021,4,182,83.22
EMP01564,Pranay,Dyal,Female,55,Married,Customer Support,Customer Support Executive,Full-Time,Hybrid,Diploma,31,2020-10-11,513034,17.21,5,55,1,11,23,4.7,Yasmin Bail,Delhi,Maharashtra,India,Active,2018,2,208,98.32
EMP01565,Khushi,Bhat,Male,35,Married,Human Resources,HR Executive,Full-Time,Hybrid,Bachelor's,14,2015-03-22,437977,20.16,4,49,8,31,22,2.5,Ivana Goswami,Delhi,Karnataka,India,Active,2023,2,198,83.19
EMP01566,Zeeshan,Sani,Female,52,Single,IT,Software Engineer,Contract,Remote,MBA,29,2025-12-12,1145856,24.81,3,42,8,2,3,4.7,Nishith Varghese,Chennai,Tamil Nadu,India,Active,2025,3,141,86.39
EMP01567,Ela,Ratta,Female,30,Single,Customer Support,Customer Support Executive,Full-Time,Onsite,Diploma,4,2016-01-25,432680,18.48,4,57,5,6,12,4.6,Ryan D’Alia,Bangalore,West Bengal,India,Resigned,2018,2,207,82.25
EMP01568,Zaina,Sundaram,Female,45,Married,IT,IT Support,Part-Time,Onsite,Diploma,24,2017-06-01,610422,6.16,3,5,10,12,10,4.4,Mamooty Shetty,Chennai,Karnataka,India,Resigned,2019,3,180,78.7
EMP01569,Keya,Chowdhury,Male,24,Single,Human Resources,HR Executive,Full-Time,Remote,MBA,1,2016-07-14,457391,16.02,4,65,7,2,9,2.9,Neysa Bora,Bangalore,Karnataka,India,Resigned,2024,5,189,95.32
EMP01570,Nirvaan,Ramanathan,Female,25,Single,Finance,Financial Analyst,Contract,Remote,MBA,0,2021-12-03,599224,20.17,4,37,1,2,14,4.9,Zara Sehgal,Kolkata,Tamil Nadu,India,Resigned,2019,4,186,90.89
EMP01571,Hridaan,Rajagopal,Male,52,Married,Human Resources,HR Manager,Full-Time,Hybrid,Master's,30,2020-03-18,741756,11.08,3,55,4,13,17,2.6,Tiya Ghosh,Kolkata,Telangana,India,Active,2021,1,149,81.5
EMP01572,Raghav,Shukla,Male,52,Single,Marketing,SEO Specialist,Part-Time,Remote,Bachelor's,30,2019-10-03,394611,21.35,1,39,15,7,22,3.8,Jivin Arya,Kolkata,Assam,India,Resigned,2018,5,192,92.42
EMP01573,Lagan,Shukla,Male,52,Single,Human Resources,Talent Acquisition Specialist,Part-Time,Hybrid,MBA,29,2020-12-06,552950,5.46,3,42,12,21,11,3.8,Reyansh Chauhan,Bangalore,Assam,India,Resigned,2020,4,196,82.8
EMP01574,Ivan,Batra,Male,33,Single,Sales,Sales Executive,Full-Time,Hybrid,Bachelor's,9,2024-08-15,672552,10.8,3,68,6,14,21,2.7,Arnav Shukla,Pune,Telangana,India,Active,2024,2,236,80.73
EMP01575,Yasmin,Krishna,Male,44,Married,Human Resources,HR Manager,Contract,Onsite,Diploma,19,2018-10-16,928686,9.38,4,54,15,22,9,2.1,Shanaya Sharaf,Kolkata,Telangana,India,Resigned,2023,5,153,97.99
EMP01576,Mamooty,Shroff,Male,30,Married,Operations,Operations Manager,Contract,Hybrid,Bachelor's,5,2022-02-24,903960,6.73,1,43,2,23,25,3.7,Jayesh Sankar,Mumbai,Maharashtra,India,Resigned,2019,5,196,95.85
EMP01577,Amira,Reddy,Male,22,Married,IT,IT Support,Part-Time,Remote,MBA,0,2025-02-19,504654,20.28,5,58,13,25,19,4.6,Stuvan Doctor,Bangalore,Telangana,India,Active,2022,4,150,89.55
EMP01578,Taran,Chad,Female,37,Married,Human Resources,Talent Acquisition Specialist,Full-Time,Remote,Diploma,14,2016-06-20,770291,7.75,4,12,10,19,16,4.8,Hansh Vyas,Mumbai,Telangana,India,Resigned,2024,2,238,95.33
EMP01579,Yuvaan,Dar,Male,46,Married,Customer Support,Customer Support Executive,Full-Time,Hybrid,Bachelor's,22,2020-11-20,349382,9.72,2,42,2,6,7,4.0,Yasmin Baria,Mumbai,Karnataka,India,Resigned,2018,4,192,81.35
EMP01580,Badal,Jaggi,Female,57,Married,Marketing,Marketing Analyst,Contract,Onsite,MBA,33,2022-04-15,761733,11.59,4,7,8,0,24,2.9,Akarsh Sachdeva,Bangalore,Delhi,India,Active,2025,4,188,92.15
EMP01581,Divit,Char,Male,25,Married,Finance,Financial Analyst,Full-Time,Onsite,MBA,3,2021-03-19,1008453,10.91,4,76,12,9,2,4.5,Kimaya Sem,Guwahati,Maharashtra,India,Active,2022,2,182,86.11
EMP01582,Nakul,Soman,Female,33,Married,Operations,Operations Manager,Part-Time,Onsite,Diploma,11,2018-01-09,1679986,17.79,3,28,4,21,24,2.0,Abram Das,Kolkata,Tamil Nadu,India,Resigned,2025,1,168,98.2
EMP01583,Nitara,Mahajan,Male,53,Married,Human Resources,HR Manager,Part-Time,Remote,MBA,27,2020-12-02,1463654,21.71,4,66,11,12,7,4.4,Jayan Sule,Bangalore,Maharashtra,India,Resigned,2024,2,209,79.96
EMP01584,Rasha,Sheth,Female,39,Single,Marketing,SEO Specialist,Part-Time,Hybrid,MBA,15,2021-05-06,601465,22.43,3,54,12,20,7,2.5,Shalv Tara,Kolkata,Maharashtra,India,Resigned,2019,4,193,85.0
EMP01585,Samar,Chowdhury,Female,54,Single,Finance,Accountant,Full-Time,Hybrid,Diploma,30,2017-01-26,527822,18.69,4,68,6,2,13,4.4,Damini Chada,Chennai,Tamil Nadu,India,Active,2025,3,168,83.71
EMP01586,Kanav,Ratta,Female,38,Married,Finance,Finance Manager,Part-Time,Onsite,MBA,13,2017-10-13,1131765,18.4,3,48,8,38,9,3.3,Pihu Buch,Bangalore,Karnataka,India,Active,2021,3,173,77.44
EMP01587,Jayesh,Gandhi,Female,46,Married,Marketing,SEO Specialist,Part-Time,Onsite,MBA,20,2023-12-16,686914,22.72,4,15,2,33,7,2.8,Hiran Thaman,Guwahati,Tamil Nadu,India,Resigned,2025,2,156,75.08
EMP01588,Hrishita,Dua,Female,28,Single,Human Resources,Talent Acquisition Specialist,Contract,Remote,MBA,5,2015-12-21,532779,19.36,3,7,11,36,17,4.1,Lakshay Badal,Hyderabad,Telangana,India,Active,2019,4,176,79.22
EMP01589,Pari,Dugar,Male,31,Single,Human Resources,HR Manager,Full-Time,Remote,MBA,9,2016-06-20,1025368,17.92,3,40,4,3,23,3.7,Aaina Trivedi,Bangalore,Karnataka,India,Resigned,2018,1,159,88.55
EMP01590,Aaina,Varghese,Female,58,Single,Sales,Sales Manager,Part-Time,Hybrid,Master's,35,2022-06-27,910282,19.91,4,32,8,22,21,3.6,Nakul Issac,Kolkata,Assam,India,Resigned,2022,5,204,97.76
EMP01591,Alisha,Taneja,Female,27,Single,Marketing,Marketing Manager,Part-Time,Hybrid,Master's,5,2022-06-07,1149414,12.63,2,23,7,2,22,2.3,Kanav Joshi,Guwahati,Maharashtra,India,Resigned,2025,1,195,79.04
EMP01592,Sahil,Ramachandran,Female,45,Married,IT,Data Engineer,Part-Time,Hybrid,MBA,21,2020-07-30,1486245,9.62,1,60,12,22,12,2.4,Krish Seshadri,Guwahati,Assam,India,Resigned,2021,5,166,76.03
EMP01593,Ryan,Ben,Male,26,Married,Operations,Operations Manager,Full-Time,Hybrid,Bachelor's,5,2025-06-15,1632376,16.0,3,72,4,25,17,3.0,Charvi Mallick,Mumbai,West Bengal,India,Resigned,2024,1,228,78.66
EMP01594,Ryan,Bhardwaj,Male,41,Single,Sales,Sales Manager,Part-Time,Onsite,Master's,20,2018-10-15,1239901,23.07,3,28,15,13,1,2.9,Shaan Shroff,Guwahati,Tamil Nadu,India,Active,2025,1,236,77.31
EMP01595,Anika,Khosla,Female,50,Single,Finance,Financial Analyst,Contract,Onsite,MBA,26,2018-10-04,1018333,5.99,4,46,1,13,14,4.2,Pihu Contractor,Guwahati,Telangana,India,Resigned,2019,1,168,90.1
EMP01596,Ira,Mand,Female,48,Single,IT,Software Engineer,Contract,Hybrid,Bachelor's,22,2017-03-15,729122,10.98,3,60,14,35,6,4.8,Aarna Loyal,Chennai,West Bengal,India,Resigned,2019,5,176,97.13
EMP01597,Manikya,Lala,Male,42,Single,Marketing,Marketing Analyst,Full-Time,Remote,Bachelor's,16,2025-02-28,719577,24.91,4,48,9,31,23,3.7,Azad De,Delhi,Maharashtra,India,Resigned,2020,2,158,93.18
EMP01598,Rohan,Saraf,Female,53,Single,Finance,Finance Manager,Part-Time,Onsite,MBA,28,2025-01-13,1739821,15.98,3,39,8,21,7,3.4,Ela Sandal,Guwahati,Maharashtra,India,Active,2021,5,156,87.67
EMP01599,Fateh,Thakur,Male,25,Single,Operations,Operations Executive,Part-Time,Remote,Diploma,3,2015-12-01,512669,21.79,1,54,6,19,4,2.9,Vidur Chowdhury,Delhi,Tamil Nadu,India,Resigned,2025,4,226,98.03
EMP01600,Stuvan,Sahni,Male,52,Single,IT,IT Support,Contract,Onsite,Master's,31,2015-12-25,492394,11.88,5,44,12,3,2,3.8,Anay Koshy,Bangalore,Delhi,India,Active,2024,3,152,77.9
EMP01601,Parinaaz,Atwal,Male,42,Married,Marketing,Marketing Manager,Full-Time,Remote,MBA,18,2016-10-21,925823,14.59,4,16,6,37,23,4.5,Vihaan Hans,Guwahati,Tamil Nadu,India,Resigned,2023,2,189,80.61
EMP01602,Ranbir,Sunder,Male,38,Married,Finance,Finance Manager,Part-Time,Onsite,Bachelor's,14,2020-11-08,1237222,19.83,3,8,3,20,17,4.5,Madhav Grewal,Hyderabad,West Bengal,India,Active,2021,2,204,99.88
EMP01603,Madhav,Hans,Female,28,Married,Customer Support,Customer Support Executive,Contract,Remote,Master's,2,2017-12-16,329288,24.79,3,41,6,22,21,2.2,Hridaan Mani,Mumbai,Delhi,India,Active,2023,5,239,77.03
EMP01604,Aarna,Gulati,Male,54,Single,Human Resources,HR Manager,Contract,Onsite,Diploma,33,2022-06-07,947675,19.82,3,32,15,15,14,4.6,Dhanush Balakrishnan,Hyderabad,West Bengal,India,Resigned,2018,2,157,75.24
EMP01605,Fateh,Dua,Male,34,Married,IT,Data Analyst,Full-Time,Onsite,Diploma,13,2019-03-13,693111,16.79,3,26,5,38,3,3.5,Anahi Shan,Kolkata,Karnataka,India,Active,2018,4,196,94.71
EMP01606,Piya,Sahni,Male,25,Married,Customer Support,Team Lead,Part-Time,Remote,Diploma,3,2022-01-29,688429,7.0,3,46,13,15,19,2.6,Akarsh Grover,Bangalore,Karnataka,India,Active,2018,1,157,82.82
EMP01607,Onkar,Wable,Male,43,Single,Finance,Accountant,Contract,Remote,Diploma,20,2024-05-30,530175,11.22,5,34,5,33,23,2.3,Kimaya Basu,Chennai,Tamil Nadu,India,Active,2022,1,189,93.05
EMP01608,Zain,Roy,Female,40,Single,Operations,Operations Manager,Part-Time,Onsite,MBA,19,2024-10-25,1481555,16.11,4,34,4,22,22,3.1,Dishani Sinha,Bangalore,Telangana,India,Resigned,2025,3,177,80.51
EMP01609,Vedika,Swaminathan,Male,35,Married,Operations,Operations Manager,Full-Time,Hybrid,MBA,13,2025-03-02,921805,19.79,3,60,10,22,11,4.8,Gokul Subramaniam,Kolkata,Maharashtra,India,Resigned,2021,3,173,98.28
EMP01610,Prerak,Seth,Male,43,Married,Operations,Operations Manager,Part-Time,Remote,MBA,19,2025-11-27,889387,11.86,3,23,1,34,24,2.4,Arhaan Rao,Chennai,West Bengal,India,Resigned,2021,5,196,79.43
EMP01611,Lavanya,Venkataraman,Male,55,Single,Finance,Financial Analyst,Full-Time,Remote,Bachelor's,33,2017-03-27,632973,15.09,4,11,6,11,8,3.9,Ishaan Ramakrishnan,Mumbai,Assam,India,Resigned,2019,3,170,91.48
EMP01612,Heer,Bahl,Female,36,Single,IT,Software Engineer,Contract,Remote,Diploma,13,2020-04-24,1123366,6.18,3,49,2,18,13,4.6,Samar Chopra,Hyderabad,Karnataka,India,Resigned,2024,2,177,90.76
EMP01613,Gokul,Deol,Male,44,Single,Human Resources,HR Manager,Part-Time,Hybrid,MBA,23,2016-04-14,1176486,18.15,4,38,6,34,20,2.8,Nitya Madan,Pune,Karnataka,India,Active,2023,1,202,85.74
EMP01614,Dhanuk,Rege,Male,36,Single,Finance,Financial Analyst,Full-Time,Remote,Bachelor's,12,2020-04-29,891924,8.54,4,74,3,1,8,3.1,Ishita Barman,Hyderabad,West Bengal,India,Resigned,2025,3,227,82.28
EMP01615,Riaan,Sem,Female,53,Single,Finance,Accountant,Part-Time,Remote,MBA,30,2019-05-31,559740,22.36,5,55,15,13,8,2.5,Hridaan Mall,Delhi,Telangana,India,Resigned,2022,2,230,95.07
EMP01616,Misha,Venkataraman,Female,27,Single,Finance,Accountant,Part-Time,Hybrid,Diploma,4,2020-02-05,432832,14.58,4,62,12,7,22,2.5,Purab Karan,Chennai,Karnataka,India,Active,2021,4,233,94.65
EMP01617,Ishaan,Choudhary,Male,28,Married,IT,IT Support,Contract,Hybrid,Master's,3,2021-09-16,320245,18.29,4,76,4,13,22,3.1,Elakshi Mani,Pune,Delhi,India,Active,2019,1,204,98.74
EMP01618,Ira,Hans,Female,46,Married,IT,Data Analyst,Contract,Onsite,MBA,21,2023-04-27,870425,14.13,5,9,13,33,10,4.0,Jhanvi Lad,Bangalore,Tamil Nadu,India,Active,2024,1,189,96.38
EMP01619,Indrans,Chadha,Female,24,Married,Customer Support,Customer Support Executive,Full-Time,Hybrid,Bachelor's,0,2025-03-07,452209,18.02,3,7,4,8,15,2.8,Aarush Khalsa,Kolkata,Tamil Nadu,India,Active,2018,1,148,86.49
EMP01620,Devansh,Sodhi,Male,30,Single,Finance,Finance Manager,Full-Time,Remote,MBA,8,2022-03-29,1421435,10.88,3,5,15,16,1,3.2,Ivana Comar,Delhi,Telangana,India,Resigned,2023,1,200,92.47
EMP01621,Lavanya,Kulkarni,Male,47,Married,Sales,Business Development Associate,Part-Time,Hybrid,MBA,22,2019-11-09,825492,13.96,2,55,12,39,18,4.9,Jiya Chakrabarti,Chennai,Delhi,India,Resigned,2021,3,212,88.82
EMP01622,Fateh,Chowdhury,Female,51,Married,Sales,Sales Executive,Contract,Remote,Diploma,25,2022-08-13,350413,9.65,4,14,10,7,16,4.1,Siya Bhattacharyya,Mumbai,Maharashtra,India,Active,2025,5,200,86.75
EMP01623,Indrajit,Barad,Female,25,Single,Marketing,Marketing Manager,Contract,Onsite,Bachelor's,0,2015-07-10,1436478,7.96,5,48,3,19,3,4.6,Prisha Manne,Mumbai,Delhi,India,Resigned,2022,1,213,81.31
EMP01624,Ahana ,Kalla,Female,47,Single,Human Resources,HR Executive,Full-Time,Onsite,Master's,24,2021-05-20,524744,19.23,4,66,3,11,13,2.3,Myra Dhar,Kolkata,Assam,India,Active,2024,1,178,80.91
EMP01625,Faiyaz,Gour,Male,45,Single,Finance,Finance Manager,Contract,Hybrid,MBA,19,2020-08-11,940990,13.48,2,17,10,16,9,4.9,Onkar Randhawa,Mumbai,West Bengal,India,Resigned,2023,5,143,79.73
EMP01626,Ehsaan,Kanda,Male,51,Single,Human Resources,HR Executive,Full-Time,Hybrid,Bachelor's,29,2022-03-24,603726,10.12,5,68,12,14,18,4.9,Yuvraj  Agarwal,Kolkata,Delhi,India,Resigned,2022,3,155,94.63
EMP01627,Anahita,Chaudhari,Female,30,Married,Customer Support,Team Lead,Part-Time,Remote,Master's,6,2023-08-03,656430,19.04,3,41,15,5,2,2.3,Gokul Tara,Chennai,Maharashtra,India,Resigned,2024,1,198,98.23
EMP01628,Rasha,Sundaram,Male,39,Married,Customer Support,Customer Support Executive,Full-Time,Hybrid,Master's,16,2016-12-28,357111,10.42,5,71,6,2,24,3.2,Biju Bhardwaj,Guwahati,Assam,India,Resigned,2022,1,169,99.73
EMP01629,Dhruv,Venkatesh,Female,22,Single,Finance,Accountant,Part-Time,Remote,MBA,0,2017-03-05,685969,8.88,3,10,11,1,8,3.2,Kanav Sankar,Guwahati,Delhi,India,Resigned,2023,1,157,89.34
EMP01630,Trisha,Raman,Female,50,Single,Customer Support,Customer Support Executive,Full-Time,Onsite,Bachelor's,24,2021-11-23,472897,24.84,3,51,14,34,14,4.8,Zeeshan Gour,Hyderabad,Karnataka,India,Active,2019,1,144,92.42
EMP01631,Ojas,Sangha,Female,27,Single,IT,Data Engineer,Part-Time,Hybrid,Diploma,2,2017-05-18,1137907,11.39,3,32,5,4,0,4.5,Aayush Kata,Chennai,Karnataka,India,Active,2023,3,173,88.52
EMP01632,Tushar,Ahuja,Male,24,Married,Sales,Business Development Associate,Contract,Hybrid,Bachelor's,0,2020-10-07,620030,11.91,1,54,7,17,0,3.9,Uthkarsh Dasgupta,Delhi,Tamil Nadu,India,Active,2020,1,238,87.43
EMP01633,Madhav,Shroff,Female,56,Single,Marketing,Marketing Analyst,Full-Time,Remote,MBA,30,2015-07-29,899895,9.41,3,23,9,22,7,2.7,Saksham Dyal,Hyderabad,Tamil Nadu,India,Resigned,2018,3,237,76.97
EMP01634,Ranbir,Dyal,Male,33,Married,Finance,Accountant,Full-Time,Remote,Diploma,12,2018-02-01,396301,14.69,2,73,12,1,21,3.7,Indrans Bhavsar,Guwahati,Delhi,India,Active,2023,1,230,82.59
EMP01635,Lakshit,Jani,Female,50,Single,Customer Support,Team Lead,Part-Time,Remote,MBA,24,2015-02-12,791376,11.74,5,31,11,27,22,4.5,Gokul Shukla,Delhi,Delhi,India,Active,2022,2,150,97.81
EMP01636,Kanav,Bakshi,Male,49,Married,IT,IT Support,Full-Time,Remote,MBA,24,2021-01-05,318235,12.61,3,15,14,26,16,4.8,Miraan Majumdar,Guwahati,Maharashtra,India,Active,2025,2,219,78.23
EMP01637,Jiya,Garg,Female,56,Single,Customer Support,Team Lead,Full-Time,Remote,Diploma,30,2020-03-05,937389,8.14,3,62,12,27,20,4.6,Emir Mani,Bangalore,Tamil Nadu,India,Active,2019,2,169,78.46
EMP01638,Taimur,Dhar,Male,55,Single,Human Resources,HR Manager,Part-Time,Remote,Bachelor's,29,2015-10-22,1418470,8.12,2,59,7,33,5,3.0,Pranay Dora,Mumbai,Delhi,India,Resigned,2024,2,150,89.99
EMP01639,Indranil,Ramakrishnan,Female,25,Married,Sales,Sales Manager,Part-Time,Hybrid,Bachelor's,3,2019-11-21,1027658,24.23,4,61,15,15,0,3.1,Jhanvi Srinivas,Kolkata,Maharashtra,India,Active,2025,5,166,86.56
EMP01640,Aayush,Dhingra,Male,36,Married,Marketing,SEO Specialist,Contract,Onsite,Diploma,15,2019-04-05,617362,13.97,4,59,12,8,24,3.7,Ivan Devan,Chennai,Telangana,India,Active,2022,1,192,92.67
EMP01641,Arhaan,Shah,Female,51,Single,Human Resources,HR Executive,Contract,Onsite,Diploma,28,2024-06-30,531920,22.85,2,54,8,10,8,2.2,Bhamini Batra,Bangalore,Maharashtra,India,Resigned,2022,1,185,94.79
EMP01642,Farhan,Chokshi,Male,52,Single,IT,Data Analyst,Part-Time,Onsite,MBA,26,2023-03-06,645236,23.9,3,36,7,31,0,4.1,Arhaan Chanda,Kolkata,Karnataka,India,Resigned,2021,3,223,98.28
EMP01643,Renee,Kata,Female,41,Single,Finance,Finance Manager,Contract,Hybrid,Master's,20,2015-03-20,1642285,17.83,4,57,7,1,23,2.6,Advik Varughese,Delhi,Karnataka,India,Active,2020,2,187,95.66
EMP01644,Shlok,Sane,Female,28,Single,Human Resources,HR Executive,Part-Time,Hybrid,Master's,2,2016-03-29,565853,24.32,4,17,10,27,21,4.4,Priyansh Mand,Delhi,Karnataka,India,Active,2021,2,188,84.72
EMP01645,Manjari,Jaggi,Female,34,Married,Operations,Operations Manager,Contract,Remote,MBA,13,2018-03-12,1567400,13.77,4,57,9,22,12,3.5,Shanaya Yadav,Pune,West Bengal,India,Active,2019,4,209,78.94
EMP01646,Kiara,Khosla,Female,28,Married,IT,IT Support,Full-Time,Remote,Diploma,5,2024-07-26,370175,10.84,4,79,10,39,13,3.1,Khushi Bal,Pune,Karnataka,India,Resigned,2021,5,194,89.05
EMP01647,Adah,Ramakrishnan,Female,36,Married,Customer Support,Team Lead,Full-Time,Remote,Bachelor's,15,2024-06-13,875957,7.5,4,72,8,36,19,4.4,Sara Dora,Kolkata,Assam,India,Active,2025,4,167,89.87
EMP01648,Jhanvi,Bal,Female,40,Married,Human Resources,HR Manager,Full-Time,Remote,Diploma,14,2022-12-23,916156,11.32,3,78,10,17,1,4.9,Miraya Bhatti,Chennai,Assam,India,Resigned,2018,4,146,78.81
EMP01649,Yashvi,Boase,Female,46,Single,Human Resources,Talent Acquisition Specialist,Part-Time,Onsite,Bachelor's,24,2016-02-19,722396,20.09,4,71,2,31,6,4.7,Ishita Kapadia,Mumbai,West Bengal,India,Resigned,2025,2,194,86.47
EMP01650,Hunar,Johal,Female,27,Married,Sales,Sales Manager,Part-Time,Remote,MBA,6,2021-07-23,1938814,23.09,2,10,11,1,15,2.2,Ranbir Kohli,Chennai,Karnataka,India,Resigned,2025,5,191,88.35
EMP01651,Lakshay,Dave,Female,33,Single,Customer Support,Team Lead,Full-Time,Onsite,Diploma,11,2021-12-08,571055,24.99,4,5,9,3,2,4.8,Raghav Jain,Guwahati,Assam,India,Active,2019,4,143,82.01
EMP01652,Rania,Wagle,Male,55,Single,Operations,Operations Manager,Part-Time,Onsite,Diploma,30,2019-09-08,1078111,12.16,3,51,15,32,7,4.4,Umang Arora,Delhi,Assam,India,Active,2024,4,229,79.09
EMP01653,Eshani,Sami,Male,24,Single,Customer Support,Customer Support Executive,Part-Time,Onsite,Diploma,0,2025-10-04,504209,11.04,2,39,9,18,16,5.0,Piya Shere,Guwahati,Tamil Nadu,India,Resigned,2021,3,179,82.13
EMP01654,Anvi,Swaminathan,Female,51,Single,Human Resources,Talent Acquisition Specialist,Contract,Hybrid,Master's,27,2025-11-21,625047,12.57,3,18,13,5,1,3.4,Madhav Kara,Mumbai,Assam,India,Resigned,2019,1,219,80.61
EMP01655,Darshit,Kant,Male,25,Single,IT,Software Engineer,Full-Time,Onsite,Diploma,1,2025-06-06,1209764,22.55,4,25,1,23,18,3.1,Kaira Joshi,Pune,West Bengal,India,Active,2020,3,153,78.92
EMP01656,Umang,Batta,Male,23,Married,Marketing,SEO Specialist,Contract,Onsite,Master's,0,2023-02-28,654602,18.87,3,56,14,16,25,2.4,Azad Swaminathan,Guwahati,Assam,India,Resigned,2022,5,189,76.65
EMP01657,Purab,Kurian,Female,57,Single,Finance,Finance Manager,Part-Time,Onsite,Bachelor's,32,2025-07-09,1208939,15.53,2,9,3,4,16,4.8,Madhav Ramaswamy,Kolkata,Karnataka,India,Active,2022,4,165,78.74
EMP01658,Ahana ,Seth,Female,25,Single,Sales,Sales Executive,Full-Time,Onsite,Diploma,0,2025-02-28,896337,7.87,1,38,10,36,5,2.3,Vihaan Manne,Kolkata,West Bengal,India,Active,2020,4,232,76.78
EMP01659,Stuvan,Bhat,Female,52,Single,Marketing,Marketing Analyst,Contract,Remote,Master's,31,2019-05-02,811967,15.72,5,79,13,1,24,4.5,Amani Sarraf,Chennai,Assam,India,Active,2023,2,151,91.93
EMP01660,Shayak,Mann,Male,25,Single,Operations,Operations Executive,Contract,Hybrid,Diploma,4,2017-07-30,388192,17.33,4,69,8,14,16,2.8,Kismat Sibal,Guwahati,West Bengal,India,Active,2025,5,240,84.21
EMP01661,Krish,Kulkarni,Female,26,Married,Sales,Sales Executive,Full-Time,Remote,MBA,4,2024-06-11,428491,19.35,5,33,5,22,8,4.0,Hunar Dada,Hyderabad,Assam,India,Resigned,2019,1,207,88.12
EMP01662,Diya,Tata,Female,28,Married,Finance,Finance Manager,Part-Time,Hybrid,Master's,5,2024-02-23,1375128,23.92,4,48,8,35,23,4.3,Jayesh Kata,Delhi,Telangana,India,Resigned,2024,5,168,84.21
EMP01663,Piya,Halder,Male,55,Married,Finance,Accountant,Part-Time,Onsite,Bachelor's,29,2020-04-15,697934,19.27,4,49,2,35,22,2.1,Kiara Deo,Mumbai,Telangana,India,Resigned,2022,3,154,89.98
EMP01664,Lagan,Setty,Male,58,Single,Marketing,SEO Specialist,Part-Time,Onsite,MBA,37,2024-04-30,673370,21.5,3,64,14,10,8,3.5,Anay Singhal,Kolkata,Telangana,India,Active,2025,3,164,83.5
EMP01665,Madhup,Samra,Female,39,Single,Operations,Operations Executive,Contract,Hybrid,Diploma,14,2016-10-25,419931,14.64,3,58,6,36,7,2.5,Ehsaan Lala,Mumbai,Karnataka,India,Active,2025,1,204,87.82
EMP01666,Nirvi,Balasubramanian,Female,51,Married,Operations,Operations Manager,Part-Time,Remote,Diploma,25,2016-08-03,819393,12.86,4,43,15,31,13,4.9,Vihaan Dani,Chennai,Delhi,India,Resigned,2021,2,205,79.72
EMP01667,Vanya,Raj,Female,57,Single,IT,Software Engineer,Part-Time,Onsite,Bachelor's,32,2015-01-23,735830,6.52,4,30,15,21,14,4.5,Himmat Sule,Delhi,Tamil Nadu,India,Active,2021,4,226,81.77
EMP01668,Saanvi,Zachariah,Male,43,Single,Human Resources,Talent Acquisition Specialist,Full-Time,Onsite,MBA,19,2019-08-20,589400,12.09,4,13,8,19,18,4.6,Samar Subramanian,Kolkata,Assam,India,Active,2024,4,224,75.12
EMP01669,Alisha,Bawa,Male,43,Married,Customer Support,Customer Support Executive,Part-Time,Onsite,Diploma,17,2017-07-02,419100,18.35,4,50,2,9,14,4.1,Himmat Jani,Pune,Delhi,India,Active,2021,1,215,81.39
EMP01670,Advika,Saran,Male,54,Married,IT,IT Support,Contract,Hybrid,Master's,30,2019-07-13,407903,9.71,4,39,4,0,1,5.0,Piya Kalita,Bangalore,Karnataka,India,Active,2018,1,156,90.84
EMP01671,Tanya,Shere,Male,40,Married,Customer Support,Customer Support Executive,Full-Time,Onsite,MBA,16,2021-08-25,403118,20.34,4,35,7,24,11,2.7,Keya Sami,Guwahati,Delhi,India,Resigned,2023,1,172,80.9
EMP01672,Tejas,Shere,Male,38,Married,Finance,Accountant,Full-Time,Hybrid,Bachelor's,13,2018-12-10,429874,15.88,4,52,2,9,12,4.6,Ritvik Chaudry,Chennai,Maharashtra,India,Active,2022,5,217,95.07
EMP01673,Anahi,Toor,Male,57,Single,Sales,Sales Manager,Part-Time,Remote,Bachelor's,35,2015-02-01,1458291,12.15,5,46,1,18,0,3.4,Drishya Warrior,Bangalore,Tamil Nadu,India,Resigned,2020,1,152,78.69
EMP01674,Vardaniya,Sathe,Male,33,Single,Human Resources,HR Manager,Full-Time,Onsite,Diploma,9,2016-07-13,1320860,9.52,2,35,5,30,6,3.5,Indrans Chandran,Kolkata,West Bengal,India,Active,2025,4,172,89.45
EMP01675,Siya,Virk,Male,45,Married,IT,Data Engineer,Contract,Hybrid,Bachelor's,23,2017-05-05,1560442,13.52,3,41,9,18,7,2.8,Anika Seth,Delhi,Karnataka,India,Resigned,2020,3,235,95.21
EMP01676,Jayant,Dewan,Female,46,Married,Operations,Operations Executive,Full-Time,Hybrid,Bachelor's,21,2021-05-14,650318,21.93,4,28,1,17,11,4.8,Anika Date,Guwahati,West Bengal,India,Active,2023,4,210,80.89
EMP01677,Ryan,Balay,Female,28,Single,Sales,Sales Executive,Full-Time,Remote,Bachelor's,6,2018-12-26,780019,5.58,3,74,10,12,13,3.0,Kartik Guha,Mumbai,Telangana,India,Resigned,2024,1,190,83.99
EMP01678,Urvi,Kapur,Male,35,Single,Sales,Business Development Associate,Contract,Onsite,Master's,13,2021-07-02,567714,6.48,3,28,5,21,20,2.5,Charvi Varty,Delhi,Telangana,India,Active,2019,1,227,99.11
EMP01679,Mamooty,Sidhu,Male,53,Single,Human Resources,HR Executive,Full-Time,Hybrid,MBA,30,2021-01-31,597090,5.65,4,69,7,26,12,3.6,Nitara Wason,Kolkata,Tamil Nadu,India,Active,2020,4,157,94.71
EMP01680,Aarna,Rajagopalan,Male,39,Single,IT,Data Analyst,Part-Time,Remote,MBA,13,2016-03-18,778084,15.42,3,52,14,20,6,3.7,Zara Khatri,Bangalore,Assam,India,Active,2018,2,163,96.0
EMP01681,Neelofar,Sibal,Female,29,Married,Human Resources,HR Executive,Full-Time,Hybrid,Diploma,7,2015-02-14,421143,14.55,3,58,5,24,2,4.1,Jiya Sarin,Chennai,Telangana,India,Active,2019,1,204,76.01
EMP01682,Zaina,Thaker,Female,47,Single,Operations,Operations Executive,Part-Time,Remote,MBA,26,2022-03-23,544972,13.2,4,13,8,5,14,3.2,Samiha Goswami,Kolkata,West Bengal,India,Active,2022,2,179,88.67
EMP01683,Bhavin,Brar,Female,25,Married,IT,Data Analyst,Part-Time,Remote,Bachelor's,0,2021-12-04,638984,7.59,3,65,10,23,21,3.5,Manjari Sawhney,Chennai,Delhi,India,Active,2025,2,202,81.34
EMP01684,Yuvaan,Babu,Male,38,Married,Operations,Operations Executive,Contract,Hybrid,Bachelor's,16,2015-11-15,625227,11.13,4,54,2,38,20,3.9,Taimur Jaggi,Hyderabad,Maharashtra,India,Resigned,2021,2,165,97.3
EMP01685,Ira,Rao,Female,36,Married,IT,IT Support,Contract,Hybrid,MBA,13,2015-07-10,628722,16.35,4,54,13,24,6,2.7,Divij Lad,Delhi,Maharashtra,India,Active,2023,2,161,92.98
EMP01686,Zoya,Sheth,Female,44,Married,Customer Support,Customer Support Executive,Contract,Onsite,MBA,22,2018-12-09,444740,12.23,3,26,10,15,21,2.1,Eva Issac,Delhi,West Bengal,India,Resigned,2019,1,151,99.85
EMP01687,Jiya,Desai,Male,32,Single,Operations,Operations Executive,Full-Time,Hybrid,MBA,10,2024-04-25,494547,18.96,5,61,2,23,20,2.8,Yuvaan Divan,Guwahati,West Bengal,India,Resigned,2025,5,151,98.96
EMP01688,Reyansh,Lad,Male,26,Married,Sales,Business Development Associate,Part-Time,Remote,Bachelor's,0,2021-04-26,426047,16.28,4,27,15,19,15,4.1,Advika Chakraborty,Hyderabad,Maharashtra,India,Resigned,2022,3,152,88.68
EMP01689,Uthkarsh,Vora,Female,22,Single,Human Resources,HR Manager,Full-Time,Remote,Bachelor's,0,2018-01-03,1244233,16.12,4,80,10,39,14,3.5,Damini Subramanian,Guwahati,Tamil Nadu,India,Active,2023,4,173,92.35
EMP01690,Sahil,Tripathi,Female,53,Single,Operations,Operations Executive,Full-Time,Hybrid,MBA,28,2019-09-26,638576,23.67,4,64,11,23,4,2.3,Ranbir Issac,Hyderabad,Maharashtra,India,Resigned,2023,1,153,88.58
EMP01691,Kabir,Jhaveri,Male,46,Single,Operations,Operations Executive,Contract,Hybrid,Master's,24,2015-11-26,587403,18.73,3,22,6,24,18,3.7,Biju Dass,Pune,Tamil Nadu,India,Resigned,2025,1,168,95.33
EMP01692,Yashvi,Swaminathan,Female,23,Married,Operations,Operations Manager,Full-Time,Hybrid,Bachelor's,0,2020-03-15,1266746,16.48,2,42,9,2,6,4.6,Yakshit Verma,Bangalore,Telangana,India,Resigned,2020,5,160,78.77
EMP01693,Piya,Gade,Female,50,Married,Customer Support,Team Lead,Contract,Remote,Diploma,28,2017-04-11,643754,20.51,3,7,10,0,11,3.1,Hiran Sankaran,Mumbai,Tamil Nadu,India,Active,2018,4,211,95.51
EMP01694,Abram,Bhargava,Male,29,Single,IT,Data Engineer,Full-Time,Onsite,Diploma,8,2020-10-15,1047449,16.25,5,23,13,2,8,4.6,Neelofar Sharma,Guwahati,Maharashtra,India,Resigned,2025,1,148,82.9
EMP01695,Siya,Rajan,Male,33,Single,Finance,Finance Manager,Contract,Onsite,Bachelor's,8,2018-05-14,1032468,23.88,1,80,8,16,4,2.2,Divit Khatri,Chennai,Delhi,India,Active,2025,1,178,95.57
EMP01696,Prisha,Buch,Female,24,Married,Customer Support,Customer Support Executive,Contract,Remote,Master's,0,2024-11-18,540651,8.8,4,43,9,31,8,4.4,Raunak Vig,Pune,Karnataka,India,Active,2023,1,178,85.19
EMP01697,Anvi,Ramanathan,Male,53,Single,Marketing,Marketing Analyst,Contract,Hybrid,Bachelor's,28,2025-06-13,628314,14.13,3,19,11,10,25,2.5,Aradhya Kakar,Delhi,Maharashtra,India,Resigned,2020,4,233,79.53
EMP01698,Shamik,Handa,Female,52,Married,Marketing,Marketing Manager,Full-Time,Onsite,Diploma,27,2018-01-16,1744404,19.9,3,60,11,19,0,4.1,Anika Solanki,Guwahati,Delhi,India,Resigned,2025,2,202,91.87
EMP01699,Dharmajan,Biswas,Male,57,Single,Human Resources,Talent Acquisition Specialist,Full-Time,Hybrid,Bachelor's,34,2024-08-29,419441,14.27,4,14,5,30,6,3.7,Yuvaan Deshmukh,Delhi,Assam,India,Active,2024,4,179,89.94
EMP01700,Pranay,Contractor,Female,25,Married,Customer Support,Customer Support Executive,Full-Time,Remote,MBA,4,2020-07-18,405880,22.01,2,61,14,8,4,4.7,Shray Raman,Hyderabad,Assam,India,Active,2022,1,174,80.55
EMP01701,Jivin,Sen,Female,45,Married,Sales,Business Development Associate,Part-Time,Hybrid,Diploma,20,2023-01-03,776684,12.12,4,66,10,22,20,2.8,Yashvi Chopra,Pune,West Bengal,India,Resigned,2024,4,172,99.11
EMP01702,Indrajit,Buch,Female,41,Married,Operations,Operations Executive,Full-Time,Remote,Bachelor's,20,2017-06-19,739496,10.68,4,22,5,18,23,3.5,Lavanya Vaidya,Hyderabad,Tamil Nadu,India,Active,2018,3,204,77.51
EMP01703,Aarav,Buch,Male,45,Married,IT,Software Engineer,Part-Time,Remote,MBA,24,2019-09-27,1128878,6.18,4,16,4,29,17,4.8,Farhan Bhatti,Kolkata,Karnataka,India,Resigned,2023,1,166,97.77
EMP01704,Rhea,Vyas,Female,41,Single,Sales,Sales Executive,Part-Time,Hybrid,MBA,20,2016-05-30,888186,11.45,3,39,13,23,18,4.4,Navya Thakkar,Pune,Assam,India,Active,2019,5,151,77.73
EMP01705,Hridaan,Ravel,Male,30,Single,Marketing,Marketing Analyst,Part-Time,Hybrid,Diploma,9,2017-04-18,504736,24.01,3,74,2,26,10,3.1,Navya Keer,Delhi,West Bengal,India,Active,2025,1,162,78.05
EMP01706,Vanya,Bhatnagar,Female,38,Single,Finance,Finance Manager,Contract,Remote,Master's,14,2024-05-03,1557526,23.44,4,53,5,19,6,4.4,Anya Chaudhuri,Bangalore,Maharashtra,India,Resigned,2021,5,175,98.86
EMP01707,Raghav,Warrior,Male,46,Single,Sales,Sales Executive,Part-Time,Remote,Master's,25,2023-07-23,437489,24.21,3,71,1,27,1,2.7,Saanvi Edwin,Pune,Tamil Nadu,India,Resigned,2019,4,184,77.78
EMP01708,Hridaan,Hari,Female,50,Single,Human Resources,Talent Acquisition Specialist,Full-Time,Onsite,Bachelor's,29,2015-01-14,592686,14.62,1,48,10,33,15,2.4,Anaya Doshi,Chennai,Telangana,India,Resigned,2024,2,189,85.65
EMP01709,Devansh,Seshadri,Female,35,Single,Marketing,Marketing Analyst,Part-Time,Remote,Master's,10,2016-02-05,640588,23.22,3,34,12,38,25,3.6,Vivaan Kibe,Delhi,Assam,India,Resigned,2024,3,235,90.62
EMP01710,Nakul,Hari,Male,40,Married,Customer Support,Team Lead,Full-Time,Hybrid,MBA,18,2015-02-26,773950,9.31,3,41,13,39,18,3.8,Shaan Sani,Kolkata,Telangana,India,Resigned,2018,4,229,78.62
EMP01711,Miraya,Kaul,Female,31,Married,Marketing,Marketing Analyst,Contract,Remote,Diploma,7,2021-02-01,766114,16.95,4,74,2,12,21,3.8,Ira Kulkarni,Chennai,Tamil Nadu,India,Active,2020,5,222,85.31
EMP01712,Divit,Bhattacharyya,Male,30,Single,Sales,Sales Manager,Part-Time,Hybrid,Bachelor's,7,2020-10-29,1055113,16.13,4,41,2,37,3,4.9,Gokul Khalsa,Delhi,Telangana,India,Resigned,2019,4,223,78.58
EMP01713,Zain,Gaba,Female,55,Married,IT,Software Engineer,Contract,Onsite,Master's,31,2022-08-28,1068588,12.83,5,44,8,40,21,2.4,Trisha Bajaj,Kolkata,Assam,India,Resigned,2018,3,198,76.06
EMP01714,Kanav,Khanna,Male,51,Married,Finance,Financial Analyst,Part-Time,Remote,MBA,25,2024-09-06,671005,5.63,4,60,10,21,2,3.1,Parinaaz Hayre,Guwahati,Delhi,India,Active,2023,5,148,94.75
EMP01715,Lagan,Tella,Female,44,Single,IT,Data Engineer,Contract,Remote,Master's,18,2023-09-12,1644770,17.01,1,42,14,8,5,4.0,Nakul Sodhi,Pune,West Bengal,India,Active,2021,3,226,96.63
EMP01716,Zara,Srinivasan,Female,49,Married,Finance,Accountant,Part-Time,Onsite,Diploma,23,2015-04-28,351848,9.1,2,49,3,25,13,2.8,Kiara Bhalla,Guwahati,Maharashtra,India,Active,2018,2,192,84.83
EMP01717,Akarsh,Kumar,Female,25,Married,Customer Support,Team Lead,Contract,Remote,Diploma,0,2022-06-28,713154,8.14,3,70,3,34,10,2.8,Shaan Chakrabarti,Pune,Maharashtra,India,Active,2021,3,151,75.0
EMP01718,Zara,Gole,Female,57,Single,Sales,Business Development Associate,Contract,Remote,MBA,36,2025-07-26,395305,9.57,5,38,5,3,13,2.9,Tejas Saxena,Pune,Maharashtra,India,Active,2023,3,220,83.36
EMP01719,Lakshay,Sachar,Male,23,Single,Customer Support,Team Lead,Full-Time,Hybrid,MBA,0,2022-01-22,539093,20.84,4,20,6,40,19,2.2,Saanvi Bhattacharyya,Pune,Maharashtra,India,Resigned,2019,2,202,96.45
EMP01720,Anay,Madan,Male,51,Married,Customer Support,Team Lead,Contract,Hybrid,Bachelor's,25,2019-04-19,546194,14.09,4,7,9,14,5,2.1,Neysa Koshy,Kolkata,Tamil Nadu,India,Active,2023,2,152,86.36
EMP01721,Dhanush,Kannan,Male,40,Married,Operations,Operations Executive,Full-Time,Onsite,Master's,14,2024-09-09,567478,21.99,4,46,9,24,11,4.2,Khushi Devan,Pune,Assam,India,Resigned,2024,1,231,98.15
EMP01722,Himmat,Seshadri,Male,47,Single,IT,Data Engineer,Part-Time,Onsite,MBA,22,2018-08-24,1799579,11.58,5,37,5,38,23,4.6,Mahika Ratta,Chennai,Karnataka,India,Active,2020,2,147,87.01
EMP01723,Sara,Balan,Male,41,Married,Marketing,Marketing Analyst,Contract,Remote,Bachelor's,20,2024-11-07,406864,7.22,5,74,15,4,25,2.9,Jiya Sani,Mumbai,Tamil Nadu,India,Resigned,2022,3,172,82.9
EMP01724,Ojas,Chaudry,Male,44,Single,Finance,Finance Manager,Full-Time,Remote,Diploma,20,2016-07-03,1490184,17.84,3,43,6,4,13,2.9,Arnav Balay,Delhi,Karnataka,India,Active,2025,4,161,79.0
EMP01725,Vidur,Dugar,Male,49,Single,IT,Data Engineer,Full-Time,Remote,MBA,27,2018-08-28,1321149,18.81,5,62,8,2,7,2.6,Ojas Randhawa,Guwahati,Telangana,India,Resigned,2021,2,182,98.48
EMP01726,Tiya,Sur,Female,44,Single,Sales,Sales Executive,Part-Time,Onsite,MBA,20,2022-10-16,320975,22.84,2,11,9,6,16,3.6,Kiaan Gala,Guwahati,Assam,India,Active,2022,2,187,80.58
EMP01727,Kabir,Dugal,Male,48,Married,Marketing,SEO Specialist,Contract,Hybrid,Master's,26,2019-07-23,604727,17.06,3,19,1,13,17,4.0,Shray Bala,Pune,Tamil Nadu,India,Active,2025,2,173,79.23
EMP01728,Taran,Hayre,Male,38,Married,IT,Data Analyst,Part-Time,Remote,Bachelor's,16,2022-05-01,1192965,14.57,4,34,2,15,4,3.0,Gatik Venkatesh,Kolkata,Karnataka,India,Resigned,2024,3,184,93.7
EMP01729,Arnav,Soni,Male,32,Single,Sales,Sales Manager,Full-Time,Onsite,Bachelor's,9,2019-08-26,1252415,13.51,3,61,1,28,18,4.6,Ranbir Krishnan,Pune,Maharashtra,India,Resigned,2018,5,238,83.15
EMP01730,Aarav,Chakraborty,Female,30,Married,IT,Data Analyst,Part-Time,Hybrid,Master's,8,2023-06-10,960259,10.58,5,23,8,35,22,2.9,Rhea Cherian,Pune,Maharashtra,India,Active,2023,1,145,88.23
EMP01731,Vivaan,Mand,Female,39,Single,Customer Support,Team Lead,Contract,Onsite,Diploma,18,2023-07-06,574324,7.81,4,65,2,5,15,2.1,Manjari Bains,Delhi,Assam,India,Resigned,2022,5,223,96.91
EMP01732,Advika,Halder,Male,37,Single,Sales,Sales Manager,Part-Time,Onsite,Bachelor's,11,2015-11-17,1237867,23.71,4,36,2,25,18,3.5,Bhavin Sahota,Pune,Delhi,India,Resigned,2018,3,194,84.45
EMP01733,Eva,Cheema,Male,49,Married,Human Resources,HR Executive,Contract,Hybrid,Bachelor's,24,2015-05-24,384121,24.21,1,14,6,7,9,4.4,Hrishita Bhargava,Chennai,Assam,India,Active,2024,1,162,83.48
EMP01734,Aaryahi,Gulati,Male,46,Married,Sales,Sales Executive,Contract,Onsite,MBA,24,2023-07-02,366454,23.94,4,9,1,13,0,2.7,Raunak Vora,Guwahati,Karnataka,India,Resigned,2022,1,142,88.75
EMP01735,Yashvi,Garde,Male,30,Married,Customer Support,Team Lead,Part-Time,Hybrid,MBA,4,2019-02-24,990003,21.18,3,24,12,32,8,2.5,Abram Khurana,Hyderabad,Assam,India,Active,2022,1,170,93.81
EMP01736,Baiju,Dua,Male,44,Single,Operations,Operations Executive,Contract,Remote,Master's,18,2016-08-28,414931,19.83,4,65,14,13,22,3.1,Ryan Chad,Bangalore,Telangana,India,Active,2019,1,149,77.6
EMP01737,Faiyaz,Dora,Male,58,Single,IT,Data Analyst,Contract,Onsite,Diploma,36,2025-08-04,1130279,18.14,3,7,13,38,17,4.0,Jayesh Gara,Delhi,Tamil Nadu,India,Active,2022,2,166,94.11
EMP01738,Kartik,Dara,Male,56,Single,Operations,Operations Manager,Contract,Hybrid,Diploma,33,2017-01-04,1227667,10.44,3,38,5,3,5,2.8,Lakshay Karpe,Bangalore,Telangana,India,Resigned,2018,2,213,76.01
EMP01739,Eshani,Saraf,Male,31,Married,Marketing,SEO Specialist,Full-Time,Remote,MBA,5,2017-11-13,552829,15.78,4,58,13,25,11,2.8,Yakshit Hegde,Hyderabad,Karnataka,India,Resigned,2021,4,198,89.17
EMP01740,Sumer,Deo,Female,33,Single,Customer Support,Customer Support Executive,Contract,Onsite,MBA,7,2022-04-24,295548,14.41,3,71,7,19,21,2.1,Saksham Wable,Mumbai,West Bengal,India,Active,2019,3,141,98.47
EMP01741,Shamik,Raman,Female,43,Single,Finance,Finance Manager,Contract,Remote,Diploma,17,2017-05-26,1250999,10.68,5,73,13,34,16,3.3,Mamooty Iyengar,Hyderabad,West Bengal,India,Resigned,2020,4,223,80.34
EMP01742,Ranbir,Sarraf,Female,22,Married,Marketing,Marketing Manager,Part-Time,Remote,Bachelor's,1,2022-10-30,1633865,18.9,4,63,10,19,0,4.0,Zara De,Kolkata,Delhi,India,Active,2022,2,235,77.23
EMP01743,Navya,Bumb,Male,30,Single,Customer Support,Team Lead,Full-Time,Hybrid,MBA,8,2023-02-18,564145,14.39,3,31,14,33,10,3.5,Pranay Sundaram,Chennai,West Bengal,India,Active,2018,3,177,78.36
EMP01744,Eshani,Jhaveri,Male,55,Married,Operations,Operations Executive,Full-Time,Onsite,MBA,29,2016-01-05,646340,24.09,2,69,15,6,17,4.4,Zara Rastogi,Delhi,Assam,India,Active,2019,5,174,88.14
EMP01745,Jayesh,Brar,Female,48,Single,Operations,Operations Executive,Part-Time,Hybrid,Diploma,25,2020-03-27,747960,16.91,3,19,5,14,14,2.6,Elakshi Hora,Mumbai,West Bengal,India,Active,2020,2,164,85.6
EMP01746,Anahi,Lad,Female,31,Single,IT,Data Analyst,Full-Time,Remote,MBA,7,2022-09-01,974044,16.27,3,32,15,34,17,4.6,Arhaan Chokshi,Mumbai,West Bengal,India,Active,2020,5,198,86.29
EMP01747,Samiha,Manne,Female,38,Married,Customer Support,Team Lead,Contract,Remote,Master's,12,2025-07-27,713596,14.87,3,58,10,4,21,3.6,Ritvik Dave,Kolkata,West Bengal,India,Active,2025,5,206,89.93
EMP01748,Lakshay,Anne,Female,56,Married,Operations,Operations Manager,Part-Time,Hybrid,MBA,33,2023-04-03,1331733,13.22,2,53,11,21,25,4.7,Vanya Madan,Bangalore,Delhi,India,Resigned,2018,3,179,91.22
EMP01749,Drishya,De,Male,55,Single,Marketing,Marketing Manager,Full-Time,Onsite,Diploma,33,2020-11-09,907737,22.32,5,41,5,28,3,2.5,Vritika Sehgal,Chennai,Tamil Nadu,India,Active,2022,1,240,93.46
EMP01750,Stuvan,Sekhon,Male,48,Single,IT,IT Support,Full-Time,Hybrid,Diploma,27,2021-10-21,371901,18.04,1,54,15,34,20,2.7,Ryan Bumb,Delhi,Delhi,India,Active,2025,5,142,76.49
EMP01751,Oorja,Date,Male,48,Single,IT,Data Engineer,Contract,Hybrid,Bachelor's,27,2015-02-12,1267551,5.0,3,80,15,8,25,3.1,Ehsaan Soman,Guwahati,Maharashtra,India,Resigned,2019,5,164,85.19
EMP01752,Riya,Kapoor,Male,28,Married,Human Resources,HR Manager,Contract,Remote,MBA,3,2018-01-27,814392,24.62,4,32,13,10,23,3.5,Saksham Bhatia,Hyderabad,Maharashtra,India,Active,2020,1,231,81.72
EMP01753,Saira,Andra,Female,27,Single,Customer Support,Customer Support Executive,Contract,Onsite,MBA,1,2019-05-27,343899,18.75,3,36,13,34,2,2.4,Purab Apte,Guwahati,Tamil Nadu,India,Active,2025,4,170,75.54
EMP01754,Mishti,Seshadri,Male,28,Single,Human Resources,Talent Acquisition Specialist,Contract,Remote,Diploma,2,2024-02-21,544891,8.81,4,8,3,22,12,4.3,Stuvan Dey,Bangalore,Telangana,India,Active,2025,2,187,99.65
EMP01755,Kavya,Sarna,Male,42,Married,Operations,Operations Executive,Contract,Onsite,Diploma,20,2015-07-30,719679,21.12,2,30,8,22,18,3.4,Gatik Kaul,Kolkata,Maharashtra,India,Resigned,2024,5,205,86.82
EMP01756,Nirvaan,Joshi,Female,29,Married,IT,IT Support,Contract,Remote,Bachelor's,7,2024-04-12,504562,13.15,3,21,13,6,10,2.9,Kartik Raj,Bangalore,Telangana,India,Resigned,2019,3,200,99.4
EMP01757,Shlok,Badal,Female,49,Single,Sales,Business Development Associate,Full-Time,Remote,Bachelor's,24,2023-04-29,559826,24.63,4,58,10,13,0,2.5,Kiara Chaudhry,Mumbai,Tamil Nadu,India,Resigned,2020,1,222,84.08
EMP01758,Mahika,Bhasin,Female,55,Single,Sales,Sales Manager,Contract,Remote,MBA,29,2021-11-21,1551110,10.6,5,42,5,22,1,3.1,Vivaan Varkey,Delhi,Delhi,India,Active,2019,1,197,97.22
EMP01759,Arnav,Dutta,Female,40,Married,IT,Data Engineer,Full-Time,Hybrid,Master's,16,2025-06-02,1760532,15.93,5,43,10,21,0,4.5,Lavanya Bala,Delhi,Maharashtra,India,Resigned,2020,3,153,79.1
EMP01760,Diya,Thakur,Female,40,Married,Human Resources,Talent Acquisition Specialist,Part-Time,Remote,Diploma,19,2021-08-18,528257,18.33,5,10,10,12,10,3.9,Anya Som,Hyderabad,Telangana,India,Resigned,2022,1,173,98.29
EMP01761,Abram,Kala,Female,43,Single,Operations,Operations Manager,Part-Time,Remote,Master's,19,2017-05-12,1659018,12.66,4,64,7,26,21,3.0,Baiju Hayre,Pune,Maharashtra,India,Resigned,2019,1,147,85.56
EMP01762,Zara,Dubey,Female,58,Married,Customer Support,Team Lead,Full-Time,Hybrid,Master's,34,2020-02-26,717874,9.47,4,41,8,33,6,2.7,Abram Bhavsar,Mumbai,Maharashtra,India,Active,2025,5,194,86.95
EMP01763,Pranay,Datta,Female,35,Married,Customer Support,Customer Support Executive,Full-Time,Onsite,MBA,10,2019-02-15,279035,22.12,3,43,14,6,16,4.7,Adah Banik,Chennai,West Bengal,India,Active,2021,4,165,91.53
EMP01764,Prisha,Tata,Male,49,Married,Sales,Sales Executive,Part-Time,Onsite,Diploma,23,2021-01-10,448613,13.24,4,25,8,31,5,4.8,Madhup Anand,Guwahati,Telangana,India,Resigned,2024,3,228,95.04
EMP01765,Advik,Sangha,Male,48,Married,Marketing,Marketing Manager,Contract,Onsite,Bachelor's,24,2016-04-29,1639801,5.52,4,28,5,29,13,3.8,Urvi Lad,Hyderabad,Telangana,India,Resigned,2019,5,171,80.09
EMP01766,Shray,Dewan,Female,22,Single,Operations,Operations Executive,Part-Time,Onsite,MBA,0,2020-07-04,629337,13.33,4,12,9,34,6,3.7,Kiara Ben,Delhi,Maharashtra,India,Active,2018,5,215,86.02
EMP01767,Emir,Bhavsar,Female,35,Single,Sales,Business Development Associate,Contract,Remote,MBA,13,2019-04-26,401206,20.7,3,49,6,25,6,4.4,Samar Seshadri,Mumbai,Karnataka,India,Resigned,2022,5,206,92.73
EMP01768,Anya,Contractor,Male,38,Married,Marketing,SEO Specialist,Contract,Hybrid,Master's,12,2020-12-10,632309,18.04,3,74,5,16,21,4.9,Priyansh Dugal,Hyderabad,Delhi,India,Resigned,2019,3,229,83.81
EMP01769,Vanya,Apte,Male,55,Single,Operations,Operations Manager,Contract,Hybrid,Diploma,33,2022-03-06,1671111,16.02,2,63,15,27,7,2.7,Emir Joshi,Hyderabad,West Bengal,India,Active,2018,1,182,91.92
EMP01770,Tanya,Sengupta,Female,35,Single,Customer Support,Customer Support Executive,Part-Time,Onsite,Master's,13,2018-01-12,340714,15.62,2,13,10,31,9,3.4,Uthkarsh Dada,Bangalore,Assam,India,Resigned,2018,2,172,84.25
EMP01771,Charvi,Dyal,Female,36,Single,Sales,Business Development Associate,Part-Time,Onsite,Bachelor's,13,2018-09-02,365574,23.8,4,40,10,20,25,3.1,Purab Gopal,Pune,Delhi,India,Active,2024,1,192,91.97
EMP01772,Aarav,Mannan,Female,27,Single,Human Resources,HR Executive,Full-Time,Hybrid,Master's,5,2023-06-01,477180,15.15,3,8,1,26,19,3.8,Gokul Ranganathan,Mumbai,Karnataka,India,Active,2022,5,182,95.34
EMP01773,Oorja,Bora,Female,49,Single,Human Resources,Talent Acquisition Specialist,Contract,Remote,Bachelor's,25,2015-11-11,692710,24.85,5,66,15,24,12,4.2,Ahana  Sampath,Kolkata,West Bengal,India,Active,2021,5,197,94.88
EMP01774,Aayush,Kamdar,Female,39,Single,Sales,Sales Manager,Full-Time,Remote,MBA,13,2024-07-09,1150382,9.67,4,66,11,15,11,3.6,Onkar Varma,Hyderabad,Assam,India,Resigned,2025,5,223,93.2
EMP01775,Pari,Chad,Female,29,Single,Operations,Operations Executive,Part-Time,Remote,Master's,8,2015-01-28,639648,17.05,5,6,13,28,24,3.2,Fateh Majumdar,Hyderabad,Karnataka,India,Resigned,2021,2,240,94.1
EMP01776,Urvi,Banik,Male,45,Married,Operations,Operations Executive,Contract,Remote,Diploma,22,2025-04-05,382412,10.18,3,28,3,8,18,3.7,Samaira Khalsa,Delhi,Telangana,India,Active,2019,1,184,88.03
EMP01777,Miraan,Majumdar,Female,55,Married,Marketing,SEO Specialist,Full-Time,Remote,Diploma,32,2023-08-05,551416,23.09,4,8,11,19,24,4.5,Rati Ahuja,Pune,Delhi,India,Active,2020,3,236,93.36
EMP01778,Yasmin,Varghese,Female,48,Married,Operations,Operations Manager,Contract,Onsite,Bachelor's,24,2021-02-01,1469388,15.9,3,40,2,35,13,3.0,Samarth Sastry,Pune,Tamil Nadu,India,Active,2020,4,234,85.47
EMP01779,Suhana,Balakrishnan,Male,25,Single,Finance,Finance Manager,Part-Time,Remote,MBA,2,2021-08-07,928976,16.47,3,67,5,11,4,4.8,Divyansh Chandran,Guwahati,Maharashtra,India,Resigned,2019,1,174,91.74
EMP01780,Farhan,Ravel,Female,29,Single,Marketing,SEO Specialist,Full-Time,Hybrid,Bachelor's,3,2020-03-22,560530,18.36,4,40,3,4,18,4.7,Pranay Dutta,Kolkata,Karnataka,India,Resigned,2022,2,187,91.14
EMP01781,Lavanya,Batta,Male,42,Single,Human Resources,Talent Acquisition Specialist,Contract,Hybrid,Bachelor's,19,2023-11-27,483440,24.7,4,44,9,26,13,5.0,Amani Borra,Kolkata,Telangana,India,Active,2025,2,164,95.07
EMP01782,Tushar,Yogi,Female,25,Married,Marketing,Marketing Manager,Contract,Onsite,Master's,1,2018-05-26,925057,16.27,5,69,8,5,10,3.3,Miraan Srinivas,Bangalore,Maharashtra,India,Resigned,2020,5,197,75.68
EMP01783,Lagan,Kala,Female,46,Married,Human Resources,Talent Acquisition Specialist,Full-Time,Remote,Diploma,22,2015-07-15,623712,24.42,3,51,15,27,13,3.3,Purab Goda,Delhi,Assam,India,Active,2023,3,201,94.42
EMP01784,Vaibhav,Agarwal,Female,54,Married,Sales,Sales Executive,Contract,Remote,MBA,33,2025-03-10,567288,16.0,3,74,12,4,22,4.4,Ryan Iyengar,Pune,Delhi,India,Active,2021,4,206,81.68
EMP01785,Divij,Bawa,Male,58,Single,IT,IT Support,Part-Time,Remote,Diploma,37,2015-10-05,336686,24.88,3,80,9,21,13,4.6,Darshit Srivastava,Chennai,West Bengal,India,Active,2019,1,158,94.76
EMP01786,Yashvi,Krish,Male,33,Married,Marketing,Marketing Manager,Part-Time,Onsite,Master's,8,2018-04-16,1658845,22.89,5,25,12,26,22,3.2,Aradhya Raj,Mumbai,Maharashtra,India,Active,2022,2,153,81.29
EMP01787,Anahita,Ravel,Male,36,Married,IT,IT Support,Full-Time,Hybrid,MBA,11,2019-11-26,504800,13.93,3,49,2,23,18,4.8,Nehmat Saha,Bangalore,Karnataka,India,Resigned,2019,5,206,87.46
EMP01788,Kimaya,Dar,Female,35,Single,Human Resources,Talent Acquisition Specialist,Part-Time,Onsite,MBA,12,2017-06-06,657728,14.73,3,45,1,33,15,3.1,Veer Baral,Bangalore,Karnataka,India,Active,2021,4,219,76.01
EMP01789,Eshani,Sridhar,Female,32,Married,Marketing,Marketing Analyst,Contract,Hybrid,Master's,9,2023-12-07,646273,14.92,3,45,1,24,0,3.1,Shamik Master,Guwahati,Delhi,India,Resigned,2021,2,190,96.22
EMP01790,Dishani,Dara,Female,50,Single,Operations,Operations Manager,Part-Time,Onsite,Bachelor's,27,2017-04-03,1740230,7.69,4,23,1,10,1,3.5,Ela Bains,Mumbai,Tamil Nadu,India,Resigned,2021,5,240,92.66
EMP01791,Indrajit,Walla,Male,49,Single,Marketing,Marketing Analyst,Contract,Remote,MBA,23,2025-07-12,662016,18.34,4,78,6,4,0,4.3,Tanya Khanna,Chennai,Maharashtra,India,Resigned,2018,3,240,77.59
EMP01792,Darshit,Vora,Male,22,Married,IT,Data Engineer,Part-Time,Onsite,MBA,0,2021-10-14,1659156,5.12,3,24,6,39,20,3.8,Kartik Dua,Chennai,West Bengal,India,Resigned,2023,2,149,94.59
EMP01793,Purab,Jaggi,Female,40,Married,Operations,Operations Executive,Part-Time,Remote,Diploma,15,2019-01-24,660962,21.46,4,22,7,35,17,3.9,Anay Kashyap,Kolkata,Maharashtra,India,Resigned,2023,3,200,95.72
EMP01794,Inaaya ,Balan,Female,46,Single,Marketing,Marketing Manager,Contract,Onsite,MBA,24,2016-01-21,1114260,19.27,4,69,3,27,15,4.2,Tanya Datta,Mumbai,Delhi,India,Active,2024,2,232,93.77
EMP01795,Jivin,Ahluwalia,Female,49,Single,Operations,Operations Executive,Part-Time,Remote,Diploma,26,2016-12-24,515368,15.62,5,28,10,29,5,2.4,Rohan Bhandari,Mumbai,Karnataka,India,Active,2020,3,157,85.64
EMP01796,Himmat,Sabharwal,Male,27,Single,Human Resources,HR Executive,Full-Time,Remote,Bachelor's,4,2022-02-14,632823,13.86,4,58,13,12,23,3.9,Dhanush Lal,Hyderabad,Delhi,India,Active,2023,1,144,89.73
EMP01797,Divyansh,Dada,Female,51,Single,IT,Data Analyst,Contract,Remote,Diploma,27,2015-10-01,838517,14.35,5,69,2,3,2,2.1,Raunak Dasgupta,Mumbai,Tamil Nadu,India,Resigned,2021,5,141,85.97
EMP01798,Amani,Bhavsar,Male,37,Married,IT,Data Analyst,Contract,Remote,Master's,12,2018-03-10,1064212,14.35,3,42,9,36,11,4.6,Bhamini Jhaveri,Pune,Telangana,India,Active,2022,4,218,99.51
EMP01799,Yakshit,Bava,Female,33,Single,Operations,Operations Executive,Full-Time,Onsite,MBA,8,2018-12-20,536672,12.0,1,52,14,24,8,3.4,Jhanvi Bobal,Guwahati,Maharashtra,India,Resigned,2025,3,200,85.66
EMP01800,Anvi,Gera,Male,51,Single,Marketing,Marketing Analyst,Contract,Hybrid,Diploma,26,2025-03-19,799146,22.8,4,64,6,32,2,4.8,Shamik Kar,Pune,Tamil Nadu,India,Active,2018,5,180,81.13
EMP01801,Purab,Deshpande,Male,42,Single,Operations,Operations Manager,Contract,Remote,Master's,21,2018-09-02,1431423,10.59,3,49,13,11,13,4.1,Shamik Thaker,Chennai,Maharashtra,India,Resigned,2023,2,213,93.52
EMP01802,Prerak,Ramaswamy,Male,51,Single,Customer Support,Customer Support Executive,Full-Time,Onsite,Bachelor's,25,2020-03-07,508246,23.45,3,64,9,4,25,3.4,Nirvi Randhawa,Guwahati,Delhi,India,Resigned,2022,1,146,90.15
EMP01803,Kavya,Devan,Female,33,Married,Human Resources,HR Manager,Full-Time,Hybrid,Bachelor's,11,2025-08-03,727211,10.26,4,63,13,32,16,2.3,Shray Sane,Mumbai,Delhi,India,Resigned,2019,4,226,94.41
EMP01804,Shlok,Roy,Female,30,Married,Human Resources,HR Manager,Full-Time,Remote,Master's,5,2020-01-09,1222595,6.65,3,38,5,33,13,4.3,Pihu Sama,Chennai,Telangana,India,Resigned,2025,1,184,97.82
EMP01805,Dharmajan,Kulkarni,Female,52,Married,Sales,Sales Executive,Contract,Hybrid,MBA,31,2017-06-12,569118,19.25,3,27,3,20,25,3.5,Kanav Sodhi,Guwahati,Maharashtra,India,Resigned,2025,2,187,75.39
EMP01806,Damini,Swaminathan,Male,51,Single,Human Resources,HR Manager,Contract,Onsite,Master's,27,2024-07-11,1144401,18.85,5,47,2,32,6,3.2,Kiara Sarraf,Delhi,West Bengal,India,Resigned,2023,5,204,77.14
EMP01807,Lagan,Saha,Male,51,Single,Customer Support,Customer Support Executive,Part-Time,Onsite,MBA,28,2024-01-04,352614,11.14,4,58,3,30,17,2.8,Yasmin Mander,Bangalore,Tamil Nadu,India,Resigned,2023,5,216,99.0
EMP01808,Gokul,Behl,Female,50,Married,Human Resources,Talent Acquisition Specialist,Part-Time,Remote,Diploma,25,2020-02-14,564526,5.07,5,31,8,3,0,2.4,Riya Varghese,Pune,Assam,India,Active,2025,2,157,81.55
EMP01809,Alia,Seth,Female,36,Single,Marketing,SEO Specialist,Full-Time,Hybrid,Bachelor's,12,2016-01-05,403403,18.84,2,22,8,20,24,3.2,Kartik Gill,Chennai,West Bengal,India,Resigned,2024,3,193,84.15
EMP01810,Advik,Sehgal,Female,33,Married,Sales,Sales Executive,Contract,Onsite,Master's,10,2018-03-07,773154,7.42,5,14,11,28,13,2.7,Lagan Tak,Delhi,Telangana,India,Active,2021,5,188,88.14
EMP01811,Jivin,Khalsa,Female,25,Single,Finance,Finance Manager,Part-Time,Onsite,Master's,0,2024-10-08,1354055,13.53,5,41,13,26,16,3.4,Kismat Gill,Chennai,West Bengal,India,Active,2020,3,182,86.29
EMP01812,Saanvi,Madan,Female,45,Married,IT,Data Engineer,Full-Time,Onsite,Master's,22,2025-09-05,2433155,16.65,5,80,7,31,2,2.6,Kimaya Khosla,Bangalore,Karnataka,India,Resigned,2018,1,179,79.19
EMP01813,Adah,Sibal,Female,42,Married,Operations,Operations Manager,Full-Time,Remote,Master's,16,2025-11-11,1083074,16.55,4,55,8,40,19,3.7,Reyansh Chhabra,Hyderabad,Tamil Nadu,India,Active,2023,5,207,82.52
EMP01814,Zoya,Bir,Male,41,Single,Human Resources,Talent Acquisition Specialist,Full-Time,Onsite,Diploma,17,2023-07-17,544525,9.91,4,38,4,27,19,4.5,Anika Bath,Guwahati,Delhi,India,Active,2023,1,211,78.19
EMP01815,Aaina,Kashyap,Female,37,Single,Marketing,Marketing Analyst,Part-Time,Remote,Master's,14,2019-06-25,410633,24.14,4,35,5,23,0,4.8,Shlok Banik,Mumbai,Maharashtra,India,Resigned,2021,2,206,87.37
EMP01816,Ahana ,Reddy,Female,37,Married,Finance,Finance Manager,Full-Time,Onsite,Master's,15,2021-01-16,1426611,11.39,3,26,11,34,23,3.4,Samarth Savant,Bangalore,Tamil Nadu,India,Resigned,2022,2,176,95.47
EMP01817,Armaan,Apte,Male,49,Married,Finance,Financial Analyst,Contract,Hybrid,Bachelor's,24,2016-10-06,1025894,21.4,3,50,2,21,12,2.7,Hridaan Bandi,Delhi,Telangana,India,Active,2020,3,233,97.75
EMP01818,Madhup,Garg,Male,29,Single,Operations,Operations Executive,Part-Time,Hybrid,Diploma,4,2018-02-20,748870,15.67,1,8,9,16,19,4.5,Kanav Bhasin,Chennai,Karnataka,India,Resigned,2022,5,179,82.1
EMP01819,Nayantara,Chaudhry,Male,51,Single,Operations,Operations Manager,Full-Time,Hybrid,MBA,26,2016-07-31,1523158,9.31,3,34,9,14,15,2.4,Prisha Suresh,Pune,Karnataka,India,Resigned,2024,5,188,86.12
EMP01820,Amani,Agate,Male,44,Single,Sales,Sales Manager,Contract,Hybrid,Bachelor's,23,2015-05-24,1932266,6.56,4,44,6,7,6,2.7,Siya Dube,Kolkata,Assam,India,Active,2018,2,156,75.8
EMP01821,Saira,Gara,Male,56,Married,Marketing,Marketing Analyst,Part-Time,Hybrid,Bachelor's,32,2025-10-22,730020,16.52,3,74,13,39,13,3.9,Drishya Ranganathan,Hyderabad,Tamil Nadu,India,Active,2019,1,156,90.46
EMP01822,Saksham,Chaudhari,Male,35,Married,IT,Data Engineer,Part-Time,Remote,Master's,9,2021-07-11,1507924,8.43,5,36,12,8,1,3.8,Rohan Karnik,Pune,Assam,India,Active,2019,5,188,84.5
EMP01823,Nitya,Zachariah,Male,43,Married,Operations,Operations Executive,Full-Time,Onsite,Bachelor's,21,2015-10-30,429345,21.54,3,30,5,0,0,3.5,Bhamini Sinha,Chennai,Assam,India,Active,2019,2,228,99.64
EMP01824,Yashvi,Madan,Female,29,Single,IT,IT Support,Contract,Onsite,Master's,3,2017-10-01,442811,19.25,4,7,1,7,13,2.5,Hansh Chada,Bangalore,Assam,India,Active,2018,1,186,93.93
EMP01825,Vidur,Sahni,Male,25,Single,Human Resources,HR Manager,Contract,Onsite,MBA,2,2025-11-27,1239746,7.79,2,44,1,15,3,4.7,Trisha Chadha,Pune,Karnataka,India,Active,2020,4,150,81.46
EMP01826,Saira,Sami,Male,33,Married,Customer Support,Team Lead,Full-Time,Remote,Diploma,7,2023-09-12,769794,6.63,5,41,15,5,15,4.1,Prerak Baral,Guwahati,Telangana,India,Resigned,2021,1,202,80.0
EMP01827,Sara,Lal,Male,42,Single,Finance,Financial Analyst,Contract,Remote,Master's,17,2024-06-05,774038,18.55,4,76,6,9,18,4.6,Charvi Kalla,Hyderabad,Tamil Nadu,India,Resigned,2020,2,175,99.54
EMP01828,Tiya,Hari,Male,36,Married,Finance,Finance Manager,Full-Time,Hybrid,MBA,15,2016-06-21,1216778,9.76,1,56,7,28,14,2.5,Arhaan Garde,Mumbai,Tamil Nadu,India,Resigned,2021,5,208,95.82
EMP01829,Samarth,Thakkar,Female,58,Single,IT,Software Engineer,Full-Time,Hybrid,Diploma,32,2022-10-30,1522945,24.13,3,59,2,40,20,4.4,Advik Brar,Pune,Telangana,India,Resigned,2025,4,194,82.55
EMP01830,Arhaan,Chahal,Male,49,Single,Marketing,Marketing Manager,Full-Time,Remote,Master's,25,2016-10-07,1632207,14.81,3,42,7,20,14,3.2,Aaryahi Kata,Kolkata,Karnataka,India,Active,2019,2,202,78.23
EMP01831,Dishani,Gara,Male,24,Single,Sales,Sales Executive,Full-Time,Hybrid,Master's,0,2024-11-01,466079,9.02,5,23,13,12,1,4.8,Jayan Jha,Guwahati,West Bengal,India,Active,2018,1,156,97.78
EMP01832,Jhanvi,Malhotra,Male,34,Married,Customer Support,Team Lead,Part-Time,Hybrid,Diploma,8,2024-11-19,701440,10.42,3,40,9,4,19,4.9,Samiha Kala,Bangalore,Telangana,India,Active,2024,3,148,84.98
EMP01833,Hansh,Batta,Male,42,Married,Human Resources,HR Executive,Contract,Onsite,Master's,19,2019-07-02,481109,21.11,4,39,10,1,0,3.9,Yashvi Acharya,Pune,Delhi,India,Active,2019,2,164,97.19
EMP01834,Purab,Kuruvilla,Female,34,Married,Customer Support,Team Lead,Full-Time,Hybrid,Bachelor's,9,2025-08-10,624422,10.37,3,60,1,26,17,3.2,Ranbir Sood,Pune,Maharashtra,India,Active,2023,3,215,93.96
EMP01835,Tanya,Zacharia,Female,39,Married,Operations,Operations Executive,Contract,Remote,Bachelor's,14,2021-07-19,429760,13.68,5,18,8,21,10,2.1,Saira Sani,Pune,Delhi,India,Resigned,2018,5,222,77.2
EMP01836,Umang,Varkey,Female,27,Married,Customer Support,Team Lead,Contract,Hybrid,Diploma,6,2024-11-01,593276,23.21,4,70,5,16,8,4.4,Shalv Kakar,Bangalore,Telangana,India,Resigned,2019,3,218,77.73
EMP01837,Lakshay,Banik,Female,23,Single,Marketing,SEO Specialist,Part-Time,Hybrid,Bachelor's,0,2018-05-20,634530,24.83,5,38,3,33,23,3.5,Adah Chaudhary,Pune,Assam,India,Resigned,2018,1,239,91.85
EMP01838,Ryan,Samra,Male,29,Married,Human Resources,HR Executive,Part-Time,Onsite,MBA,5,2024-06-10,648424,6.28,2,60,2,21,12,4.5,Zara Balan,Delhi,West Bengal,India,Active,2018,2,188,97.68
EMP01839,Sumer,Sehgal,Male,31,Single,Customer Support,Team Lead,Contract,Onsite,Master's,5,2017-01-03,511468,23.65,3,48,12,17,8,3.4,Kartik Sharaf,Bangalore,Tamil Nadu,India,Active,2025,1,174,78.11
EMP01840,Himmat,Joshi,Male,33,Married,Finance,Financial Analyst,Full-Time,Remote,Master's,12,2025-11-19,1026542,15.88,1,70,7,37,8,3.0,Akarsh Bains,Bangalore,Delhi,India,Active,2019,1,179,98.37
EMP01841,Jivika,Sagar,Female,27,Married,Customer Support,Customer Support Executive,Full-Time,Onsite,Master's,2,2015-11-21,290978,23.09,1,34,11,1,12,2.8,Alisha Bora,Delhi,Delhi,India,Active,2025,5,205,81.76
EMP01842,Urvi,Tiwari,Male,40,Married,Human Resources,HR Executive,Full-Time,Remote,Bachelor's,18,2019-11-30,649843,12.55,4,30,12,40,19,4.5,Khushi Tiwari,Mumbai,Maharashtra,India,Resigned,2018,4,170,99.07
EMP01843,Myra,Madan,Male,58,Single,IT,Data Analyst,Full-Time,Hybrid,Diploma,35,2024-02-21,1083589,6.65,5,34,6,21,13,2.2,Raunak Anand,Bangalore,Assam,India,Resigned,2025,3,169,91.88
EMP01844,Chirag,Sibal,Female,35,Married,Customer Support,Team Lead,Contract,Remote,Master's,14,2017-11-27,765838,23.1,5,11,10,36,5,2.8,Devansh Shukla,Guwahati,West Bengal,India,Active,2024,4,239,78.12
EMP01845,Khushi,Choudhry,Male,24,Married,IT,Data Engineer,Part-Time,Remote,Diploma,3,2020-03-12,2301839,12.7,1,38,10,30,5,3.5,Shaan Talwar,Kolkata,Telangana,India,Resigned,2020,4,161,83.61
EMP01846,Damini,Tank,Male,34,Single,IT,Data Analyst,Part-Time,Onsite,Bachelor's,13,2019-06-20,1135152,14.09,3,15,2,33,13,4.6,Ishita Bakshi,Delhi,Maharashtra,India,Active,2020,1,227,81.34
EMP01847,Keya,Sama,Male,36,Married,Sales,Business Development Associate,Full-Time,Hybrid,MBA,12,2021-07-05,694667,14.57,1,29,11,12,23,4.3,Ela Dara,Mumbai,Tamil Nadu,India,Active,2023,1,228,88.45
EMP01848,Arhaan,Bera,Female,51,Married,Operations,Operations Executive,Full-Time,Hybrid,MBA,26,2025-07-19,533783,13.89,5,76,7,2,4,2.2,Heer Ratta,Delhi,Delhi,India,Resigned,2023,2,219,77.44
EMP01849,Zaina,Dugal,Male,53,Single,Marketing,SEO Specialist,Part-Time,Remote,Master's,28,2017-04-10,566450,8.77,4,26,6,23,8,4.9,Mannat Srinivas,Delhi,Delhi,India,Active,2022,2,218,86.0
EMP01850,Hansh,Grover,Male,28,Single,Operations,Operations Manager,Part-Time,Onsite,MBA,3,2015-05-29,1263306,21.36,2,27,15,39,20,2.3,Prisha Srinivas,Pune,Telangana,India,Resigned,2018,2,177,90.57
EMP01851,Kanav,Kumar,Male,36,Single,Human Resources,HR Manager,Contract,Onsite,Master's,11,2021-06-24,1456551,14.68,4,67,15,9,3,4.4,Vidur Ramesh,Mumbai,West Bengal,India,Resigned,2024,3,162,88.32
EMP01852,Aarna,Balay,Male,50,Single,Finance,Accountant,Full-Time,Remote,Bachelor's,27,2019-02-07,618918,22.47,4,42,7,17,10,3.1,Kimaya Mammen,Pune,Maharashtra,India,Active,2024,5,163,80.48
EMP01853,Kimaya,Andra,Female,31,Single,Finance,Finance Manager,Contract,Hybrid,Bachelor's,10,2023-02-17,1796394,11.37,4,66,8,6,16,4.1,Ehsaan Sha,Bangalore,West Bengal,India,Resigned,2019,1,185,93.37
EMP01854,Aaina,Bhattacharyya,Male,22,Single,Finance,Accountant,Full-Time,Remote,Bachelor's,0,2018-08-10,573166,14.5,4,79,14,6,20,5.0,Ehsaan Warrior,Pune,Maharashtra,India,Resigned,2025,1,214,85.99
EMP01855,Mehul,Tiwari,Male,55,Single,Marketing,Marketing Manager,Full-Time,Hybrid,Bachelor's,31,2019-12-01,1082165,20.46,2,22,15,13,5,4.4,Arnav Ahluwalia,Mumbai,Tamil Nadu,India,Resigned,2020,4,168,77.73
EMP01856,Anahi,Kothari,Female,38,Married,Marketing,SEO Specialist,Full-Time,Hybrid,Bachelor's,12,2017-04-12,398370,7.13,3,21,1,7,4,2.8,Indranil Gokhale,Guwahati,West Bengal,India,Active,2023,5,222,96.46
EMP01857,Abram,Lad,Male,53,Married,IT,Software Engineer,Full-Time,Remote,Bachelor's,32,2023-07-08,860836,19.48,2,13,3,26,8,3.6,Dhanuk Dhar,Bangalore,West Bengal,India,Resigned,2023,4,224,97.79
EMP01858,Yakshit,Ratti,Female,57,Single,Finance,Finance Manager,Part-Time,Remote,Diploma,31,2021-05-10,1389838,6.45,4,67,6,8,6,4.2,Nehmat Chakraborty,Pune,Delhi,India,Resigned,2024,4,173,87.02
EMP01859,Sumer,Tella,Male,49,Single,Operations,Operations Manager,Full-Time,Onsite,MBA,25,2020-11-07,1535825,20.92,3,50,2,19,10,2.0,Faiyaz Ghose,Delhi,Maharashtra,India,Resigned,2023,5,235,84.11
EMP01860,Emir,Sunder,Male,47,Married,Human Resources,HR Executive,Part-Time,Onsite,MBA,23,2022-03-12,463996,19.34,3,12,15,24,22,3.6,Yakshit Jha,Mumbai,Assam,India,Active,2021,1,200,90.96
EMP01861,Keya,Kumer,Female,43,Single,Human Resources,HR Executive,Part-Time,Hybrid,Diploma,17,2023-05-29,547629,24.44,4,45,5,31,22,2.8,Onkar Gupta,Pune,Telangana,India,Active,2020,1,178,88.87
EMP01862,Baiju,Sarma,Female,41,Married,Human Resources,Talent Acquisition Specialist,Contract,Onsite,Master's,15,2019-06-03,775315,13.4,5,47,11,9,13,2.4,Raunak Sarma,Kolkata,Assam,India,Resigned,2019,4,240,88.58
EMP01863,Tushar,Gour,Female,41,Married,Operations,Operations Executive,Part-Time,Remote,Master's,17,2024-07-10,429706,23.14,4,73,14,37,7,4.1,Dhanuk Rout,Guwahati,West Bengal,India,Resigned,2018,3,174,82.71
EMP01864,Bhavin,Wali,Male,46,Single,Marketing,Marketing Analyst,Contract,Remote,Master's,25,2021-01-15,683033,23.59,3,64,2,40,15,2.2,Lagan Goel,Hyderabad,Assam,India,Resigned,2021,3,167,90.72
EMP01865,Prisha,Datta,Male,32,Single,Operations,Operations Manager,Full-Time,Hybrid,Bachelor's,6,2016-05-03,1374665,8.09,2,20,14,4,2,3.1,Arhaan Seshadri,Delhi,Assam,India,Resigned,2023,3,232,78.78
EMP01866,Pranay,Dar,Male,27,Married,Operations,Operations Manager,Part-Time,Onsite,Diploma,4,2022-07-09,1794826,10.53,3,8,6,39,22,2.3,Lakshit Buch,Kolkata,West Bengal,India,Active,2019,1,156,79.19
EMP01867,Vardaniya,Sule,Male,57,Married,Human Resources,HR Manager,Part-Time,Remote,MBA,36,2017-12-09,1125744,10.68,4,67,14,26,11,4.9,Manikya Dube,Bangalore,Tamil Nadu,India,Active,2019,1,194,76.08
EMP01868,Kashvi,Sheth,Female,37,Single,Customer Support,Team Lead,Full-Time,Onsite,Diploma,12,2016-12-30,859669,14.34,5,58,3,7,25,4.1,Baiju Sandhu,Guwahati,Maharashtra,India,Resigned,2023,3,189,78.46
EMP01869,Lagan,Sahota,Female,40,Single,Operations,Operations Executive,Full-Time,Remote,Diploma,17,2021-06-14,412966,21.8,4,12,10,37,10,4.5,Yasmin Sha,Bangalore,Telangana,India,Resigned,2019,1,169,77.43
EMP01870,Kaira,Shenoy,Male,54,Single,Customer Support,Customer Support Executive,Part-Time,Onsite,Master's,33,2015-04-14,540955,22.94,2,70,5,0,13,3.8,Lakshit Mangat,Pune,West Bengal,India,Active,2020,3,238,99.74
EMP01871,Lavanya,Handa,Male,43,Married,Sales,Sales Manager,Contract,Hybrid,Master's,17,2016-04-17,1720829,17.52,5,34,6,40,1,2.9,Abram Sura,Hyderabad,Maharashtra,India,Resigned,2021,4,211,98.95
EMP01872,Vivaan,Srivastava,Male,33,Single,Finance,Finance Manager,Part-Time,Hybrid,Bachelor's,11,2021-12-28,1510628,20.02,5,42,7,22,1,3.2,Amira Dube,Pune,Karnataka,India,Active,2022,5,158,84.63
EMP01873,Suhana,Samra,Male,31,Single,Customer Support,Customer Support Executive,Full-Time,Hybrid,Master's,8,2020-02-12,311982,7.04,3,66,8,12,13,4.1,Rati Rana,Bangalore,Assam,India,Resigned,2021,4,140,89.44
EMP01874,Armaan,Bala,Male,34,Married,Marketing,Marketing Analyst,Contract,Hybrid,Bachelor's,11,2020-04-09,624603,17.15,4,43,7,30,11,2.8,Dhanuk Chokshi,Bangalore,Delhi,India,Resigned,2024,2,205,94.39
EMP01875,Amira,Seth,Female,34,Married,Human Resources,HR Manager,Contract,Remote,Master's,12,2015-04-27,861859,14.99,3,28,5,6,10,4.7,Ahana  Mandal,Bangalore,Telangana,India,Active,2025,3,175,76.96
EMP01876,Anahi,Devi,Male,55,Single,Human Resources,HR Manager,Contract,Onsite,Master's,29,2022-07-24,871552,19.69,2,39,13,27,13,3.6,Jayant Lanka,Guwahati,Maharashtra,India,Active,2025,2,149,98.77
EMP01877,Lakshit,Sharaf,Female,38,Married,Operations,Operations Executive,Full-Time,Remote,Master's,12,2020-12-23,435645,11.09,3,43,3,11,7,3.3,Yakshit Ahluwalia,Chennai,Tamil Nadu,India,Resigned,2020,2,159,96.21
EMP01878,Yasmin,Talwar,Female,52,Married,Finance,Finance Manager,Part-Time,Onsite,MBA,27,2020-04-21,1695611,24.7,3,34,1,8,12,3.8,Anya Hora,Mumbai,Delhi,India,Resigned,2025,4,227,98.32
EMP01879,Pari,Rao,Male,58,Married,Sales,Business Development Associate,Full-Time,Onsite,Diploma,34,2021-12-01,745006,9.14,2,62,7,6,24,4.0,Rania Tata,Mumbai,Delhi,India,Active,2021,1,158,85.93
EMP01880,Raunak,Bali,Female,54,Married,Customer Support,Customer Support Executive,Contract,Onsite,Bachelor's,30,2022-04-28,269451,11.29,4,53,1,35,1,2.6,Rati Dave,Kolkata,West Bengal,India,Active,2020,2,238,81.02
EMP01881,Jayant,Vala,Male,39,Single,IT,Software Engineer,Part-Time,Hybrid,Master's,15,2019-04-26,731699,13.31,3,16,3,29,6,2.4,Pihu Sarraf,Bangalore,Delhi,India,Active,2018,5,218,91.27
EMP01882,Heer,Devi,Female,30,Married,Marketing,Marketing Analyst,Contract,Hybrid,Diploma,9,2020-01-26,688260,9.1,4,33,6,19,16,2.2,Vritika Shah,Hyderabad,Delhi,India,Resigned,2025,4,196,86.39
EMP01883,Nitara,Chatterjee,Male,52,Single,Human Resources,Talent Acquisition Specialist,Full-Time,Onsite,MBA,28,2017-02-10,696570,24.48,3,48,2,23,1,3.8,Mamooty Sachdev,Guwahati,Maharashtra,India,Active,2022,1,195,78.79
EMP01884,Manjari,Barman,Male,36,Single,Finance,Finance Manager,Full-Time,Remote,Diploma,11,2019-02-18,1464967,16.97,4,74,13,24,16,2.9,Nakul Kannan,Delhi,West Bengal,India,Resigned,2023,2,182,95.87
EMP01885,Alisha,Krishnan,Male,26,Married,Finance,Finance Manager,Contract,Remote,Diploma,4,2025-10-29,929551,9.16,5,36,4,30,1,2.6,Yuvaan Kara,Bangalore,Tamil Nadu,India,Resigned,2024,4,174,80.6
EMP01886,Nehmat,Varkey,Male,40,Married,Operations,Operations Manager,Contract,Onsite,MBA,15,2015-04-03,1254407,6.44,5,13,8,18,22,4.9,Madhup Som,Delhi,Tamil Nadu,India,Active,2022,2,212,85.16
EMP01887,Armaan,Malhotra,Male,38,Single,Finance,Financial Analyst,Contract,Remote,Diploma,15,2020-01-04,907955,19.35,3,46,2,16,19,3.4,Hansh Sengupta,Chennai,Tamil Nadu,India,Active,2022,1,206,98.36
EMP01888,Veer,Kannan,Male,30,Single,Customer Support,Team Lead,Part-Time,Hybrid,MBA,9,2019-09-01,887458,12.34,2,50,5,37,21,4.8,Hiran Upadhyay,Mumbai,Telangana,India,Active,2021,3,218,96.7
EMP01889,Ranbir,Sarna,Female,45,Single,Operations,Operations Executive,Full-Time,Onsite,MBA,19,2025-09-22,678495,17.92,2,40,5,26,25,3.5,Indranil Ghose,Delhi,Assam,India,Active,2021,2,240,95.66
EMP01890,Siya,Dasgupta,Female,34,Married,Operations,Operations Manager,Contract,Remote,Master's,13,2015-04-29,1020041,21.53,3,57,3,18,1,4.8,Abram Thakkar,Kolkata,Delhi,India,Active,2021,3,187,81.41
EMP01891,Dishani,Bakshi,Female,35,Single,Operations,Operations Executive,Part-Time,Remote,Master's,14,2023-07-03,576382,6.28,2,37,3,30,13,2.6,Ryan Varma,Mumbai,West Bengal,India,Active,2019,3,148,99.53
EMP01892,Kiara,Shenoy,Female,40,Single,Operations,Operations Manager,Full-Time,Onsite,Master's,14,2025-09-30,1122186,8.39,3,70,10,29,0,4.2,Jiya Ramesh,Kolkata,Telangana,India,Resigned,2025,4,143,89.94
EMP01893,Chirag,Kuruvilla,Female,41,Single,IT,Data Engineer,Full-Time,Remote,Bachelor's,20,2017-04-14,2322604,13.08,4,36,9,8,8,4.6,Samiha Mannan,Mumbai,Karnataka,India,Active,2019,2,148,91.51
EMP01894,Ishaan,Sodhi,Female,22,Single,Marketing,Marketing Analyst,Part-Time,Hybrid,Diploma,0,2015-07-24,540232,11.24,3,32,13,6,13,2.1,Zain Dhawan,Hyderabad,West Bengal,India,Resigned,2025,1,202,86.06
EMP01895,Kismat,Ramaswamy,Male,40,Married,Sales,Sales Manager,Full-Time,Hybrid,Master's,14,2019-08-07,1116799,6.04,1,30,7,38,19,2.4,Mohanlal Kuruvilla,Bangalore,Maharashtra,India,Resigned,2020,3,142,77.79
EMP01896,Kavya,Wali,Male,50,Single,Sales,Sales Executive,Full-Time,Remote,Diploma,26,2015-10-15,847151,16.38,4,56,15,37,19,4.3,Kiaan Dua,Delhi,Tamil Nadu,India,Resigned,2022,1,198,81.04
EMP01897,Priyansh,Savant,Male,27,Married,Customer Support,Team Lead,Full-Time,Onsite,MBA,5,2017-07-26,927747,12.49,5,41,2,30,1,3.4,Zeeshan Bains,Bangalore,Maharashtra,India,Active,2023,2,193,94.45
EMP01898,Shalv,Sarin,Male,58,Single,Customer Support,Customer Support Executive,Full-Time,Onsite,Diploma,36,2021-03-19,549681,19.5,5,52,2,16,23,4.4,Ivan Kala,Kolkata,West Bengal,India,Resigned,2020,1,192,91.14
EMP01899,Kanav,Dyal,Female,30,Married,Customer Support,Customer Support Executive,Contract,Onsite,Bachelor's,7,2020-07-27,436972,7.22,3,61,13,22,21,4.5,Stuvan Kakar,Mumbai,Maharashtra,India,Resigned,2024,3,227,82.91
EMP01900,Mamooty,Dasgupta,Female,38,Married,Finance,Financial Analyst,Contract,Remote,Master's,16,2023-05-29,791658,18.77,3,26,14,39,20,3.6,Miraya Magar,Mumbai,Maharashtra,India,Resigned,2019,1,190,80.03
EMP01901,Saira,Aurora,Female,29,Single,IT,Data Analyst,Part-Time,Onsite,Bachelor's,6,2022-09-24,1157927,16.35,3,12,9,13,24,4.4,Zara Saraf,Guwahati,Delhi,India,Active,2021,2,181,77.55
EMP01902,Abram,Ramaswamy,Male,48,Married,Sales,Sales Executive,Contract,Remote,MBA,22,2021-11-25,681553,16.37,4,46,11,31,6,3.5,Aarav Varma,Chennai,Tamil Nadu,India,Active,2023,5,182,76.67
EMP01903,Vaibhav,Bobal,Male,39,Single,Sales,Sales Manager,Contract,Hybrid,MBA,14,2020-06-22,878009,13.86,5,74,1,33,20,2.6,Lakshit Ben,Guwahati,West Bengal,India,Active,2018,3,239,86.21
EMP01904,Aradhya,Savant,Male,22,Single,Human Resources,HR Executive,Part-Time,Remote,Master's,0,2017-09-25,454446,23.13,4,67,1,1,16,3.1,Shaan Luthra,Chennai,Maharashtra,India,Active,2021,2,156,78.35
EMP01905,Bhavin,Venkataraman,Female,54,Married,Human Resources,HR Executive,Contract,Remote,Diploma,28,2024-03-31,616419,16.33,3,69,9,5,13,3.5,Dhruv Sastry,Delhi,Telangana,India,Active,2023,2,233,96.81
EMP01906,Adira,Bal,Male,40,Married,Human Resources,HR Manager,Contract,Remote,Diploma,14,2017-06-28,999789,14.09,5,80,2,25,11,2.9,Hiran Bali,Hyderabad,Assam,India,Active,2021,5,188,78.3
EMP01907,Raghav,Gulati,Male,57,Married,Operations,Operations Executive,Contract,Remote,Diploma,35,2019-12-11,566846,15.14,3,13,2,7,14,2.1,Mohanlal Bath,Hyderabad,Delhi,India,Resigned,2023,1,164,82.85
EMP01908,Saira,Kothari,Male,41,Single,Operations,Operations Executive,Part-Time,Onsite,Bachelor's,18,2019-02-09,381700,7.2,3,15,9,31,19,4.0,Hridaan Comar,Chennai,West Bengal,India,Resigned,2023,1,191,84.24
EMP01909,Taran,Varma,Female,33,Single,Customer Support,Customer Support Executive,Full-Time,Remote,Diploma,8,2015-02-09,396027,14.65,5,42,9,16,5,2.9,Neysa Din,Mumbai,Tamil Nadu,India,Active,2020,1,142,88.2
EMP01910,Jayan,Soni,Female,31,Married,Operations,Operations Manager,Full-Time,Onsite,Diploma,9,2018-08-16,1574635,22.8,3,71,11,31,13,4.3,Kiara Saran,Bangalore,Maharashtra,India,Active,2025,5,213,87.37
EMP01911,Shayak,Lad,Male,35,Married,Finance,Accountant,Part-Time,Remote,Diploma,11,2021-03-28,358647,13.57,3,14,1,28,11,4.2,Reyansh Roy,Pune,Tamil Nadu,India,Active,2019,2,143,75.47
EMP01912,Aarna,Sunder,Male,55,Married,IT,Data Analyst,Full-Time,Onsite,Bachelor's,33,2025-10-14,811212,15.4,3,78,8,12,25,2.9,Aniruddh Dua,Bangalore,Tamil Nadu,India,Resigned,2018,3,193,78.92
EMP01913,Lagan,Hayre,Male,57,Single,Customer Support,Team Lead,Contract,Onsite,MBA,34,2017-08-08,931303,24.16,4,65,6,32,3,4.4,Zaina Goswami,Hyderabad,Karnataka,India,Active,2021,3,143,85.89
EMP01914,Romil,Bhardwaj,Male,38,Single,Sales,Business Development Associate,Full-Time,Onsite,Master's,12,2025-06-06,480213,15.51,3,62,3,7,24,4.9,Lakshit Randhawa,Guwahati,Assam,India,Active,2020,4,143,76.45
EMP01915,Gatik,Tailor,Male,49,Married,Sales,Sales Executive,Contract,Hybrid,Master's,25,2015-09-08,325351,7.33,3,66,7,15,17,3.6,Vaibhav Babu,Guwahati,Delhi,India,Active,2018,3,230,92.4
EMP01916,Nirvi,Setty,Male,50,Married,Marketing,Marketing Manager,Full-Time,Remote,MBA,24,2016-01-03,1509539,23.59,4,45,3,21,22,4.8,Nakul Karan,Bangalore,Telangana,India,Active,2021,4,238,79.0
EMP01917,Purab,Trivedi,Female,27,Single,Marketing,SEO Specialist,Contract,Onsite,Master's,3,2025-07-09,661738,6.44,3,14,12,15,13,2.1,Navya Taneja,Mumbai,Maharashtra,India,Resigned,2023,3,141,84.37
EMP01918,Urvi,Subramaniam,Male,55,Single,Marketing,SEO Specialist,Full-Time,Onsite,MBA,31,2018-03-19,490349,20.19,5,36,4,23,6,3.2,Ryan Solanki,Mumbai,Telangana,India,Resigned,2020,4,192,95.46
EMP01919,Arhaan,Saran,Male,56,Single,IT,Software Engineer,Part-Time,Remote,Diploma,31,2016-05-15,1517735,20.1,3,42,5,11,4,3.8,Sumer Bajaj,Bangalore,West Bengal,India,Active,2022,3,178,89.03
EMP01920,Jiya,Ahuja,Female,23,Married,Human Resources,HR Manager,Contract,Onsite,Diploma,1,2016-04-01,1023253,21.64,5,67,9,25,23,2.1,Anya Sarin,Delhi,West Bengal,India,Active,2024,3,181,96.16
EMP01921,Inaaya ,Bhardwaj,Female,52,Married,Finance,Accountant,Part-Time,Onsite,Diploma,26,2018-05-27,487067,19.94,3,42,4,5,22,2.7,Manikya Walia,Pune,West Bengal,India,Active,2025,5,194,77.99
EMP01922,Hazel,Banik,Male,44,Single,Human Resources,HR Manager,Part-Time,Onsite,Bachelor's,21,2025-10-02,1221201,17.6,4,59,6,7,2,3.2,Badal Hayre,Chennai,Telangana,India,Active,2022,4,201,86.74
EMP01923,Lagan,Taneja,Female,34,Single,IT,Software Engineer,Part-Time,Remote,Master's,9,2025-02-08,1123102,5.32,4,62,12,2,6,4.7,Siya Reddy,Delhi,Assam,India,Active,2024,4,202,80.75
EMP01924,Jayant,Verma,Male,33,Single,Marketing,Marketing Manager,Full-Time,Hybrid,Bachelor's,10,2018-07-31,1669908,18.34,2,12,9,0,0,3.4,Heer Mann,Pune,West Bengal,India,Resigned,2019,5,208,84.72
EMP01925,Neysa,Dhar,Female,34,Married,Marketing,SEO Specialist,Full-Time,Hybrid,MBA,9,2018-12-18,679913,6.81,3,35,11,29,6,3.4,Taran Bakshi,Hyderabad,West Bengal,India,Active,2020,4,236,78.49
EMP01926,Hrishita,Dhaliwal,Female,32,Single,IT,Software Engineer,Full-Time,Hybrid,Bachelor's,7,2018-09-18,721986,23.55,4,7,13,6,4,4.6,Ishita Amble,Pune,Delhi,India,Resigned,2019,1,151,75.22
EMP01927,Indranil,Raj,Female,45,Single,Finance,Financial Analyst,Contract,Hybrid,MBA,20,2016-02-28,1165551,13.77,5,22,10,18,2,3.2,Dhanush Walla,Mumbai,Telangana,India,Resigned,2025,5,161,81.22
EMP01928,Urvi,Sahni,Male,56,Single,Operations,Operations Executive,Part-Time,Onsite,Diploma,34,2023-08-23,716621,17.37,4,56,15,5,14,3.7,Riya Sani,Hyderabad,West Bengal,India,Resigned,2024,4,229,80.06
EMP01929,Tiya,Sha,Male,56,Married,Operations,Operations Manager,Full-Time,Onsite,Diploma,35,2019-04-18,1351243,23.46,2,47,1,17,16,2.4,Miraya Ramaswamy,Mumbai,Delhi,India,Active,2018,3,208,80.98
EMP01930,Ojas,Ranganathan,Male,52,Married,IT,Data Engineer,Contract,Onsite,Master's,27,2022-02-17,1277950,22.43,3,5,3,2,12,4.9,Divyansh Bora,Delhi,Tamil Nadu,India,Active,2023,4,229,76.5
EMP01931,Vritika,Agrawal,Male,37,Single,Marketing,Marketing Manager,Full-Time,Hybrid,Master's,13,2021-06-04,1656443,24.09,1,23,3,5,24,3.5,Mahika Kapadia,Delhi,Tamil Nadu,India,Active,2020,4,171,80.6
EMP01932,Indranil,Chaudry,Male,43,Married,Sales,Sales Executive,Part-Time,Remote,Master's,20,2021-10-18,494185,15.04,5,62,1,14,18,3.9,Renee Sha,Delhi,Delhi,India,Active,2018,1,163,95.6
EMP01933,Shamik,Sundaram,Female,48,Married,Operations,Operations Manager,Full-Time,Onsite,MBA,22,2015-08-14,1011646,8.16,5,40,6,37,8,4.3,Dhanush Barman,Hyderabad,Tamil Nadu,India,Resigned,2020,3,142,99.02
EMP01934,Urvi,Lal,Male,26,Single,Customer Support,Team Lead,Contract,Remote,Diploma,3,2020-02-15,868311,12.22,3,78,14,21,21,4.5,Dhruv Sawhney,Mumbai,Maharashtra,India,Active,2019,5,179,91.3
EMP01935,Sana,Chahal,Female,46,Married,IT,Software Engineer,Part-Time,Remote,Diploma,25,2022-02-19,2068398,14.7,3,23,6,1,12,2.6,Hiran Swaminathan,Mumbai,West Bengal,India,Resigned,2025,2,201,94.37
EMP01936,Bhavin,Uppal,Male,57,Married,Sales,Business Development Associate,Contract,Onsite,MBA,35,2017-03-23,459130,9.89,5,69,15,6,12,4.1,Pihu Ramanathan,Bangalore,Telangana,India,Active,2023,4,191,87.56
EMP01937,Jivin,Sarma,Male,44,Single,Marketing,Marketing Analyst,Full-Time,Onsite,MBA,23,2025-03-27,403935,5.07,5,47,11,40,13,3.9,Yakshit Banerjee,Guwahati,Delhi,India,Resigned,2022,4,158,86.24
EMP01938,Ojas,D’Alia,Female,30,Married,Marketing,SEO Specialist,Part-Time,Hybrid,MBA,9,2018-12-08,610749,6.79,3,80,11,18,4,3.6,Mahika Agarwal,Pune,Telangana,India,Resigned,2024,2,235,77.75
EMP01939,Lavanya,Kar,Male,35,Single,Marketing,Marketing Analyst,Full-Time,Hybrid,Master's,14,2023-11-24,653489,24.85,2,69,9,8,16,4.6,Saira Das,Mumbai,Telangana,India,Active,2023,2,145,75.29
EMP01940,Aarush,Thakur,Male,55,Married,Finance,Finance Manager,Full-Time,Remote,Bachelor's,31,2023-06-16,1628770,18.01,4,9,9,28,21,4.8,Parinaaz Garde,Guwahati,Tamil Nadu,India,Active,2024,2,190,85.56
EMP01941,Himmat,Tata,Male,52,Married,Marketing,Marketing Manager,Contract,Hybrid,MBA,28,2020-09-11,1219321,18.0,4,15,8,23,23,2.2,Diya Bedi,Kolkata,West Bengal,India,Active,2022,3,149,92.18
EMP01942,Dhruv,Ravi,Female,36,Single,Operations,Operations Executive,Part-Time,Hybrid,Bachelor's,11,2015-10-31,787842,17.82,3,53,1,8,13,3.3,Anahita Wason,Mumbai,Maharashtra,India,Resigned,2022,3,184,77.58
EMP01943,Bhamini,Ramesh,Female,32,Single,Customer Support,Customer Support Executive,Full-Time,Remote,Diploma,9,2020-08-20,525139,12.03,4,68,13,9,10,3.7,Himmat Dave,Kolkata,Delhi,India,Resigned,2023,5,163,94.48
EMP01944,Samiha,Chowdhury,Female,27,Married,Finance,Finance Manager,Part-Time,Onsite,Bachelor's,4,2020-12-23,1165060,8.8,1,22,9,29,13,3.0,Samar Dora,Chennai,West Bengal,India,Active,2024,4,223,85.56
EMP01945,Dhruv,Kota,Male,49,Single,Finance,Financial Analyst,Contract,Hybrid,Master's,26,2017-06-08,1145958,18.49,4,68,9,37,18,4.2,Shamik Zacharia,Pune,Assam,India,Active,2024,1,148,82.8
EMP01946,Darshit,Sen,Female,45,Single,Sales,Sales Manager,Part-Time,Remote,MBA,21,2016-04-09,1488502,7.7,2,23,5,5,16,3.8,Reyansh Goda,Bangalore,Delhi,India,Resigned,2024,5,229,87.14
EMP01947,Nitya,Kalla,Male,51,Single,Operations,Operations Executive,Part-Time,Hybrid,MBA,27,2018-08-26,775301,22.17,4,26,6,39,8,2.2,Kiaan Banerjee,Pune,Assam,India,Resigned,2021,1,220,78.51
EMP01948,Seher,Golla,Male,30,Single,IT,IT Support,Full-Time,Onsite,Diploma,6,2022-04-28,376874,20.07,4,27,13,10,23,3.4,Rasha Deshmukh,Bangalore,Karnataka,India,Resigned,2018,4,203,94.25
EMP01949,Bhavin,Sodhi,Female,55,Married,Sales,Business Development Associate,Full-Time,Hybrid,Master's,33,2025-06-16,790297,14.22,5,38,10,30,17,3.5,Vihaan Doctor,Delhi,Karnataka,India,Active,2024,3,147,93.1
EMP01950,Arhaan,Madan,Female,58,Single,IT,Data Analyst,Full-Time,Remote,Bachelor's,35,2024-04-14,1076612,17.75,3,42,4,40,20,3.4,Azad Sen,Mumbai,Tamil Nadu,India,Active,2020,5,155,89.14
EMP01951,Tiya,Khare,Male,38,Single,Human Resources,HR Executive,Contract,Onsite,Bachelor's,16,2017-04-11,648154,22.35,5,17,11,26,15,4.2,Taran Bawa,Pune,Assam,India,Resigned,2024,3,197,82.89
EMP01952,Ojas,Majumdar,Female,37,Single,IT,Software Engineer,Part-Time,Hybrid,Bachelor's,12,2024-12-16,2123107,17.73,3,28,14,2,17,2.6,Mamooty Saha,Delhi,Telangana,India,Active,2022,4,240,80.79
EMP01953,Samaira,Deep,Female,23,Single,Operations,Operations Executive,Contract,Hybrid,MBA,0,2016-08-02,692341,18.58,4,20,11,12,3,2.4,Fateh Mand,Hyderabad,Telangana,India,Active,2020,1,163,91.24
EMP01954,Prisha,Zachariah,Male,32,Married,Human Resources,HR Manager,Part-Time,Hybrid,Master's,11,2022-01-28,1399598,14.65,4,33,12,20,23,2.6,Mahika Wali,Mumbai,Maharashtra,India,Resigned,2023,5,179,96.28
EMP01955,Devansh,Venkatesh,Female,38,Single,Marketing,Marketing Analyst,Full-Time,Onsite,Master's,12,2017-01-16,571547,9.54,4,28,8,10,3,4.0,Bhavin Bir,Pune,West Bengal,India,Active,2022,3,193,76.86
EMP01956,Arnav,Kuruvilla,Female,50,Married,Marketing,Marketing Analyst,Full-Time,Hybrid,Bachelor's,28,2016-07-28,742759,7.92,4,51,10,27,12,4.7,Dhanuk Gokhale,Mumbai,Tamil Nadu,India,Resigned,2025,4,185,92.52
EMP01957,Kanav,Sekhon,Female,46,Single,Human Resources,Talent Acquisition Specialist,Contract,Hybrid,Bachelor's,24,2018-11-22,759796,22.51,3,71,15,18,22,2.1,Rati Barad,Guwahati,Karnataka,India,Active,2025,5,198,83.4
EMP01958,Kaira,Rege,Male,26,Married,Customer Support,Customer Support Executive,Full-Time,Onsite,Bachelor's,4,2016-10-21,356352,24.49,5,59,3,32,8,3.0,Pari Shah,Pune,Karnataka,India,Resigned,2020,4,158,88.75
EMP01959,Indrajit,Mani,Male,54,Married,Customer Support,Customer Support Executive,Part-Time,Remote,MBA,33,2022-05-15,542124,22.68,4,40,15,30,2,4.0,Saksham Bahri,Delhi,Delhi,India,Active,2024,2,238,78.63
EMP01960,Aayush,Iyer,Female,32,Married,IT,Data Analyst,Full-Time,Remote,Master's,8,2025-01-27,955069,14.62,3,31,10,22,2,3.9,Khushi Uppal,Delhi,Karnataka,India,Active,2021,5,196,91.85
EMP01961,Zain,Kurian,Male,36,Single,Customer Support,Customer Support Executive,Contract,Remote,MBA,15,2018-11-05,533037,19.44,4,67,15,33,17,3.8,Gatik Sem,Kolkata,West Bengal,India,Active,2022,2,197,81.69
EMP01962,Riaan,Kar,Male,47,Single,Sales,Sales Manager,Contract,Remote,MBA,23,2022-03-26,978507,18.06,3,26,10,19,14,3.4,Aniruddh Seshadri,Hyderabad,West Bengal,India,Resigned,2021,2,200,78.0
EMP01963,Pari,Agarwal,Female,34,Married,Operations,Operations Executive,Part-Time,Remote,MBA,13,2021-09-26,770613,11.29,3,75,3,13,10,2.9,Ranbir Upadhyay,Guwahati,Delhi,India,Resigned,2022,4,184,93.99
EMP01964,Ira,Dugal,Female,30,Married,Customer Support,Team Lead,Contract,Hybrid,MBA,6,2022-01-24,504363,6.89,5,15,2,26,0,3.0,Farhan Krishnamurthy,Mumbai,Delhi,India,Resigned,2023,3,210,77.57
EMP01965,Biju,Tak,Male,25,Married,Customer Support,Customer Support Executive,Contract,Remote,Master's,3,2022-07-22,393330,13.44,1,59,15,34,1,4.1,Abram Comar,Delhi,Maharashtra,India,Resigned,2025,2,148,89.41
EMP01966,Vritika,Chaudhary,Male,22,Single,Customer Support,Team Lead,Full-Time,Remote,MBA,0,2017-03-21,510692,23.77,3,15,9,13,10,4.8,Nakul Mandal,Hyderabad,Maharashtra,India,Active,2025,5,214,75.3
EMP01967,Miraya,Bhatt,Male,33,Single,Human Resources,Talent Acquisition Specialist,Contract,Remote,Master's,8,2018-08-23,517902,13.0,1,47,13,19,6,2.2,Nehmat Chokshi,Bangalore,Delhi,India,Resigned,2024,5,141,97.27
EMP01968,Saanvi,Vala,Female,38,Single,Customer Support,Team Lead,Contract,Remote,MBA,16,2025-08-18,755862,18.56,3,31,9,24,15,3.4,Aarush Hayer,Chennai,Delhi,India,Resigned,2018,1,226,76.84
EMP01969,Aarna,Mahajan,Female,34,Single,Customer Support,Customer Support Executive,Part-Time,Remote,MBA,11,2017-03-26,309063,22.75,5,41,13,30,17,2.7,Anahi Kamdar,Kolkata,Karnataka,India,Active,2024,1,161,86.01
EMP01970,Jayesh,Gala,Female,30,Married,Finance,Financial Analyst,Part-Time,Hybrid,MBA,9,2025-05-15,636943,17.63,4,38,3,0,24,2.8,Jhanvi Walla,Hyderabad,Tamil Nadu,India,Active,2025,1,166,96.91
EMP01971,Jhanvi,Brar,Male,31,Single,Human Resources,HR Executive,Full-Time,Remote,Master's,7,2016-10-21,644024,18.65,3,47,15,18,23,3.7,Mishti Raj,Guwahati,Telangana,India,Active,2018,2,143,94.24
EMP01972,Reyansh,Ratti,Male,23,Married,Sales,Sales Executive,Contract,Hybrid,Master's,0,2015-07-25,387877,23.88,5,5,8,19,7,3.2,Abram Brahmbhatt,Mumbai,Maharashtra,India,Resigned,2024,2,238,90.86
EMP01973,Biju,Bains,Male,37,Single,Sales,Sales Executive,Contract,Onsite,Diploma,16,2020-02-19,392983,18.98,3,43,5,4,25,2.9,Lakshit Mani,Hyderabad,Delhi,India,Active,2025,1,205,98.18
EMP01974,Manjari,Rattan,Female,40,Married,Sales,Sales Executive,Contract,Remote,MBA,16,2021-01-03,831055,12.04,3,16,14,3,1,4.6,Pari Khatri,Chennai,Tamil Nadu,India,Resigned,2018,2,157,98.28
EMP01975,Anahi,Chauhan,Male,37,Single,IT,IT Support,Part-Time,Onsite,Diploma,12,2015-03-03,623847,9.08,4,59,9,26,18,4.1,Aaryahi Apte,Pune,Assam,India,Active,2020,3,227,82.18
EMP01976,Mohanlal,Chahal,Male,49,Married,Customer Support,Customer Support Executive,Contract,Onsite,MBA,25,2025-09-22,397089,23.48,4,28,15,18,14,4.8,Lakshay Chaudhry,Pune,Maharashtra,India,Resigned,2021,3,168,85.04
EMP01977,Nishith,Sant,Male,40,Single,Marketing,Marketing Manager,Part-Time,Hybrid,Bachelor's,19,2020-08-11,1616817,22.82,5,62,12,3,0,2.4,Rasha Bhatia,Kolkata,Delhi,India,Resigned,2024,5,219,95.16
EMP01978,Saksham,Cherian,Male,56,Single,IT,Data Analyst,Part-Time,Onsite,Master's,34,2015-09-11,577283,19.84,4,15,7,26,1,3.9,Raunak Bahl,Bangalore,Telangana,India,Active,2024,4,196,87.93
EMP01979,Gokul,Roy,Female,48,Single,Finance,Financial Analyst,Part-Time,Onsite,Bachelor's,23,2023-12-15,976180,15.6,5,15,8,37,23,3.3,Seher Sood,Pune,Delhi,India,Active,2025,5,198,81.54
EMP01980,Lakshay,Choudhry,Male,48,Single,Marketing,Marketing Analyst,Part-Time,Hybrid,MBA,22,2022-12-12,618591,19.2,5,27,12,8,1,3.2,Dhanuk Kapadia,Chennai,Maharashtra,India,Active,2020,3,183,90.0
EMP01981,Alia,Saxena,Male,30,Married,Operations,Operations Executive,Contract,Onsite,Master's,9,2023-02-19,735835,24.56,5,49,9,19,6,3.0,Chirag Basu,Mumbai,Delhi,India,Resigned,2019,3,215,82.58
EMP01982,Rohan,Chopra,Male,56,Married,IT,Software Engineer,Contract,Remote,Master's,31,2023-01-20,1579353,20.62,2,55,5,30,12,2.4,Ryan Anne,Bangalore,Delhi,India,Active,2022,1,198,98.79
EMP01983,Alisha,Kaur,Male,31,Single,Marketing,Marketing Manager,Part-Time,Remote,MBA,8,2025-11-03,1312539,8.93,1,73,14,30,5,2.3,Adira Kadakia,Bangalore,Maharashtra,India,Active,2025,1,200,99.61
EMP01984,Shalv,Issac,Female,33,Single,Customer Support,Team Lead,Part-Time,Onsite,Diploma,11,2023-02-01,898131,21.4,1,58,7,24,18,3.8,Rohan Wali,Delhi,Tamil Nadu,India,Resigned,2019,1,228,80.04
EMP01985,Raunak,Salvi,Female,44,Married,Operations,Operations Manager,Contract,Onsite,Bachelor's,23,2017-08-14,1124608,5.36,4,77,10,13,25,2.1,Jivika Suri,Kolkata,Delhi,India,Resigned,2019,4,149,99.32
EMP01986,Advika,Kar,Female,32,Married,Sales,Business Development Associate,Full-Time,Onsite,Diploma,11,2015-01-07,663272,9.3,3,7,12,24,18,5.0,Neysa Sankaran,Chennai,Maharashtra,India,Resigned,2019,4,179,81.64
EMP01987,Zoya,Rajagopalan,Female,55,Single,Sales,Sales Executive,Contract,Onsite,Bachelor's,34,2017-09-24,557318,23.27,4,77,10,31,15,2.0,Tarini Sethi,Kolkata,Maharashtra,India,Active,2023,5,220,93.44
EMP01988,Madhav,Dar,Female,51,Single,Customer Support,Team Lead,Full-Time,Onsite,Diploma,30,2015-04-25,576670,16.1,2,18,3,3,19,4.6,Jayesh Bahl,Chennai,West Bengal,India,Active,2021,4,172,97.6
EMP01989,Sara,Saran,Male,48,Married,IT,Data Analyst,Contract,Remote,MBA,24,2022-01-19,719731,5.56,3,22,11,20,10,2.2,Yashvi Hari,Guwahati,Delhi,India,Active,2024,5,191,84.0
EMP01990,Aradhya,Hayre,Female,47,Married,Customer Support,Team Lead,Part-Time,Hybrid,Master's,23,2020-07-25,980354,13.01,3,47,7,25,22,4.6,Eva Sane,Mumbai,West Bengal,India,Active,2025,3,141,75.06
EMP01991,Dhanuk,Chana,Male,41,Married,IT,Data Analyst,Part-Time,Hybrid,Bachelor's,18,2024-02-08,506634,10.51,3,76,9,19,22,4.7,Umang Taneja,Delhi,Telangana,India,Resigned,2022,2,197,84.75
EMP01992,Urvi,Issac,Male,34,Married,Human Resources,Talent Acquisition Specialist,Contract,Onsite,Bachelor's,9,2023-05-08,650503,6.38,4,46,13,3,8,4.8,Zoya Saraf,Hyderabad,Telangana,India,Active,2022,2,231,79.66
EMP01993,Amani,Sharaf,Male,45,Single,Customer Support,Team Lead,Part-Time,Remote,Diploma,23,2024-12-23,574648,16.05,5,69,12,14,23,3.0,Uthkarsh Bail,Delhi,Telangana,India,Active,2018,4,168,83.4
EMP01994,Aaryahi,Srinivasan,Female,33,Married,Human Resources,HR Executive,Full-Time,Onsite,Diploma,8,2017-04-08,534643,5.15,3,33,15,23,10,3.1,Vivaan Bhakta,Mumbai,Delhi,India,Resigned,2020,3,215,90.29
EMP01995,Farhan,Roy,Male,37,Single,Sales,Business Development Associate,Full-Time,Hybrid,Master's,13,2025-10-11,665661,14.43,3,29,13,32,19,3.5,Raghav Zachariah,Kolkata,West Bengal,India,Resigned,2019,1,208,82.52
EMP01996,Charvi,Garg,Male,23,Married,IT,IT Support,Full-Time,Onsite,MBA,2,2020-12-26,570482,11.03,1,25,4,12,3,4.6,Amira Gole,Hyderabad,Telangana,India,Active,2021,3,239,94.83
EMP01997,Samiha,Das,Female,39,Married,Customer Support,Customer Support Executive,Part-Time,Hybrid,Bachelor's,13,2019-09-07,515168,16.28,4,13,3,4,0,4.3,Azad Sharma,Kolkata,Delhi,India,Active,2018,4,148,83.82
EMP01998,Raunak,Singh,Male,23,Married,Operations,Operations Manager,Contract,Hybrid,Bachelor's,0,2024-08-22,1702871,24.56,5,68,2,20,1,4.8,Indrans Bhandari,Kolkata,Assam,India,Active,2024,1,229,82.71
EMP01999,Drishya,Brahmbhatt,Female,51,Single,Sales,Sales Manager,Full-Time,Hybrid,Master's,25,2015-03-15,1473617,18.67,4,70,15,10,4,4.1,Jayant Barad,Chennai,Karnataka,India,Active,2024,5,192,77.06
EMP02000,Kabir,Kashyap,Female,38,Married,Marketing,Marketing Analyst,Part-Time,Hybrid,MBA,17,2017-09-25,463881,23.36,2,77,15,38,22,2.1,Mohanlal Bhatti,Bangalore,Maharashtra,India,Resigned,2020,4,218,83.36
